受理单位,最新公告日期,记录数,合并的其他写法
南京市生态环境局,2026-09-14,1867,
南京江北新区管委会,2026-09-08,1190,南京江北新区行政审批局 / 南京市江北新区管理委员会行政审批局 / 南京江北新区管理委员会(南京高新技术产业开发区管理委员会、中国(江苏)自由贸易试验区南京片区管理委员会) / 南京市江北新区行政审批局 / 江北新区管理委员会行政审批局 / 江北新区行政审批局
南京市江宁生态环境局,2026-08-03,657,
南京市溧水生态环境局,2026-09-08,463,
南京市高淳生态环境局,2025-10-21,403,南京市高淳区环境保护局
江苏省生态环境厅,2026-08-12,390,
江宁开发区政务服务中心,2026-09-10,329,南京江宁经济技术开发区管理委员会 / 江宁开发区行政审批局 / 南京江宁经济技术开发区管理委员会行政审批局 / 南京江宁开发区行政审批局
南京市六合生态环境局,2026-08-20,310,南京市六合区环境保护局
南京市栖霞生态环境局,2025-08-29,309,南京市栖霞区环境保护局
南京经济技术开发区管委会,2026-09-10,297,南京开发区行政审批局 / 南京经济技术开发区管理委员会行政审批局 / 南京经开区行政审批局
南京市浦口生态环境局,2025-08-01,249,南京市浦口区环境保护局
南京市雨花台生态环境局,2026-07-29,171,南京市雨花台区环境保护局
南京市秦淮生态环境局,2026-07-30,115,南京市秦淮区环境保护局
南京市玄武生态环境局,2026-05-25,55,南京市玄武区环境保护局
南京市鼓楼生态环境局,2026-07-15,47,鼓楼生态环境局
中华人民共和国生态环境部,2023-08-10,16,
南京市建邺生态环境局,2026-04-20,15,南京市建邺区环境保护局
南京市江宁区交通运输局,2022-11-16,2,
南京市江宁区行政审批局,2023-09-13,1,
南京市雨花台区水务局,2024-06-03,1,
