城市,清洗归属（开发区/园区等）,单位,职能,记录数
—,国家,中华人民共和国生态环境部,生态环境,155
亳州市,本级高新区,亳州高新技术产业开发区生态环境分局,生态环境,263
亳州市,本级高新区,亳州高新区生态环境分局,生态环境,9
亳州市,涡阳开发区,安徽涡阳经济开发区管理委员会,开发区管委会,1
亳州市,谯城高新区,高新区生态环境分局,生态环境,21
亳州市,高新技术开发区,亳州高新技术开发区生态环境分局,生态环境,1
六安市,本级开发区,六安经济技术开发区生态环境分局,生态环境,32
六安市,本级开发区,六安经济技术开发区管理委员会政务服务管理局,行政审批,2
合肥市,双凤开发区,合肥市双凤开发区管委会环保局,生态环境,213
合肥市,居巢开发区,安徽居巢经济开发区管理委员会,开发区管委会,3
合肥市,巢湖开发区,合肥市安徽巢湖经开区生态环境分局,生态环境,76
合肥市,巢湖开发区,合肥市安徽巢湖经济开发区生态环境分局,生态环境,16
合肥市,巢湖开发区,合肥市安徽巢湖经济开发区生态环保分局,生态环境,5
合肥市,庐江开发区,安徽庐江经济开发区管理委员会,开发区管委会,1
合肥市,本级开发区,合肥经济技术开发区管理委员会,开发区管委会,18
合肥市,本级开发区,合肥市经济技术开发区生态环境分局,生态环境,12
合肥市,本级开发区,合肥市生态环境局经济开发区分局,生态环境,4
合肥市,本级高新区,合肥市新站高新技术产业开发区生态环境分局,生态环境,291
合肥市,本级高新区,合肥市高新技术产业开发区生态环境分局,生态环境,48
合肥市,本级高新区,新站高新区生态环境分局,生态环境,8
合肥市,本级高新区,新站高新区政务服务中心,行政审批,6
合肥市,本级高新区,合肥市高新区生态环境局,生态环境,2
合肥市,现代园区,阜阳合肥现代产业园区管理委员会,开发区管委会,1
合肥市,蜀山高新区,高新区环保分局,生态环境,4
合肥市,蜀山高新区,高新区生态环境分局,生态环境,3
合肥市,蜀山高新区,高新区生态环境局,生态环境,2
合肥市,长丰开发区,开发区管委会环保局,生态环境,2
安庆市,本级开发区,安庆经开区行政审批局,行政审批,93
安庆市,本级开发区,桐城市生态环境局经开区环保分局,生态环境,7
安庆市,本级高新区,安庆高新区环境保护局,生态环境,16
安庆市,桐城开发区,经开区环保分局,生态环境,13
宣城市,宁国开发区,开发区环保分局,生态环境,3
宣城市,广德开发区,安徽省广德县经济开发区环保局分局,生态环境,38
宣城市,广德开发区,广德县开发区环保分局,生态环境,1
宣城市,本级开发区,宣城市生态环境局经开区分局,生态环境,26
宿州市,宿马现代园区,宿州市生态环境局宿马现代产业园区分局,生态环境,6
宿州市,本级开发区,宿州市生态环境局经济技术开发区分局,生态环境,36
宿州市,本级高新区,宿州市环境保护局高新区分局,生态环境,12
池州市,本级开发区,池州经济技术开发区生态环境局,生态环境,1
池州市,直属园区,池州市生态环境局直属园区分局,生态环境,71
池州市,贵池开发区,经开区生态环境局,生态环境,9
淮北市,本级开发区,淮北市环境保护局经济开发区分局,生态环境,9
淮北市,本级开发区,市经济开发区环保分局,生态环境,1
淮北市,本级高新区,淮北高新技术产业开发区生态环境分局,生态环境,121
淮北市,濉溪开发区,濉溪县经济技术开发区管理委员会,开发区管委会,1
淮南市,南开发区,南经济技术开发区生态环境分局,生态环境,1
淮南市,技术开发区,技术开发区生态环境分局,生态环境,1
淮南市,本级开发区,淮南经济技术开发区生态环境分局,生态环境,63
淮南市,本级开发区,淮南市环保局经济开发区分局,生态环境,31
淮南市,本级开发区,淮南市经开区环保分局,生态环境,9
淮南市,本级高新区,高新区环保局,生态环境,8
淮南市,毛集实验区,毛集实验区环保局,生态环境,26
淮南市,潘集开发区,安徽淮南潘集经济开发区（安徽淮南现代煤化工产业园）管理委员会,开发区管委会,2
淮南市,田家庵高新区,高新区生态环境局,生态环境,23
滁州市,中新苏滁高新区,中新苏滁高新技术产业开发区建设房产环保局,生态环境,50
滁州市,中新苏滁高新区,中新苏滁高新技术产业开发区管理委员会,开发区管委会,3
滁州市,中新苏滁高新区,中新苏滁高新区一站式服务中心,行政审批,2
滁州市,兰州高新区,兰州高新区环保局,生态环境,1
滁州市,本级高新区,滁州高新技术产业开发区管理委员会,开发区管委会,1
滁州市,苏滁现代园区,滁州市苏滁现代产业园建设房产环保局,生态环境,36
芜湖市,新芜开发区,安徽新芜经济开发区管理委员会,开发区管委会,4
芜湖市,航空园区,芜湖航空产业园管委会,开发区管委会,1
蚌埠市,本级开发区,蚌埠市经济开发区生态环境分局,生态环境,31
蚌埠市,本级开发区,蚌埠经济开发区建设和环保局,生态环境,11
蚌埠市,本级开发区,蚌埠市经济技术开发区生态环境分局,生态环境,1
蚌埠市,本级高新区,蚌埠高新技术产业开发区管理委员会改革创新局,行政审批,102
蚌埠市,本级高新区,蚌埠市高新区生态环境分局,生态环境,67
蚌埠市,本级高新区,蚌埠市燕山路管委会高新区生态环境分局,生态环境,23
蚌埠市,本级高新区,蚌埠高新区(安徽自贸试验区蚌埠片区)改革创新局,行政审批,6
蚌埠市,禹会高新区,高新区生态环境分局,生态环境,7
蚌埠市,龙子湖开发区,经开区生态环境分局,生态环境,12
铜陵市,义安开发区,开发区安环局,生态环境,77
铜陵市,义安开发区,安徽铜陵义安经济开发区管理委员会,开发区管委会,4
铜陵市,义安开发区,义安经开区管委会应急与生态环境局,生态环境,1
铜陵市,本级开发区,经开区安环局,生态环境,28
铜陵市,本级开发区,铜陵经开区安全生产与生态环境局,生态环境,5
铜陵市,本级开发区,铜陵经济技术开发区安全生产和环境保护监督管理局,生态环境,1
铜陵市,本级开发区,铜陵经济技术开发区管理委员会,开发区管委会,1
铜陵市,枞阳开发区,安徽枞阳经开区管理委员会,开发区管委会,12
铜陵市,枞阳开发区,枞阳经济开发区建设和生态环境局,生态环境,3
铜陵市,狮子山高新区,铜陵狮子山高新技术产业开发区管理委员会(已注销),开发区管委会,19
铜陵市,狮子山高新区,狮子山高新区应急与生态环境局,生态环境,1
阜阳市,临泉开发区,安徽临泉经济开发区管理委员会,开发区管委会,2
阜阳市,本级开发区,安徽阜阳经济开发区管理委员会,开发区管委会,37
阜阳市,本级开发区,阜阳市生态环境局(阜阳经济开发区生态环境所),生态环境,17
阜阳市,阜合园区,阜合园区管委会,开发区管委会,1
马鞍山市,和开发区,安徽和县经济开发区管理委员会,开发区管委会,1
马鞍山市,慈湖高新区,慈湖高新区生态环境分局,生态环境,31
马鞍山市,慈湖高新区,慈湖高新区环保局,生态环境,9
马鞍山市,本级开发区,马鞍山经济技术开发区生态环境分局,生态环境,9
马鞍山市,本级开发区,马鞍山市经开区生态环境分局,生态环境,1
马鞍山市,郑蒲港新区,郑蒲港新区生态环境局,生态环境,31
马鞍山市,郑蒲港新区,郑蒲港新区安环局,生态环境,7
马鞍山市,郑蒲港新区,马鞍山郑蒲港新区现代产业园区,开发区管委会,7
马鞍山市,郑蒲港新区,马鞍山郑蒲港新区管委会,开发区管委会,5
马鞍山市,雨山开发区,经开区生态环境分局,生态环境,72
