unit_uid,org_id,entity_id,name_canonical,name_from_source,name_variants,badges,name_status,admin_level,prov_code,city_code,admin_code,admin_name,admin_short,zone_id,zone_name,zone_short,zone_level,zone_admin_code,admin_relation,relation_evidence,relation_confirmed,parent_admin_code,group_id,co_occurrence_top,role,function_key,entry_id,entry_category,entry_url,entry_path,filter_rule,verify_status,verify_date,record_count,raw_matched,first_notice_date,last_notice_date,county_field_dist,crawl_note
JS0001,JS0001,JS0001,,江苏省生态环境厅,江苏省生态环境厅核管局 / 江苏省生态环境厅环评处,,在用,省级,320000,,,江苏省,江苏,,,,,,本级政府部门,,是,,,江苏省生态环境厅核管局:340 / 淮安市生态环境局:38 / 南京市生态环境局:16,生态环境,—|省级|生态环境,3200-E054,,https://sthjt.jiangsu.gov.cn/col/col83551/index.html,首页 > 政务公开 > 行政审批（col83551）；辐射类另见 col83571,,未核实,2026-09-16,3670,0,,2026-09-15,,
JS0002,JS0002,JS0002,,中华人民共和国生态环境部,生态环境部辐射源安全监管司 / 生态环境部,,在用,国家,320000,,,,,,,,,,本级政府部门,,是,,,日喀则市环境保护局:31 / 环境保护部:8 / 江苏省生态环境厅:7,生态环境,—|国家|生态环境,3200-E053,,https://www.mee.gov.cn/ywgz/hjyxpj/jsxmhjyxpj/xmslqk/,首页 > 业务工作 > 环境影响评价 > 建设项目环境影响评价 > 项目受理情况 / 已批准项目公告,,已核实,2026-09-16,185,0,,2026-08-21,,
JS0003,JS0003,JS0003,,江苏省行政审批局,,,在用,省级,320000,,,江苏省,江苏,,,,,,本级政府部门,,是,,,南通市生态环境局:1 / 泰州市环境保护局江阴—靖江工业园区分局:1,行政审批,—|省级|行政审批,,,,,,无独立环评栏目,2026-09-16,3,0,,2023-07-03,,
JS0004,JS0004,JS0004,,江苏省发展和改革委员会,,,在用,省级,320000,,,江苏省,江苏,,,,,,本级政府部门,,是,,,,其他部门,—|省级|发展和改革委员会,,,,江苏省发展改革委门户 > 部门信息,,无独立环评栏目,2026-09-16,1,0,,2024-07-11,,
JS0017,JS0017,JS0017,,南京市玄武生态环境局,南京市玄武区环境保护局,,在用,区县,320000,320100,320102,玄武区,玄武,,,,,,本级政府部门,,是,,,南京市生态环境局:20,生态环境,南京市|玄武|生态环境,3200-E064,,https://sthjj.nanjing.gov.cn/ztzl/xzxkhxzzfxxgs/pcjxxgk/xw/xmhpslqk_68824/,首页 > 行政许可和行政执法信息公示 > 玄武 > 环境影响评价（受理/审查/审批三个子栏目）,,已核实,2026-09-16,55,55,2019-05-21,2026-05-25,玄武:49 / (空):6,
JS0016,JS0016,JS0016,,南京市秦淮生态环境局,南京市秦淮区环境保护局,,在用,区县,320000,320100,320104,秦淮区,秦淮,,,,,,本级政府部门,,是,,,南京市生态环境局:31 / 南京市秦淮区环境保护局:16 / 南京市水务局:7,生态环境,南京市|秦淮|生态环境,3200-E063,,https://sthjj.nanjing.gov.cn/ztzl/xzxkhxzzfxxgs/pcjxxgk/qh/xmhpslqk_68830/,首页 > 行政许可和行政执法信息公示 > 秦淮 > 环境影响评价（受理/审查/审批三个子栏目）,,已核实,2026-09-16,115,115,2019-06-24,2026-07-30,秦淮:109 / (空):6,
JS0019,JS0019,JS0019,,南京市建邺生态环境局,南京市建邺区环境保护局,,在用,区县,320000,320100,320105,建邺区,建邺,,,,,,本级政府部门,,是,,,南京市生态环境局:5 / 南京市建邺区环境保护局:1 / 南京市建邺生态生环境局:1,生态环境,南京市|建邺|生态环境,3200-E066,,https://sthjj.nanjing.gov.cn/ztzl/xzxkhxzzfxxgs/pcjxxgk/jy/xmhpslqk_68836/,首页 > 行政许可和行政执法信息公示 > 建邺 > 环境影响评价（受理/审查/审批三个子栏目）,,已核实,2026-09-16,15,15,2020-05-08,2026-04-20,建邺:15,
JS0018,JS0018,JS0018,,南京市鼓楼生态环境局,鼓楼生态环境局,,在用,区县,320000,320100,320106,鼓楼区,鼓楼,,,,,,本级政府部门,,是,,,鼓楼生态环境局:1,生态环境,南京市|鼓楼|生态环境,3200-E065,,https://sthjj.nanjing.gov.cn/ztzl/xzxkhxzzfxxgs/pcjxxgk/gl/xmhpslqk_68842/,首页 > 行政许可和行政执法信息公示 > 鼓楼 > 环境影响评价（受理/审查/审批三个子栏目）,,已核实,2026-09-16,48,47,2019-06-21,2026-07-15,鼓楼:38 / (空):9,
JS0014,JS0014,JS0014,,南京市浦口生态环境局,南京市浦口区环境保护局,,在用,区县,320000,320100,320111,浦口区,浦口,,,,,,本级政府部门,,是,,,南京市生态环境局:94 / 南京市浦口生态环境局环评科:2 / 南京市浦口区教育局:1,生态环境,南京市|浦口|生态环境,3200-E067,,https://sthjj.nanjing.gov.cn/ztzl/xzxkhxzzfxxgs/xzxkhzfxxhz/xmhpslqk_68811/,首页 > 行政许可和行政执法信息公示 > 汇总栏目（全市各区合并，标题以“（浦口）”区分）,,已核实,2026-09-16,249,249,2019-01-25,2025-08-01,浦口:247 / (空):2,2026-09-24 实爬：该入口抓到 423 条受理公告明细
JS0012,JS0012,JS0012,,南京市栖霞生态环境局,南京市栖霞区环境保护局,,在用,区县,320000,320100,320113,栖霞区,栖霞,,,,,,本级政府部门,,是,,,南京市生态环境局:169 / 南京市栖霞区环境保护局:4 / 南京市栖霞生态环境局环评科:2,生态环境,南京市|栖霞|生态环境,3200-E061,,https://sthjj.nanjing.gov.cn/ztzl/xzxkhxzzfxxgs/pcjxxgk/qx/xmhpslqk_68848/,首页 > 行政许可和行政执法信息公示 > 栖霞 > 环境影响评价（受理/审查/审批三个子栏目）,,已核实,2026-09-16,310,309,2018-01-16,2025-08-29,栖霞:294 / (空):15,
JS0015,JS0015,JS0015,,南京市雨花台生态环境局,南京市雨花台区环境保护局,,在用,区县,320000,320100,320114,雨花台区,雨花台,,,,,,本级政府部门,,是,,,南京市生态环境局:50 / 南京市雨花台区水务局:6 / 南京市雨花台区环境保护局:4,生态环境,南京市|雨花台|生态环境,3200-E062,,https://sthjj.nanjing.gov.cn/ztzl/xzxkhxzzfxxgs/pcjxxgk/yht/xmhpslqk_68854/,首页 > 行政许可和行政执法信息公示 > 雨花台 > 环境影响评价（受理/审查/审批三个子栏目）,,已核实,2026-09-16,171,171,2018-12-18,2026-07-29,雨花台:166 / (空):5,
JS0022,JS0022,JS0022,,南京市雨花台区水务局,,,在用,区县,320000,320100,320114,雨花台区,雨花台,,,,,,本级政府部门,,是,,,南京市生态环境局:1 / 南京市雨花台生态环境局:1,其他部门,南京市|雨花台|水务局,,,,首页 > 部门信息 > 区水务局,,无独立环评栏目,2026-09-16,1,1,2024-06-03,2024-06-03,雨花台:1,
JS0007,JS0007,JS0007,,南京市江宁生态环境局,,,在用,区县,320000,320100,320115,江宁区,江宁,,,,,,本级政府部门,,是,,,南京市生态环境局:299 / 我局(江宁):14 / 南京市江宁生态环境局环评科:10,生态环境,南京市|江宁|生态环境,3200-E057,,https://sthjj.nanjing.gov.cn/ztzl/xzxkhxzzfxxgs/pcjxxgk/jn/xmhpslqk_68860/,首页 > 行政许可和行政执法信息公示 > 江宁 > 环境影响评价（受理/审查/审批三个子栏目）,,已核实,2026-09-16,657,657,2020-03-30,2026-08-03,江宁:631 / (空):24 / 栖霞:1 / 玄武:1,
JS0020,JS0020,JS0020,,南京市江宁区交通运输局,,,在用,区县,320000,320100,320115,江宁区,江宁,,,,,,本级政府部门,,是,,,南京市江宁生态环境局:2 / 南京市生态环境局:2,其他部门,南京市|江宁|交通运输局,,,,首页 > 部门信息 > 区交通运输局,,无独立环评栏目,2026-09-16,2,2,2022-11-16,2022-11-16,江宁:2,
JS0021,JS0021,JS0021,,南京市江宁区行政审批局,,,在用,区县,320000,320100,320115,江宁区,江宁,,,,,,本级政府部门,,是,,,江宁开发区行政审批局:1,行政审批,南京市|江宁|行政审批,,,,首页 > 部门信息 > 区行政审批局,,未核实,2026-09-16,1,1,2023-09-13,2023-09-13,江宁:1,
JS0011,JS0011,JS0011,,南京市六合生态环境局,南京市六合区环境保护局,,在用,区县,320000,320100,320116,六合区,六合,,,,,,本级政府部门,,是,,,南京市生态环境局:85 / 南京市六合区环境保护局:2 / 南京市六合生态环境局行政审批服务科:1,生态环境,南京市|六合|生态环境,3200-E060,,https://sthjj.nanjing.gov.cn/ztzl/xzxkhxzzfxxgs/pcjxxgk/lh/xmhpslqk_68872/,首页 > 行政许可和行政执法信息公示 > 六合 > 环境影响评价（受理/审查/审批三个子栏目）,,已核实,2026-09-16,311,310,2018-12-27,2026-08-20,六合:215 / (空):95,
JS0008,JS0008,JS0008,,南京市溧水生态环境局,,,在用,区县,320000,320100,320117,溧水区,溧水,,,,,,本级政府部门,,是,,,南京市生态环境局:245 / 溧水区市民中心生态环境局:95 / 我局(溧水):9,生态环境,南京市|溧水|生态环境,3200-E058,,https://sthjj.nanjing.gov.cn/ztzl/xzxkhxzzfxxgs/pcjxxgk/ls/xmhpslqk_68878/,首页 > 行政许可和行政执法信息公示 > 溧水 > 环境影响评价（受理/审查/审批三个子栏目）,,已核实,2026-09-16,463,463,2019-09-11,2026-09-08,溧水:330 / (空):133,
JS0009,JS0009,JS0009,,南京市高淳生态环境局,南京市高淳区环境保护局,,在用,区县,320000,320100,320118,高淳区,高淳,,,,,,本级政府部门,,是,,,南京市生态环境局:172 / 南京市行政审批局:1 / 南京市高淳区交通运输局:1,生态环境,南京市|高淳|生态环境,3200-E059,,https://sthjj.nanjing.gov.cn/ztzl/xzxkhxzzfxxgs/pcjxxgk/gc/xmhpslqk_68884/,首页 > 行政许可和行政执法信息公示 > 高淳 > 环境影响评价（受理/审查/审批三个子栏目）,,已核实,2026-09-16,403,403,2018-03-01,2025-10-21,高淳:397 / (空):6,
JS0005,JS0005,JS0005,,南京市生态环境局,,,在用,市本级,320000,320100,,南京市,南京,,,,,,本级政府部门,,是,,,南京市江宁生态环境局:179 / 南京市溧水生态环境局:40 / 南京江宁经济技术开发区管理委员会:31,生态环境,南京市|市本级|生态环境,3200-E056,,https://sthjj.nanjing.gov.cn/ztzl/xzxkhxzzfxxgs/sjxzxkhzfxx/xmhpslqk_68817/,首页 > 行政许可和行政执法信息公示 > 市级信息 > 项目环评受理信息 / 项目环评审查信息 / 项目环评审批信息,,已核实,2026-09-16,1870,1867,2016-07-04,2026-09-14,江宁:597 / (空):339 / 六合:179 / 栖霞:139,
JS0006,JS0006,JS0006,,南京江北新区管委会,南京江北新区行政审批局 / 南京市江北新区管理委员会行政审批局 / 南京江北新区管理委员会(南京高新技术产业开发区管理委员会、中国(江苏)自由贸易试验区南京片区管理委员会) / 南京市江北新区行政审批局 / 江北新区管理委员会行政审批局 / 江北新区行政审批局,,在用,开发区/园区,320000,320100,,,,320100-Z01,江北新区,,,,合署,站点title：南京江北新区管理委员会 南京市浦口区人民政府（2026-09-23核实）,否,320100,,南京市生态环境局:1,开发区管委会,南京市|江北新区|行政审批,3200-E068,,https://njna.nanjing.gov.cn/njsjbxqglwyh/,首页 > 南京江北新区管理委员会 > 公示公告栏目（njsjbxqglwyh）,,未核实,2026-09-17,1190,1190,2019-01-14,2026-09-08,(空):1024 / 浦口:131 / 六合:34 / 溧水:1,
JS0010,JS0010,JS0010,,江宁开发区政务服务中心,南京江宁经济技术开发区管理委员会 / 江宁开发区行政审批局 / 南京江宁经济技术开发区管理委员会行政审批局 / 南京江宁开发区行政审批局,,在用,开发区/园区,320000,320100,,,,320100-Z02,江宁开发区,,,,下属部门,公示发布在江宁区政府门户,否,,,南京江宁经济技术开发区管理委员会:7 / 南京市生态环境局:2 / 南京江宁经济技术开发区管理委员会行政审批局:1,行政审批,南京市|江宁开发区|行政审批,3200-E069,,https://www.jiangning.gov.cn/,首页 > 站内搜索“江宁开发区政务服务中心 环评”（未找到独立专栏页）,,未核实,2026-09-16,329,329,2020-01-09,2026-09-10,江宁:328 / (空):1,
JS0013,JS0013,JS0013,,南京经济技术开发区管委会,南京开发区行政审批局 / 南京经济技术开发区管理委员会行政审批局 / 南京经开区行政审批局,,在用,开发区/园区,320000,320100,,,,320100-Z03,本级开发区,,,,,,否,,,南京经济技术开发区管理委员会:7 / 南京市栖霞区人民政府:1 / 南京市生态环境局:1,开发区管委会,南京市|本级开发区|行政审批,3200-E070,,https://www.njqxq.gov.cn/qxzx/ztzl/hpgs/,首页 > 专题专栏 > 环评公示,,已核实,2026-09-16,297,297,2018-10-22,2026-09-10,(空):267 / 栖霞:21 / 江宁:9,
JS0150,JS0150,JS0150,,无锡市锡山生态环境局,无锡市锡山区环境保护局,,在用,区县,320000,320200,320205,锡山区,锡山,,,,,,本级政府部门,,是,,,,生态环境,无锡市|锡山|生态环境,3200-E003,,https://bigdata.wuxi.gov.cn/gggs/jsxmhpspgszl/,首页 > 公告公示 > 建设项目环评审批公示专栏 > 受理公示 / 审批结果公示,,访问受限,2026-09-17,71,71,2015-08-20,2025-05-26,锡山:69 / (空):2,
JS0162,JS0162,JS0162,,无锡市惠山生态环境局,无锡市惠山区环境保护局,,在用,区县,320000,320200,320206,惠山区,惠山,,,,,,本级政府部门,,是,,,惠山区生态环境部门:1 / 无锡市行政审批局:1,生态环境,无锡市|惠山|生态环境,3200-E003,,https://bigdata.wuxi.gov.cn/gggs/jsxmhpspgszl/,首页 > 公告公示 > 建设项目环评审批公示专栏 > 受理公示 / 审批结果公示,,访问受限,2026-09-17,12,12,2019-04-30,2026-08-14,惠山:12,
JS0166,JS0166,JS0166,,无锡市惠山区数据局,惠山区数据局,,在用,区县,320000,320200,320206,惠山区,惠山,,,,,,本级政府部门,,是,,,,行政审批,无锡市|惠山|行政审批,3200-E003,,https://bigdata.wuxi.gov.cn/gggs/jsxmhpspgszl/,首页 > 公告公示 > 建设项目环评审批公示专栏 > 受理公示 / 审批结果公示,,访问受限,2026-09-17,2,2,2024-08-01,2026-05-09,惠山:2,
JS0144,JS0144,JS0144,,无锡市滨湖生态环境局,无锡市滨湖区环境保护局,,在用,区县,320000,320200,320211,滨湖区,滨湖,,,,,,本级政府部门,,是,,,无锡市滨湖区环境保护局:4 / 无锡市数据局:3 / 无锡市行政审批局:3,生态环境,无锡市|滨湖|生态环境,3200-E003,,https://bigdata.wuxi.gov.cn/gggs/jsxmhpspgszl/,首页 > 公告公示 > 建设项目环评审批公示专栏 > 受理公示 / 审批结果公示,,访问受限,2026-09-17,525,525,2017-12-28,2024-12-27,滨湖:494 / (空):31,
JS0167,JS0167,JS0167,,无锡市滨湖区数据局,滨湖区数据局,,在用,区县,320000,320200,320211,滨湖区,滨湖,,,,,,本级政府部门,,是,,,,行政审批,无锡市|滨湖|行政审批,3200-E003,,https://bigdata.wuxi.gov.cn/gggs/jsxmhpspgszl/,首页 > 公告公示 > 建设项目环评审批公示专栏 > 受理公示 / 审批结果公示,,访问受限,2026-09-17,2,2,2025-03-28,2026-05-15,滨湖:2,
JS0169,JS0169,JS0169,,无锡市滨湖区交通运输局,,,在用,区县,320000,320200,320211,滨湖区,滨湖,,,,,,本级政府部门,,是,,,度假区建设局:1 / 无锡市生态环境局(无锡市太湖水污染防治办公室):1,其他部门,无锡市|滨湖|交通运输局,,,,滨湖区政府门户 > 部门信息,,无独立环评栏目,2026-09-16,1,1,2022-11-04,2022-11-04,滨湖:1,
JS0155,JS0155,JS0155,,无锡市梁溪区数据局,无锡市梁溪区行政审批局,,在用,区县,320000,320200,320213,梁溪区,梁溪,,,,,,本级政府部门,,是,,,,行政审批,无锡市|梁溪|行政审批,3200-E003,,https://bigdata.wuxi.gov.cn/gggs/jsxmhpspgszl/,首页 > 公告公示 > 建设项目环评审批公示专栏 > 受理公示 / 审批结果公示,,访问受限,2026-09-17,36,36,2018-09-18,2025-10-29,梁溪:30 / (空):6,
JS0158,JS0158,JS0158,,无锡市梁溪区环境保护局,,,在用,区县,320000,320200,320213,梁溪区,梁溪,,,,,,本级政府部门,,是,,,无锡市梁溪生态环境局:4,生态环境,无锡市|梁溪|生态环境,3200-E003,,https://bigdata.wuxi.gov.cn/gggs/jsxmhpspgszl/,首页 > 公告公示 > 建设项目环评审批公示专栏 > 受理公示 / 审批结果公示,,访问受限,2026-09-17,15,15,2017-05-09,2017-11-27,梁溪:14 / (空):1,
JS0153,JS0153,JS0153,,无锡市新吴生态环境局,新吴区生态环境部门,,在用,区县,320000,320200,320214,新吴区,新吴,,,,,,本级政府部门,,是,,,无锡市行政审批局:3 / 无锡市数据局:2 / 无锡国家高新技术产业开发区管理委员会:1,生态环境,无锡市|新吴|生态环境,3200-E003,,https://bigdata.wuxi.gov.cn/gggs/jsxmhpspgszl/,首页 > 公告公示 > 建设项目环评审批公示专栏 > 受理公示 / 审批结果公示,,访问受限,2026-09-17,49,49,2022-05-16,2026-08-21,新吴:48 / (空):1,
JS0170,JS0170,JS0170,,无锡市自然资源和规划局新吴分局,,,在用,区县,320000,320200,320214,新吴区,新吴,,,,,,本级政府部门,,是,,,无锡国家高新技术产业开发区管理委员会:1 / 无锡市新吴生态环境局:1 / 无锡市行政审批局:1,其他部门,无锡市|新吴|自然资源和规划局分局,,,,市数据局/新吴区政府门户 > 部门信息,,无独立环评栏目,2026-09-16,1,1,2025-08-20,2025-08-20,惠山:1,
JS0172,JS0172,JS0172,,江苏省无锡市新吴区人民政府,,,在用,区县,320000,320200,320214,新吴区,新吴,,,,,,本级政府部门,,是,,,无锡市数据局:1,其他部门,无锡市|新吴|人民政府,,,,新吴区政府门户,,无独立环评栏目,2026-09-16,1,1,2025-05-06,2025-05-06,新吴:1,
JS0146,JS0146,JS0146,,无锡市江阴生态环境局,江阴市环境保护局,,在用,区县,320000,320200,320281,江阴市,江阴,,,,,,本级政府部门,,是,,,江阴高新技术产业开发区管理委员会:72 / 江苏江阴临港经济开发区管理委员会:17 / 无锡市数据局:6,生态环境,无锡市|江阴|生态环境,3200-E003,,https://bigdata.wuxi.gov.cn/gggs/jsxmhpspgszl/,首页 > 公告公示 > 建设项目环评审批公示专栏 > 受理公示 / 审批结果公示,,访问受限,2026-09-17,345,345,2014-01-08,2026-09-08,江阴:344 / (空):1,
JS0154,JS0154,JS0154,,江阴市数据局,江阴市行政审批局,,在用,区县,320000,320200,320281,江阴市,江阴,,,,,,本级政府部门,,是,,,无锡市江阴生态环境局:17 / 无锡市数据局:3 / 无锡市生态环境局(无锡市太湖水污染防治办公室):2,行政审批,无锡市|江阴|行政审批,3200-E003,,https://bigdata.wuxi.gov.cn/gggs/jsxmhpspgszl/,首页 > 公告公示 > 建设项目环评审批公示专栏 > 受理公示 / 审批结果公示,,访问受限,2026-09-17,46,46,2024-01-17,2026-06-12,江阴:44 / (空):2,
JS0173,JS0173,JS0173,,江阴市人民政府云亭街道办事处,,,在用,区县,320000,320200,320281,江阴市,江阴,,,,,,本级政府部门,,是,,,无锡市数据局:1 / 无锡市江阴生态环境局:1,其他部门,无锡市|江阴|人民政府云亭街道办事处,,,,江阴市政府门户 > 镇街信息,,无独立环评栏目,2026-09-16,1,1,2025-10-27,2025-10-27,江阴:1,
JS0174,JS0174,JS0174,,江阴市水利局,,,在用,区县,320000,320200,320281,江阴市,江阴,,,,,,本级政府部门,,是,,,无锡市江阴生态环境局:1,其他部门,无锡市|江阴|水利局,,,,江阴市政府门户 > 部门信息,,无独立环评栏目,2026-09-16,1,1,2021-07-01,2021-07-01,江阴:1,
JS0147,JS0147,JS0147,,无锡市宜兴生态环境局,宜兴市环境保护局,,在用,区县,320000,320200,320282,宜兴市,宜兴,,,,,,本级政府部门,,是,,,宜兴经济技术开发区管理委员会:37 / 宜兴经济技术开发区:31 / 无锡高新技术产业开发区环保科技工业园管理办公室:12,生态环境,无锡市|宜兴|生态环境,3200-E003,,https://bigdata.wuxi.gov.cn/gggs/jsxmhpspgszl/,首页 > 公告公示 > 建设项目环评审批公示专栏 > 受理公示 / 审批结果公示,,访问受限,2026-09-17,290,290,2015-08-03,2026-07-24,宜兴:288 / (空):2,
JS0152,JS0152,JS0152,,市数据局,宜兴市数据局 / 宜兴市行政审批局,,在用,区县,320000,320200,320282,宜兴市,宜兴,,,,,,本级政府部门,,是,,,无锡市宜兴生态环境局:3,行政审批,无锡市|宜兴|行政审批,3200-E003,,https://bigdata.wuxi.gov.cn/gggs/jsxmhpspgszl/,首页 > 公告公示 > 建设项目环评审批公示专栏 > 受理公示 / 审批结果公示,,访问受限,2026-09-17,51,51,2024-07-31,2026-08-14,宜兴:41 / (空):3 / 江阴:2 / 新吴:2,
JS0165,JS0165,JS0165,,宜兴市自然资源和规划局,市自然资源和规划局,,在用,区县,320000,320200,320282,宜兴市,宜兴,,,,,,本级政府部门,,是,,,,其他部门,无锡市|宜兴|自然资源和规划局,,,,宜兴市政府门户 > 部门信息,,无独立环评栏目,2026-09-16,3,3,2026-02-14,2026-07-01,宜兴:3,
JS0168,JS0168,JS0168,,宜兴市人民政府,,,在用,区县,320000,320200,320282,宜兴市,宜兴,,,,,,本级政府部门,,是,,,无锡市宜兴生态环境局:1,其他部门,无锡市|宜兴|人民政府,3200-E071,,https://www.yixing.gov.cn/,宜兴市政府门户,,未核实,2026-09-16,1,1,2025-04-21,2025-04-21,宜兴:1,
JS0143,JS0143,JS0143,,无锡市数据局,无锡市大数据局 / 无锡市行政审批局 / 无锡市数据局（无锡市政务服务管理办公室） / 无锡市无锡市行政审批局,,在用,市本级,320000,320200,,无锡市,无锡,,,,,,本级政府部门,,是,,,无锡市宜兴生态环境局:108 / 无锡市江阴生态环境局:55 / 无锡市生态环境局(无锡市太湖水污染防治办公室):27,行政审批,无锡市|市本级|行政审批,3200-E003,,https://bigdata.wuxi.gov.cn/gggs/jsxmhpspgszl/,首页 > 公告公示 > 建设项目环评审批公示专栏 > 受理公示 / 审批结果公示,,访问受限,2026-09-17,5749,5743,2020-01-02,2026-09-11,江阴:1499 / 新吴:1100 / 宜兴:940 / 惠山:801,
JS0145,JS0145,JS0145,,江苏江阴临港经济开发区管理委员会,江阴临港经济开发区想管理委员会 / 江阴临港经济开发区行政审批局 / 阴临港经济开发区管理委员会,,在用,开发区/园区,320000,320200,,,,320200-Z01,江阴临港开发区,,,,,,否,,,无锡市江阴生态环境局:107 / 临港政务服务局:37 / 临港经济开发区财政局:3,开发区管委会,无锡市|江阴临港开发区|行政审批,3200-E040,,https://www.jiangyin.gov.cn/,江阴市政府门户 > 站内搜索“临港经济开发区管理委员会受理”,,未核实,2026-09-17,390,390,2021-05-27,2026-09-11,江阴:383 / (空):7,
JS0148,JS0148,JS0148,,无锡市生态环境局(无锡市太湖水污染防治办公室),,无锡市太湖水污染防治办公室,在用,市本级,320000,320200,,无锡市,无锡,,,,,,本级政府部门,,是,,,锡山经济技术开发区安全环保局:34 / 无锡市行政审批局:24 / 度假区建设局:15,生态环境,无锡市|市本级|生态环境,3200-E003,,https://bigdata.wuxi.gov.cn/gggs/jsxmhpspgszl/,首页 > 公告公示 > 建设项目环评审批公示专栏 > 受理公示 / 审批结果公示,,访问受限,2026-09-17,148,148,2016-12-20,2026-09-14,锡山:80 / 江阴:30 / 滨湖:25 / (空):4,
JS0149,JS0149,JS0149,,锡山经济技术开发区安全环保局,,,在用,开发区/园区,320000,320200,,,,320200-Z02,锡山开发区,,,,,,否,,,锡山经济技术开发区管理委员会:3 / 无锡市生态环境局(无锡市太湖水污染防治办公室):2,生态环境,无锡市|锡山开发区|生态环境,3200-E003,,https://bigdata.wuxi.gov.cn/gggs/jsxmhpspgszl/,首页 > 公告公示 > 建设项目环评审批公示专栏 > 受理公示 / 审批结果公示,,访问受限,2026-09-17,89,89,2019-11-19,2021-02-01,锡山:88 / (空):1,
JS0151,JS0151,JS0151,,无锡市大数据管理局,,,在用,市本级,320000,320200,,无锡市,无锡,,,,,,本级政府部门,,是,,,无锡市新吴生态环境局:4 / 无锡市宜兴生态环境局:3 / 无锡市数据局:3,行政审批,无锡市|市本级|大数据管理局,3200-E003,,https://bigdata.wuxi.gov.cn/gggs/jsxmhpspgszl/,首页 > 公告公示 > 建设项目环评审批公示专栏 > 受理公示 / 审批结果公示,,访问受限,2026-09-17,70,70,2024-06-20,2025-07-22,新吴:34 / 宜兴:16 / 江阴:7 / 惠山:7,
JS0156,JS0156,JS0156,,度假区建设局,无锡市滨湖区度假区建设局,,在用,开发区/园区,320000,320200,,,,320200-Z03,滨湖度假区,,,,,,否,,,无锡市生态环境局(无锡市太湖水污染防治办公室):14 / 无锡市滨湖生态环境局:2,其他部门,无锡市|滨湖度假区|度假区建设局,3200-E003,,https://bigdata.wuxi.gov.cn/gggs/jsxmhpspgszl/,首页 > 公告公示 > 建设项目环评审批公示专栏 > 受理公示 / 审批结果公示,,访问受限,2026-09-17,24,24,2021-10-20,2026-02-11,滨湖:24,
JS0157,JS0157,JS0157,,无锡高新技术产业开发区环保科技工业园管理办公室,,,在用,开发区/园区,320000,320200,,,,320200-Z04,本级高新区,,,,合署,站点title：无锡高新区管委会新吴区人民政府（2026-09-23核实）,否,320200,,,生态环境,无锡市|本级高新区|高新技术产业开发区环保科技工业园管理办公室,3200-E003,,https://bigdata.wuxi.gov.cn/gggs/jsxmhpspgszl/,首页 > 公告公示 > 建设项目环评审批公示专栏 > 受理公示 / 审批结果公示,,访问受限,2026-09-17,16,16,2025-10-30,2026-08-05,宜兴:15 / 新吴:1,
JS0159,JS0159,JS0159,,中国宜兴环保科技工业园,宜兴环保科技工业园,,在用,开发区/园区,320000,320200,,,,320200-Z05,宜兴园区,,,,,,否,,,无锡市宜兴生态环境局:4 / 无锡高新技术产业开发区环保科技工业园管理办公室:2,生态环境,无锡市|宜兴园区|行政审批,3200-E003,,https://bigdata.wuxi.gov.cn/gggs/jsxmhpspgszl/,首页 > 公告公示 > 建设项目环评审批公示专栏 > 受理公示 / 审批结果公示,,访问受限,2026-09-17,14,14,2024-04-19,2025-09-26,宜兴:14,
JS0160,JS0160,JS0160,,度假区规划建设局,,,在用,开发区/园区,320000,320200,,,,320200-Z03,滨湖度假区,,,,,,否,,,无锡市生态环境局(无锡市太湖水污染防治办公室):11 / 无锡太湖国家旅游度假区规划建设局:1,其他部门,无锡市|滨湖度假区|度假区规划建设局,3200-E003,,https://bigdata.wuxi.gov.cn/gggs/jsxmhpspgszl/,首页 > 公告公示 > 建设项目环评审批公示专栏 > 受理公示 / 审批结果公示,,访问受限,2026-09-17,14,14,2020-11-11,2021-09-16,滨湖:14,
JS0161,JS0161,JS0161,,宜兴经济技术开发区管理委员会,宜兴经济技术开发区,,在用,开发区/园区,320000,320200,,,,320200-Z06,宜兴开发区,,,,,,否,,,无锡市宜兴生态环境局:1,开发区管委会,无锡市|宜兴开发区|行政审批,3200-E003,,https://bigdata.wuxi.gov.cn/gggs/jsxmhpspgszl/,首页 > 公告公示 > 建设项目环评审批公示专栏 > 受理公示 / 审批结果公示,,访问受限,2026-09-17,12,12,2025-04-21,2026-06-05,宜兴:12,
JS0163,JS0163,JS0163,,江阴高新技术产业开发区管理委员会,,,在用,开发区/园区,320000,320200,,,,320200-Z07,江阴高新区,,,,,,否,,,无锡市江阴生态环境局:6,开发区管委会,无锡市|江阴高新区|行政审批,3200-E040,,https://www.jiangyin.gov.cn/,江阴市政府门户 > 站内搜索“临港经济开发区管理委员会受理”,,未核实,2026-09-17,10,10,2019-07-31,2025-06-10,江阴:10,
JS0164,JS0164,JS0164,,无锡高新区（新吴区)数据局,,,在用,开发区/园区,320000,320200,,,,320200-Z04,本级高新区,,,,合署,站点title：无锡高新区管委会新吴区人民政府（2026-09-23核实）,否,320200,,,行政审批,无锡市|本级高新区|行政审批,3200-E003,,https://bigdata.wuxi.gov.cn/gggs/jsxmhpspgszl/,首页 > 公告公示 > 建设项目环评审批公示专栏 > 受理公示 / 审批结果公示,,访问受限,2026-09-17,5,5,2025-04-25,2025-04-25,新吴:5,
JS0171,JS0171,JS0171,,江苏无锡经济开发区数据局,,,在用,开发区/园区,320000,320200,,,,320200-Z08,本级开发区,,,,,,否,,,,行政审批,无锡市|本级开发区|行政审批,3200-E003,,https://bigdata.wuxi.gov.cn/gggs/jsxmhpspgszl/,首页 > 公告公示 > 建设项目环评审批公示专栏 > 受理公示 / 审批结果公示,,访问受限,2026-09-17,1,1,2025-04-16,2025-04-16,滨湖:1,
JS0104,JS0104,JS0104,,徐州市贾汪生态环境局,,,在用,区县,320000,320300,320305,贾汪区,贾汪,,,,,,本级政府部门,,是,,,徐州市贾汪区行政审批局:27 / 徐州市生态环境局:4 / 贾汪区行政审批局一楼生态环境局:4,生态环境,徐州市|贾汪|生态环境,3200-E016,,https://sthj.xz.gov.cn/govxxgk/,首页 > 政府信息公开（govxxgk）,,访问受限,2026-09-17,148,148,2024-06-20,2026-08-28,贾汪:148,
JS0112,JS0112,JS0112,,徐州市贾汪区行政审批局,,,在用,区县,320000,320300,320305,贾汪区,贾汪,,,,,,本级政府部门,,是,,,徐州市贾汪生态环境局:6,行政审批,徐州市|贾汪|行政审批,3200-E016,,https://sthj.xz.gov.cn/govxxgk/,首页 > 政府信息公开（govxxgk）,,访问受限,2026-09-17,6,6,2025-09-19,2025-11-19,贾汪:6,
JS0108,JS0108,JS0108,,徐州市铜山生态环境局,,,在用,区县,320000,320300,320312,铜山区,铜山,,,,,,本级政府部门,,是,,,,生态环境,徐州市|铜山|生态环境,3200-E016,,https://sthj.xz.gov.cn/govxxgk/,首页 > 政府信息公开（govxxgk）,,访问受限,2026-09-17,35,35,2017-07-07,2026-07-17,铜山:35,
JS0107,JS0107,JS0107,,徐州市丰县生态环境局,徐州市徐州市丰县生态环境局,,在用,区县,320000,320300,320321,丰县,丰县,320300-Z02,丰,,,,,,否,,,徐州市生态环境局:2,生态环境,徐州市|丰|生态环境,3200-E016,,https://sthj.xz.gov.cn/govxxgk/,首页 > 政府信息公开（govxxgk）,,访问受限,2026-09-17,46,46,2021-05-11,2026-05-22,丰县:46,
JS0110,JS0110,JS0110,,徐州市沛县生态环境局,,,在用,区县,320000,320300,320322,沛县,沛县,320300-Z03,沛,,,,,,否,,,州市沛县生态环境局:1 / 徐州市生态环境局:1,生态环境,徐州市|沛|生态环境,3200-E016,,https://sthj.xz.gov.cn/govxxgk/,首页 > 政府信息公开（govxxgk）,,访问受限,2026-09-17,31,31,2020-12-24,2026-07-15,沛县:31,
JS0105,JS0105,JS0105,,睢宁县环境保护局,,,在用,区县,320000,320300,320324,睢宁县,睢宁,,,,,,本级政府部门,,是,,,徐州市生态环境局:5,生态环境,徐州市|睢宁|生态环境,3200-E016,,https://sthj.xz.gov.cn/govxxgk/,首页 > 政府信息公开（govxxgk）,,访问受限,2026-09-17,141,141,2021-09-22,2026-07-16,睢宁:140 / (空):1,
JS0106,JS0106,JS0106,,徐州市新沂生态环境局,,,在用,区县,320000,320300,320381,新沂市,新沂,,,,,,本级政府部门,,是,,,徐州市生态环境局:2 / 新沂市钟吾南路17号政务服务大厅三楼J11环保窗口:2 / 新沂市行政审批局:1,生态环境,徐州市|新沂|生态环境,3200-E016,,https://sthj.xz.gov.cn/govxxgk/,首页 > 政府信息公开（govxxgk）,,访问受限,2026-09-17,110,110,2017-10-25,2026-09-11,新沂:110,
JS0114,JS0114,JS0114,,新沂市行政审批局,,,在用,区县,320000,320300,320381,新沂市,新沂,,,,,,本级政府部门,,是,,,徐州市新沂生态环境局:1,行政审批,徐州市|新沂|行政审批,3200-E016,,https://sthj.xz.gov.cn/govxxgk/,首页 > 政府信息公开（govxxgk）,,访问受限,2026-09-17,1,1,2025-07-02,2025-07-02,新沂:1,
JS0109,JS0109,JS0109,,徐州市邳州生态环境局,,,在用,区县,320000,320300,320382,邳州市,邳州,,,,,,本级政府部门,,是,,,徐州市生态环境局:1 / 邳州市政务服务中心809室:1,生态环境,徐州市|邳州|生态环境,3200-E016,,https://sthj.xz.gov.cn/govxxgk/,首页 > 政府信息公开（govxxgk）,,访问受限,2026-09-17,33,33,2022-04-27,2026-07-16,邳州:33,
JS0102,JS0102,JS0102,,徐州经济技术开发区行政审批局,,,在用,开发区/园区,320000,320300,,,,320300-Z01,本级开发区,,,,,,否,,,徐州市环保局经济技术开发区环保分局:3 / 徐州市环境保护局徐州经济开发区分局:2,行政审批,徐州市|本级开发区|行政审批,3200-E016,,https://sthj.xz.gov.cn/govxxgk/,首页 > 政府信息公开（govxxgk）,,访问受限,2026-09-17,174,174,2018-03-13,2019-03-12,丰县:136 / (空):38,
JS0103,JS0103,JS0103,,徐州市生态环境局,徐州市环境保护局,,在用,市本级,320000,320300,,徐州市,徐州,,,,,,本级政府部门,,是,,,睢宁县环境保护局:3 / 徐州市环境保护局:2 / 徐州经济技术开发区行政审批局:1,生态环境,徐州市|市本级|生态环境,3200-E016,,https://sthj.xz.gov.cn/govxxgk/,首页 > 政府信息公开（govxxgk）,,访问受限,2026-09-17,160,160,2013-10-18,2026-08-24,(空):82 / 邳州:18 / 新沂:16 / 睢宁:13,
JS0111,JS0111,JS0111,,徐州市环境保护局徐州经济开发区分局,,,在用,开发区/园区,320000,320300,,,,320300-Z01,本级开发区,,,,,,否,,,徐州市生态环境局:6 / 徐州经济技术开发区行政审批局:1,生态环境,徐州市|本级开发区|生态环境,3200-E016,,https://sthj.xz.gov.cn/govxxgk/,首页 > 政府信息公开（govxxgk）,,访问受限,2026-09-17,28,28,2014-03-10,2018-02-05,(空):25 / 丰县:3,
JS0113,JS0113,JS0113,,徐州市高新区行政审批局,,,在用,开发区/园区,320000,320300,,,,320300-Z04,本级高新区,,,,,,否,,,,行政审批,徐州市|本级高新区|行政审批,3200-E016,,https://sthj.xz.gov.cn/govxxgk/,首页 > 政府信息公开（govxxgk）,,访问受限,2026-09-17,1,1,2025-07-26,2025-07-26,铜山:1,
JS0077,JS0077,JS0077,,常州市天宁生态环境局工会委员会,常州市天宁生态环境局 / 常州市天宁区环境保护局 / 州市天宁生态环境局,,在用,区县,320000,320400,320402,天宁区,天宁,,,,,,本级政府部门,,是,,,常州市天宁区环境保护局:152 / 常州市生态环境局:141 / 常州市金坛生态环境局:12,生态环境,常州市|天宁|生态环境,3200-E028,,https://sthjj.changzhou.gov.cn/class/ALFJELKI,首页 > 建设项目环境影响评价审批,,已核实,2026-09-16,607,607,2018-01-05,2026-09-08,天宁:601 / (空):6,2026-09-24 实爬：该入口抓到 44 条受理公告明细
JS0097,JS0097,JS0097,,常州市天宁区住房和城乡建设局,,,在用,区县,320000,320400,320402,天宁区,天宁,,,,,,本级政府部门,,是,,,常州市天宁生态环境局工会委员会:1 / 常州市生态环境局:1,其他部门,常州市|天宁|住房和城乡建设局,,,,天宁区政府门户 > 部门信息（本次未定位到门户地址）,,无独立环评栏目,2026-09-16,1,1,2024-05-23,2024-05-23,天宁:1,
JS0074,JS0074,JS0074,,常州市钟楼生态环境局,生态环境局,,在用,区县,320000,320400,320404,钟楼区,钟楼,,,,,,本级政府部门,,是,,,常州市生态环境局:236 / 市环保局:120 / 常州市金坛生态环境局:6,生态环境,常州市|钟楼|生态环境,3200-E073,,https://www.zhonglou.gov.cn/class/OJJHLHQE,钟楼区政府门户 > 生态环境局,,已核实,2026-09-16,863,863,2016-10-17,2026-09-10,钟楼:845 / (空):17 / 天宁:1,2026-09-24 实爬：该入口抓到 8 条受理公告明细
JS0094,JS0094,JS0094,,常州市钟楼区教育局,,,在用,区县,320000,320400,320404,钟楼区,钟楼,,,,,,本级政府部门,,是,,,常州市钟楼生态环境局:2,其他部门,常州市|钟楼|教育局,,,,钟楼区政府门户 > 部门信息,,无独立环评栏目,2026-09-16,2,2,2022-05-25,2022-06-14,钟楼:2,
JS0099,JS0099,JS0099,,常州市钟楼区住房和城乡建设局,,,在用,区县,320000,320400,320404,钟楼区,钟楼,,,,,,本级政府部门,,是,,,,其他部门,常州市|钟楼|住房和城乡建设局,,,,钟楼区政府门户 > 部门信息,,无独立环评栏目,2026-09-16,1,1,2021-10-28,2021-10-28,钟楼:1,
JS0082,JS0082,JS0082,,新北区数据局,常州市新北区数据局 / 新北区行政审批局 / 常州市新北区行政审批局,,在用,区县,320000,320400,320411,新北区,新北,,,,,,本级政府部门,,是,,,常州国家高新技术产业开发区(新北区)党政办公室:1,行政审批,常州市|新北|行政审批,3200-E024,,https://www.cznd.gov.cn/class/FDCBILKO,常州高新区管委会（新北区人民政府）门户 > 部门公告 / 环境影响评价,,已核实,2026-09-16,45,45,2021-09-29,2026-07-01,新北:41 / (空):4,
JS0098,JS0098,JS0098,,常州市新北区生态环境局,,,在用,区县,320000,320400,320411,新北区,新北,,,,,,本级政府部门,,是,,,,生态环境,常州市|新北|生态环境,3200-E024,,https://www.cznd.gov.cn/class/FDCBILKO,常州高新区管委会（新北区人民政府）门户 > 部门公告 / 环境影响评价,,已核实,2026-09-16,1,1,2026-01-06,2026-01-06,新北:1,
JS0101,JS0101,JS0101,,江苏省常州市新北区人民政府,,,在用,区县,320000,320400,320411,新北区,新北,,,,,,本级政府部门,,是,,,常州国家高新区(新北区)行政审批局:1,其他部门,常州市|新北|人民政府,,,,新北区门户,,无独立环评栏目,2026-09-16,1,1,2024-05-11,2024-05-11,(空):1,
JS0083,JS0083,JS0083,,常州市武进生态环境局,,,在用,区县,320000,320400,320412,武进区,武进,,,,,,本级政府部门,,是,,,常州市生态环境局:4,生态环境,常州市|武进|生态环境,3200-E028,,https://sthjj.changzhou.gov.cn/class/ALFJELKI,首页 > 建设项目环境影响评价审批,,已核实,2026-09-16,22,22,2017-06-23,2026-08-21,武进:22,2026-09-24 实爬：该入口抓到 44 条受理公告明细
JS0087,JS0087,JS0087,,常州市武进区行政审批局,,,在用,区县,320000,320400,320412,武进区,武进,,,,,,本级政府部门,,是,,,常州市生态环境局:1,行政审批,常州市|武进|行政审批,3200-E028,,https://sthjj.changzhou.gov.cn/class/ALFJELKI,首页 > 建设项目环境影响评价审批,,已核实,2026-09-16,4,4,2024-03-22,2025-07-21,武进:4,2026-09-24 实爬：该入口抓到 44 条受理公告明细
JS0075,JS0075,JS0075,,常州市金坛生态环境局,常州市金坛生态环境局土壤生态环境科,,在用,区县,320000,320400,320413,金坛区,金坛,,,,,,本级政府部门,,是,,,常州市生态环境局:297 / 盐城市响水生态环境局:20 / 常州市钟楼生态环境局:7,生态环境,常州市|金坛|生态环境,3200-E041,,https://www.jintan.gov.cn/class/JFKIQAOB,金坛区政府门户 > 生态环境局,,已核实,2026-09-17,681,646,2017-02-22,2026-09-11,金坛:609 / 溧阳:13 / 天宁:12 / 钟楼:11,2026-09-24 实爬：该入口抓到 1 条受理公告明细
JS0073,JS0073,JS0073,,常州市溧阳生态环境局,溧阳市行政审批局生态环境局,,在用,区县,320000,320400,320481,溧阳市,溧阳,,,,,,本级政府部门,,是,,,常州市生态环境局:231 / 溧阳市行政审批局生态环境局:10 / 常州市金坛生态环境局:7,生态环境,常州市|溧阳|生态环境,3200-E072,,https://www.liyang.gov.cn/class/KDHIAILJ,溧阳市政府门户 > 常州市溧阳生态环境局,,访问受限,2026-09-24,946,946,2020-07-23,2026-08-25,溧阳:946,2026-09-24 实爬：单次成功过（139 条），连抓被 WAF 封，浏览器窗格同样 403；真实列表页 /index.php?m=content&c=index&a=lists&catid=41617
JS0072,JS0072,JS0072,,常州市生态环境局,常州市生态环境局环保分局,,在用,市本级,320000,320400,,常州市,常州,,,,,,本级政府部门,,是,,,常州市武进生态环境局:371 / 常州市溧阳生态环境局:85 / 常州市金坛生态环境局:20,生态环境,常州市|市本级|生态环境,3200-E028,,https://sthjj.changzhou.gov.cn/class/ALFJELKI,首页 > 建设项目环境影响评价审批,,已核实,2026-09-16,2066,2065,2015-11-06,2026-09-15,武进:1233 / 溧阳:273 / 新北:187 / 金坛:184,2026-09-24 实爬：该入口抓到 44 条受理公告明细
JS0076,JS0076,JS0076,,江苏常州经济开发区管理委员会,常州经济开发区数据局 / 江苏常州经济开发区数据局 / 常州经开区管委会 / 江苏常州经济开发区行政审批局,,在用,开发区/园区,320000,320400,,,,320400-Z01,本级开发区,,,,,,否,,,数据局(投资建设审批科):147 / 江苏常州经济开发区数据局:63 / 江苏常州经济开发区行政审批局:43,开发区管委会,常州市|本级开发区|行政审批,3200-E034,,https://jkq.changzhou.gov.cn/class/HCKQQKFM,常州经开区门户 > 站内公示公告,,访问受限,2026-09-24,613,613,2018-07-23,2026-09-14,武进:590 / (空):23,2026-09-24 实爬：单次成功过（86 条），连抓被 WAF 封；栏目页是 iframe 壳，真实列表页 /index.php?m=content&c=index&a=lists&catid=37877
JS0078,JS0078,JS0078,,常州国家高新区管理委员会,常州国家高新区数据局 / 常州国家高新区管委会（新北区人民政府） / 常州国家高新区管委会 / 常州国家高新区(新北区)行政审批局 / 常州国家高新技术产业开发区(新北区)行政审批局 / 常州国家高新区（新北区）行政审批局 / 州国家高新区(新北区)行政审批局,,在用,开发区/园区,320000,320400,,,,320400-Z02,国家高新区,,,320411,合署,站点title：常州国家高新区管委会（新北区人民政府）（2026-09-23核实）,是,320400,,,开发区管委会,常州市|国家高新区|行政审批,3200-E024,,https://www.cznd.gov.cn/class/FDCBILKO,常州高新区管委会（新北区人民政府）门户 > 部门公告 / 环境影响评价,,已核实,2026-09-16,575,574,2021-01-12,2026-03-03,(空):458 / 新北:116,
JS0079,JS0079,JS0082,,常州高新区(新北区)政务服务管理办公室,常州高新区（新北区）数据局 / 常州高新区数据局 / 常州市高新区数据局 / 常州高新区管委会 / 常州高新区管委会(新北区人民政府） / 常州市高新区管委会,,在用,开发区/园区,320000,320400,,,,320400-Z03,本级高新区,,,320411,合署,同上，新北片区同一门户,是,320400,,常州市生态环境局:1,行政审批,常州市|本级高新区|行政审批,3200-E024,,https://www.cznd.gov.cn/class/FDCBILKO,常州高新区管委会（新北区人民政府）门户 > 部门公告 / 环境影响评价,,已核实,2026-09-16,184,184,2021-09-16,2026-08-19,(空):159 / 新北:25,
JS0080,JS0080,JS0080,,常州经济开发区环保分局,,,在用,开发区/园区,320000,320400,,,,320400-Z01,本级开发区,,,,,,否,,,江苏常州经济开发区管理委员会:7 / 常州市武进生态环境局:4 / 江苏常州经济开发区行政审批局:2,生态环境,常州市|本级开发区|经济开发区环保分局,3200-E034,,https://jkq.changzhou.gov.cn/class/HCKQQKFM,常州经开区门户 > 站内公示公告,,访问受限,2026-09-24,134,134,2016-10-09,2021-12-31,武进:95 / (空):39,2026-09-24 实爬：单次成功过（86 条），连抓被 WAF 封；栏目页是 iframe 壳，真实列表页 /index.php?m=content&c=index&a=lists&catid=37877
JS0081,JS0081,JS0081,,经济开发区行政审批局,苏常州经济开发区行政审批局 / 州经济开发区行政审批局,,在用,开发区/园区,320000,320400,,,,320400-Z04,武进开发区,,,,,,否,,,江苏常州经济开发区管理委员会:12 / 江苏常州经济开发区行政审批局:1,行政审批,常州市|武进开发区|行政审批,3200-E028,,https://sthjj.changzhou.gov.cn/class/ALFJELKI,首页 > 建设项目环境影响评价审批,,已核实,2026-09-16,94,94,2019-04-01,2023-11-17,武进:88 / (空):6,2026-09-24 实爬：该入口抓到 44 条受理公告明细
JS0084,JS0084,JS0084,,常州市鼎力区数据局,常州市数据局 / 常州市行政审批局,,在用,市本级,320000,320400,,常州市,常州,,,,,,本级政府部门,,是,,,,行政审批,常州市|市本级|行政审批,3200-E028,,https://sthjj.changzhou.gov.cn/class/ALFJELKI,首页 > 建设项目环境影响评价审批,,已核实,2026-09-16,16,16,2019-05-08,2026-05-07,(空):11 / 新北:5,2026-09-24 实爬：该入口抓到 44 条受理公告明细
JS0085,JS0085,JS0085,,常州经济开发区生态环境分局,生态环境分局,,在用,开发区/园区,320000,320400,,,,320400-Z01,本级开发区,,,,,,否,,,江苏常州经济开发区管理委员会:4,生态环境,常州市|本级开发区|经济开发区生态环境分局,3200-E034,,https://jkq.changzhou.gov.cn/class/HCKQQKFM,常州经开区门户 > 站内公示公告,,访问受限,2026-09-24,16,16,2020-04-08,2024-06-20,武进:15 / (空):1,2026-09-24 实爬：单次成功过（86 条），连抓被 WAF 封；栏目页是 iframe 壳，真实列表页 /index.php?m=content&c=index&a=lists&catid=37877
JS0086,JS0086,JS0101,,常州国家高新技术产业开发区(新北区)党政办公室,,,在用,开发区/园区,320000,320400,,,,320400-Z02,国家高新区,,,320411,合署,站点title：常州国家高新区管委会（新北区人民政府）（2026-09-23核实）,是,320400,,常州高新区(新北区)政务服务管理办公室:3 / 常州市新北区数据局:1 / 新北区数据局:1,其他部门,常州市|国家高新区|国家高新技术产业开发区()党政办公室,3200-E024,,https://www.cznd.gov.cn/class/FDCBILKO,常州高新区管委会（新北区人民政府）门户 > 部门公告 / 环境影响评价,,已核实,2026-09-16,5,5,2025-12-24,2026-06-22,(空):4 / 新北:1,
JS0088,JS0088,JS0098,,常州高新技术产业开发区（新北）生态环境局,,,在用,开发区/园区,320000,320400,,,,320400-Z03,本级高新区,,,320411,合署,同上，新北片区同一门户,是,320400,,常州市生态环境局:1,生态环境,常州市|本级高新区|生态环境,3200-E024,,https://www.cznd.gov.cn/class/FDCBILKO,常州高新区管委会（新北区人民政府）门户 > 部门公告 / 环境影响评价,,已核实,2026-09-16,4,4,2025-09-08,2025-09-29,新北:4,
JS0089,JS0089,JS0098,,常州国家高新区生态环境局,常州国家高新技术产业开发区(新北)生态环境局,,在用,开发区/园区,320000,320400,,,,320400-Z02,国家高新区,,,320411,合署,站点title：常州国家高新区管委会（新北区人民政府）（2026-09-23核实）,是,320400,,,生态环境,常州市|国家高新区|生态环境,3200-E024,,https://www.cznd.gov.cn/class/FDCBILKO,常州高新区管委会（新北区人民政府）门户 > 部门公告 / 环境影响评价,,已核实,2026-09-16,3,3,2024-10-09,2024-11-14,新北:2 / (空):1,
JS0090,JS0090,JS0082,,家高新区(新北区)行政审批局,,,在用,开发区/园区,320000,320400,,,,320400-Z05,新北高新区,,,320411,合署,同上，新北片区同一门户,是,320400,,,行政审批,常州市|新北高新区|行政审批,3200-E024,,https://www.cznd.gov.cn/class/FDCBILKO,常州高新区管委会（新北区人民政府）门户 > 部门公告 / 环境影响评价,,已核实,2026-09-16,2,2,2021-11-15,2023-04-12,新北:1 / (空):1,
JS0091,JS0091,JS0101,,常州国家高新技术产业开发区(新北区)农业农村局,,,在用,开发区/园区,320000,320400,,,,320400-Z02,国家高新区,,,320411,合署,站点title：常州国家高新区管委会（新北区人民政府）（2026-09-23核实）,是,320400,,常州国家高新区(新北区)行政审批局:2,其他部门,常州市|国家高新区|国家高新技术产业开发区()农业农村局,,,,新北区门户 > 部门信息,,无独立环评栏目,2026-09-16,2,2,2022-02-21,2022-08-23,新北:2,
JS0092,JS0092,JS0092,,常州市交通运输局,,,在用,市本级,320000,320400,,常州市,常州,,,,,,本级政府部门,,是,,,南通市海安生态环境局:1 / 江苏省生态环境厅:1,其他部门,常州市|市本级|交通运输局,,,,常州市政府门户 > 部门信息,,无独立环评栏目,2026-09-16,2,1,2010-08-26,2010-08-26,(空):1,
JS0093,JS0093,JS0093,,常州市生态环境局常州经开区分局,,,在用,开发区/园区,320000,320400,,,,320400-Z01,本级开发区,,,,,,否,,,江苏常州经济开发区管理委员会:1,生态环境,常州市|本级开发区|生态环境,3200-E034,,https://jkq.changzhou.gov.cn/class/HCKQQKFM,常州经开区门户 > 站内公示公告,,访问受限,2026-09-24,2,2,2023-11-07,2023-11-07,武进:2,2026-09-24 实爬：单次成功过（86 条），连抓被 WAF 封；栏目页是 iframe 壳，真实列表页 /index.php?m=content&c=index&a=lists&catid=37877
JS0095,JS0095,JS0095,,金坛经济开发区科技经贸局环境保护科,,,在用,开发区/园区,320000,320400,,,,320400-Z06,金坛开发区,,,,,,否,,,常州市金坛生态环境局:1,生态环境,常州市|金坛开发区|经济开发区科技经贸局环境保护科,3200-E041,,https://www.jintan.gov.cn/class/JFKIQAOB,金坛区政府门户 > 生态环境局,,已核实,2026-09-17,2,2,2017-06-15,2017-06-19,金坛:2,2026-09-24 实爬：该入口抓到 1 条受理公告明细
JS0096,JS0096,JS0101,,常州国家高新技术产业开发区(新北区)住房和城乡建设局,,,在用,开发区/园区,320000,320400,,,,320400-Z02,国家高新区,,,320411,合署,站点title：常州国家高新区管委会（新北区人民政府）（2026-09-23核实）,是,320400,,,其他部门,常州市|国家高新区|国家高新技术产业开发区()住房和城乡建设局,,,,新北区门户 > 部门信息,,无独立环评栏目,2026-09-16,1,1,2021-02-05,2021-02-05,新北:1,
JS0100,JS0100,JS0082,,新区(新北区)行政审批局,,,在用,开发区/园区,320000,320400,,,,320400-Z07,本级新区,,,320411,合署,同上，新北片区同一门户,是,320400,,,行政审批,常州市|本级新区|行政审批,3200-E024,,https://www.cznd.gov.cn/class/FDCBILKO,常州高新区管委会（新北区人民政府）门户 > 部门公告 / 环境影响评价,,已核实,2026-09-16,1,1,2021-01-15,2021-01-15,(空):1,
JS0271,JS0271,JS0271,,苏州市吴中生态环境局(苏州市吴中太湖水污染防治办公室),,苏州市吴中太湖水污染防治办公室,在用,区县,320000,320500,320506,吴中区,吴中,,,,,,本级政府部门,,是,,,苏州市生态环境局(苏州市太湖水污染防治办公室):1,生态环境,苏州市|吴中|生态环境,3200-E025,,https://sthjj.suzhou.gov.cn/szhbj/jsslgs/bjgs_list.shtml,首页 > 建设项目环评公示 > 受理公示 / 拟审批公示 / 批准项目公告,,已核实,2026-09-16,84,84,2015-01-16,2020-09-07,吴中:82 / (空):2,2026-09-24 实爬：该入口抓到 529 条受理公告明细
JS0283,JS0283,JS0283,,苏州太湖新城吴中管理委员会,,,在用,区县,320000,320500,320506,吴中区,吴中,,,,,,本级政府部门,,是,,,苏州吴中经济技术开发区行政审批局:3,开发区管委会,苏州市|吴中|行政审批,3200-E027,,http://www.szwz.gov.cn/szwz/jshp/,首页 > 建设项目环评（jshp）,,已核实,2026-09-16,4,4,2024-09-24,2025-07-07,吴中:3 / (空):1,
JS0286,JS0286,JS0286,,苏州市吴中区甪直镇人民政府,,,在用,区县,320000,320500,320506,吴中区,吴中,,,,,,本级政府部门,,是,,,苏州市吴中生态环境局(苏州市吴中太湖水污染防治办公室):1,其他部门,苏州市|吴中|甪直镇人民政府,3200-E027,,http://www.szwz.gov.cn/szwz/jshp/,首页 > 建设项目环评（jshp）,,已核实,2026-09-16,2,2,2019-12-20,2020-01-02,吴中:2,
JS0285,JS0285,JS0285,,姑苏区环境保护局,,,在用,区县,320000,320500,320508,姑苏区,姑苏,,,,,,本级政府部门,,是,,,,生态环境,苏州市|姑苏|生态环境,3200-E025,,https://sthjj.suzhou.gov.cn/szhbj/jsslgs/bjgs_list.shtml,首页 > 建设项目环评公示 > 受理公示 / 拟审批公示 / 批准项目公告,,已核实,2026-09-16,2,2,2019-08-07,2019-08-08,姑苏:2,2026-09-24 实爬：该入口抓到 529 条受理公告明细
JS0284,JS0284,JS0284,,苏州市吴江区盛泽镇人民政府,,,在用,区县,320000,320500,320509,吴江区,吴江,,,,,,本级政府部门,,是,,,,其他部门,苏州市|吴江|盛泽镇人民政府,,,,首页 > 镇（区）信息,,无独立环评栏目,2026-09-16,3,3,2019-07-22,2019-10-18,吴江:3,
JS0289,JS0289,JS0289,,吴江区盛泽镇行政服务局,,,在用,区县,320000,320500,320509,吴江区,吴江,,,,,,本级政府部门,,是,,,,行政审批,苏州市|吴江|盛泽镇行政服务局,,,,首页 > 镇（区）信息,,无独立环评栏目,2026-09-16,1,1,2019-09-05,2019-09-05,吴江:1,
JS0293,JS0293,JS0293,,苏州市吴江区盛泽镇农村工作局,,,在用,区县,320000,320500,320509,吴江区,吴江,,,,,,本级政府部门,,是,,,,其他部门,苏州市|吴江|盛泽镇农村工作局,,,,首页 > 镇（区）信息,,无独立环评栏目,2026-09-16,1,1,2019-10-10,2019-10-10,吴江:1,
JS0294,JS0294,JS0294,,苏州市吴江区盛泽镇社会事业局,,,在用,区县,320000,320500,320509,吴江区,吴江,,,,,,本级政府部门,,是,,,,其他部门,苏州市|吴江|盛泽镇社会事业局,,,,首页 > 镇（区）信息,,无独立环评栏目,2026-09-16,1,1,2019-08-09,2019-08-09,吴江:1,
JS0295,JS0295,JS0295,,苏州市行政审批局(吴江环评审批),,吴江环评审批,在用,区县,320000,320500,320509,吴江区,吴江,,,,,,本级政府部门,,是,,,,行政审批,苏州市|吴江|行政审批,3200-E025,,https://sthjj.suzhou.gov.cn/szhbj/jsslgs/bjgs_list.shtml,首页 > 建设项目环评公示 > 受理公示 / 拟审批公示 / 批准项目公告,,已核实,2026-09-16,1,1,2019-10-10,2019-10-10,吴江:1,2026-09-24 实爬：该入口抓到 529 条受理公告明细
JS0263,JS0263,JS0263,,苏州市张家港生态环境局,,,在用,区县,320000,320500,320582,张家港市,张家港,,,,,,本级政府部门,,是,,,张家港经济技术开发区管理委员会:60 / 江苏省张家港保税区管理委员会:35 / 张家港市经济技术开发区(杨舍镇):21,生态环境,苏州市|张家港|生态环境,3200-E025,,https://sthjj.suzhou.gov.cn/szhbj/jsslgs/bjgs_list.shtml,首页 > 建设项目环评公示 > 受理公示 / 拟审批公示 / 批准项目公告,,已核实,2026-09-16,263,263,2021-09-03,2026-08-19,张家港:261 / (空):2,2026-09-24 实爬：该入口抓到 529 条受理公告明细
JS0278,JS0278,JS0278,,张家港市安环局,安环局,,在用,区县,320000,320500,320582,张家港市,张家港,,,,,,本级政府部门,,是,,,江苏省张家港保税区管理委员会(张家港保税物流园区管理委员会):2,生态环境,苏州市|张家港|安环局,3200-E035,,https://www.zjg.gov.cn/zjg/jsxmv/zdlylist.shtml,首页 > 建设项目环评,,已核实,2026-09-16,13,13,2021-04-07,2024-12-02,张家港:13,2026-09-24 实爬：该入口抓到 72 条受理公告明细
JS0291,JS0291,JS0291,,张家港市人民政府,,,在用,区县,320000,320500,320582,张家港市,张家港,,,,,,本级政府部门,,是,,,江苏省张家港保税区管理委员会:1,其他部门,苏州市|张家港|人民政府,3200-E035,,https://www.zjg.gov.cn/zjg/jsxmv/zdlylist.shtml,首页 > 建设项目环评,,已核实,2026-09-16,1,1,2023-07-18,2023-07-18,张家港:1,2026-09-24 实爬：该入口抓到 72 条受理公告明细
JS0276,JS0276,JS0276,,苏州市昆山生态环境局,昆山市生态环境部门,,在用,区县,320000,320500,320583,昆山市,昆山,,,,,,本级政府部门,,是,,,苏州市生态环境局(苏州市太湖水污染防治办公室):1,生态环境,苏州市|昆山|生态环境,3200-E025,,https://sthjj.suzhou.gov.cn/szhbj/jsslgs/bjgs_list.shtml,首页 > 建设项目环评公示 > 受理公示 / 拟审批公示 / 批准项目公告,,已核实,2026-09-16,31,31,2015-08-24,2025-09-02,昆山:29 / (空):2,2026-09-24 实爬：该入口抓到 529 条受理公告明细
JS0277,JS0277,JS0277,,苏州市太仓生态环境局,太仓市生态环境部门,,在用,区县,320000,320500,320585,太仓市,太仓,,,,,,本级政府部门,,是,,,港区行政审批局:5 / 太仓港经济技术开发区行政审批局:3,生态环境,苏州市|太仓|生态环境,3200-E025,,https://sthjj.suzhou.gov.cn/szhbj/jsslgs/bjgs_list.shtml,首页 > 建设项目环评公示 > 受理公示 / 拟审批公示 / 批准项目公告,,已核实,2026-09-16,21,21,2019-05-21,2025-06-18,太仓:21,2026-09-24 实爬：该入口抓到 529 条受理公告明细
JS0259,JS0259,JS0259,,苏州市生态环境局(苏州市太湖水污染防治办公室),苏州市环境保护局 / 苏州市生态环境局 / 苏州市生态环境,苏州市太湖水污染防治办公室,在用,市本级,320000,320500,,苏州市,苏州,,,,,,本级政府部门,,是,,,苏州市昆山生态环境局:507 / 苏州市环境保护局:330 / 苏州市常熟生态环境局:320,生态环境,苏州市|市本级|生态环境,3200-E025,,https://sthjj.suzhou.gov.cn/szhbj/jsslgs/bjgs_list.shtml,首页 > 建设项目环评公示 > 受理公示 / 拟审批公示 / 批准项目公告,,已核实,2026-09-16,12200,12198,2015-03-10,2026-09-15,常熟:2732 / 昆山:2536 / 张家港:1283 / 相城:1209,2026-09-24 实爬：该入口抓到 529 条受理公告明细
JS0260,JS0260,JS0260,,苏州高新区(虎丘区)生态环境局,苏州高新区（虎丘区）生态环境局,,在用,开发区/园区,320000,320500,,,,320500-Z01,本级高新区,,,320505,合署,苏州高新区管委会（虎丘区人民政府），需求方2026-09-17已确认挂虎丘,是,320500,,苏州国家高新技术产业开发区国有资产监督管理委员会办公室:21 / 苏州市生态环境局(苏州市太湖水污染防治办公室):20 / 苏州国家高新技术产业开发区管理委员会(苏州市虎丘区人民政府):7,生态环境,苏州市|本级高新区|生态环境,3200-E025,,https://sthjj.suzhou.gov.cn/szhbj/jsslgs/bjgs_list.shtml,首页 > 建设项目环评公示 > 受理公示 / 拟审批公示 / 批准项目公告,,已核实,2026-09-16,457,457,2023-09-04,2026-09-14,虎丘:431 / (空):26,2026-09-24 实爬：该入口抓到 529 条受理公告明细
JS0261,JS0261,JS0261,,江苏省张家港保税区管理委员会(张家港保税物流园区管理委员会),江苏省张家港保税区管理委员会 / 张家港保税区管理委员会 / 张家港保税区行政审批局 / 江苏张家港保税区管理委员会 / 江苏省张家港保税区管理委员,张家港保税物流园区管理委员会,在用,开发区/园区,320000,320500,,,,320500-Z02,张家港保税区,,,,,,否,,,江苏省张家港保税区管理委员会:10 / 苏州市张家港生态环境局:5 / 江苏省张家港保税区管理委员:1,开发区管委会,苏州市|张家港保税区|行政审批,3200-E035,,https://www.zjg.gov.cn/zjg/jsxmv/zdlylist.shtml,首页 > 建设项目环评,,已核实,2026-09-16,348,348,2021-03-16,2026-09-08,张家港:348,2026-09-24 实爬：该入口抓到 72 条受理公告明细
JS0262,JS0262,JS0262,,江苏昆山经济技术开发区管理委员会,,,在用,开发区/园区,320000,320500,,,,320500-Z03,昆山开发区,,,,,,否,,,苏州市生态环境局(苏州市太湖水污染防治办公室):2,开发区管委会,苏州市|昆山开发区|行政审批,3200-E042,,https://www.ks.gov.cn/kss/gsgg/,首页 > 公示公告（gsgg）,,已核实,2026-09-16,266,266,2023-09-12,2026-09-14,昆山:266,
JS0264,JS0264,JS0264,,昆山高新技术产业开发区管理委员会,,,在用,开发区/园区,320000,320500,,,,320500-Z04,昆山高新区,,,,,,否,,,苏州市昆山生态环境局:6 / 苏州市生态环境局(苏州市太湖水污染防治办公室):5 / 江苏昆山经济技术开发区管理委员会:1,开发区管委会,苏州市|昆山高新区|行政审批,3200-E042,,https://www.ks.gov.cn/kss/gsgg/,首页 > 公示公告（gsgg）,,已核实,2026-09-16,233,233,2023-09-14,2026-09-14,昆山:233,
JS0265,JS0265,JS0265,,常熟高新技术产业开发区管理委员会,常熟高新区行政审批局 / 常熟高新技术产业开发区,,在用,开发区/园区,320000,320500,,,,320500-Z05,常熟高新区,,,320581,,,是,,,常熟高新技术产业开发区:10 / 常熟高新区行政审批局:1,开发区管委会,苏州市|常熟高新区|行政审批,3200-E076,,https://china-cnz.com/notice,首页 > 通知公告,,已核实,2026-09-16,201,201,2023-08-14,2026-08-18,常熟:201,2026-09-24 实爬：该入口抓到 1 条受理公告明细
JS0266,JS0266,JS0266,,吴中开发区行政审批局,苏州吴中经开区政务服务中心 / 苏州吴中开发区行政审批局 / 苏州吴中经济技术开发区管理委员会 / 苏州吴中经济技术开发区行政审批局 / 吴中经济开发区行政审批局,,在用,开发区/园区,320000,320500,,,,320500-Z06,吴中开发区,,,,下属部门,机构名以区县名开头且为区属审批局,否,,,苏州市生态环境局(苏州市太湖水污染防治办公室):37 / 苏州吴中经济技术开发区管理委员会:10,行政审批,苏州市|吴中开发区|行政审批,3200-E027,,http://www.szwz.gov.cn/szwz/jshp/,首页 > 建设项目环评（jshp）,,已核实,2026-09-16,173,173,2018-10-22,2026-09-09,吴中:173,
JS0267,JS0267,JS0267,,苏州高新区管委会,,,在用,开发区/园区,320000,320500,,,,320500-Z01,本级高新区,,,320505,合署,苏州高新区管委会（虎丘区人民政府），需求方2026-09-17已确认挂虎丘,是,320500,,苏州市生态环境局(苏州市太湖水污染防治办公室):6 / 苏州国家高新技术产业开发区(虎丘)生态环境局:2 / 苏州国家高新技术产业开发区国有资产监督管理委员会办公室:1,开发区管委会,苏州市|本级高新区|行政审批,3200-E074,,http://www.snd.gov.cn/hqqrmzf/slgs/,首页 > 受理公示（slgs）,,已核实,2026-09-16,156,156,2023-09-14,2025-12-15,虎丘:142 / (空):14,
JS0268,JS0268,JS0268,,苏州相城经济技术开发区管理委员会,,,在用,开发区/园区,320000,320500,,,,320500-Z07,相城开发区,,,320507,,,是,,,,开发区管委会,苏州市|相城开发区|行政审批,3200-E078,,http://www.szxc.gov.cn/szxcrmzf/tzgg/,首页 > 通知公告（tzgg）,,未核实,2026-09-16,139,139,2024-06-05,2026-09-10,相城:96 / (空):42 / 吴江:1,
JS0269,JS0269,JS0269,,太仓港经济技术开发区行政审批局,,,在用,开发区/园区,320000,320500,,,,320500-Z08,太仓港开发区,,,320585,下属部门,需求方2026-09-17已确认挂太仓,是,320585,,苏州市太仓生态环境局:7 / 苏州市生态环境局(苏州市太湖水污染防治办公室):2 / 太仓港经济技术开发区管理委员会:1,行政审批,苏州市|太仓港开发区|行政审批,3200-E043,,https://www.taicang.gov.cn/taicang/gsgg/,首页 > 公示公告（gsgg）,,已核实,2026-09-16,128,128,2019-08-22,2026-09-03,太仓:126 / (空):2,
JS0270,JS0270,JS0270,,张家港经济技术开发区管理委员会,张家港市经济技术开发区(杨舍镇) / 张家港经济技术开发区,,在用,开发区/园区,320000,320500,,,,320500-Z09,张家港开发区,,,,,,否,,,苏州市张家港生态环境局:40 / 张家港市经济技术开发区(杨舍镇):14 / 张家港经济技术开发区:3,开发区管委会,苏州市|张家港开发区|行政审批,3200-E035,,https://www.zjg.gov.cn/zjg/jsxmv/zdlylist.shtml,首页 > 建设项目环评,,已核实,2026-09-16,124,124,2022-10-19,2026-08-27,张家港:124,2026-09-24 实爬：该入口抓到 72 条受理公告明细
JS0272,JS0272,JS0272,,苏州太湖国家旅游度假区管理委员会,苏州太湖国家旅游度假区政务服务中心 / 苏州太湖国家旅游度假区行政审批局 / 苏州国家旅游度假区管理委员会,,在用,开发区/园区,320000,320500,,,,320500-Z10,太湖国家旅游度假区,,,,,,否,,,苏州太湖国家旅游度假区行政审批局:29 / 度假区行政审批局:1,开发区管委会,苏州市|太湖国家旅游度假区|行政审批,3200-E027,,http://www.szwz.gov.cn/szwz/jshp/,首页 > 建设项目环评（jshp）,,已核实,2026-09-16,59,59,2020-01-07,2026-09-15,吴中:48 / (空):11,
JS0273,JS0273,JS0273,,常熟经济技术开发区管理委员会,,,在用,开发区/园区,320000,320500,,,,320500-Z11,常熟开发区,,,320581,,,是,,,,开发区管委会,苏州市|常熟开发区|行政审批,3200-E077,,https://www.changshu-china.com/part-xinxifabu.html,首页 > 信息发布,,未核实,2026-09-16,55,55,2025-10-16,2026-09-15,常熟:55,
JS0274,JS0274,JS0274,,港区行政审批局,,,在用,开发区/园区,320000,320500,,,,320500-Z12,太仓港区,,,320585,下属部门,需求方2026-09-17已确认挂太仓,是,320585,,苏州市太仓生态环境局:20 / 太仓港经济技术开发区行政审批局:4 / 太仓港经济技术开发区管理委员会:1,行政审批,苏州市|太仓港区|行政审批,3200-E043,,https://www.taicang.gov.cn/taicang/gsgg/,首页 > 公示公告（gsgg）,,已核实,2026-09-16,46,46,2019-05-09,2025-10-11,太仓:46,
JS0275,JS0275,JS0275,,苏州工业园区生态环境局,苏州工业园区国土环保局,,在用,开发区/园区,320000,320500,,,,320500-Z13,本级园区,,,,上级派出,站点title：苏州工业园区管理委员会，无区政府配对（2026-09-23核实）,否,,,苏州工业园区国土环保局:10,生态环境,苏州市|本级园区|生态环境,3200-E075,,https://www.sipac.gov.cn/gthbj/hpgs/list2_hb.shtml,首页 > 生态环境局 > 环评受理和审批公示,,已核实,2026-09-16,32,32,2020-06-18,2026-01-12,(空):26 / 虎丘:4 / 吴中:2,
JS0279,JS0279,JS0279,,苏州市交通局,,,在用,市本级,320000,320500,,苏州市,苏州,,,,,,本级政府部门,,是,,,江苏省生态环境厅:6,其他部门,苏州市|市本级|交通局,,,,首页 > 部门信息,,无独立环评栏目,2026-09-16,11,1,2007-09-30,2007-09-30,张家港:1,
JS0280,JS0280,JS0280,,度假区行政审批局,,,在用,开发区/园区,320000,320500,,,,320500-Z14,吴中度假区,,,,,,否,,,苏州市生态环境局(苏州市太湖水污染防治办公室):2,行政审批,苏州市|吴中度假区|行政审批,3200-E027,,http://www.szwz.gov.cn/szwz/jshp/,首页 > 建设项目环评（jshp）,,已核实,2026-09-16,8,8,2023-05-24,2024-06-11,吴中:7 / (空):1,
JS0281,JS0281,JS0281,,木渎镇建设和环境保护局,,,在用,开发区/园区,320000,320500,,,,320500-Z15,木渎镇,,,,,,否,,,,生态环境,苏州市|木渎镇|生态环境,3200-E027,,http://www.szwz.gov.cn/szwz/jshp/,首页 > 建设项目环评（jshp）,,已核实,2026-09-16,5,5,2019-04-01,2020-07-30,吴中:5,
JS0282,JS0282,JS0282,,苏州太湖国家旅游度假区经济发展局,,,在用,开发区/园区,320000,320500,,,,320500-Z10,太湖国家旅游度假区,,,,,,否,,,,其他部门,苏州市|太湖国家旅游度假区|太湖国家旅游度假区经济发展局,3200-E027,,http://www.szwz.gov.cn/szwz/jshp/,首页 > 建设项目环评（jshp）,,已核实,2026-09-16,5,5,2020-09-07,2022-07-13,(空):3 / 吴中:2,
JS0287,JS0287,JS0287,,苏州市行政审批局,,,在用,市本级,320000,320500,,苏州市,苏州,,,,,,本级政府部门,,是,,,苏州市生态环境局(苏州市太湖水污染防治办公室):2 / 苏州市吴中生态环境局(苏州市吴中太湖水污染防治办公室):1,行政审批,苏州市|市本级|行政审批,,,,首页 > 部门信息,,无独立环评栏目,2026-09-16,2,2,2021-09-23,2024-04-02,吴中:2,
JS0288,JS0288,JS0288,,吴中经开区企业一站式服务中心,,,在用,开发区/园区,320000,320500,,,,320500-Z06,吴中开发区,,,,下属部门,机构名以区县名开头且为区属审批局,否,,,,行政审批,苏州市|吴中开发区|经开区企业一站式服务中心,3200-E027,,http://www.szwz.gov.cn/szwz/jshp/,首页 > 建设项目环评（jshp）,,已核实,2026-09-16,1,1,2026-09-08,2026-09-08,吴中:1,
JS0290,JS0290,JS0290,,吴江经济技术开发区建设局,,,在用,开发区/园区,320000,320500,,,,320500-Z16,吴江开发区,,,,,,否,,,,其他部门,苏州市|吴江开发区|经济技术开发区建设局,3200-E025,,https://sthjj.suzhou.gov.cn/szhbj/jsslgs/bjgs_list.shtml,首页 > 建设项目环评公示 > 受理公示 / 拟审批公示 / 批准项目公告,,已核实,2026-09-16,1,1,2026-06-11,2026-06-11,吴江:1,2026-09-24 实爬：该入口抓到 529 条受理公告明细
JS0292,JS0292,JS0292,,盛泽镇行政服务局,,,在用,开发区/园区,320000,320500,,,,320500-Z17,盛泽镇,,,,,,否,,,,行政审批,苏州市|盛泽镇|盛泽镇行政服务局,,,,首页 > 镇（区）信息,,无独立环评栏目,2026-09-16,1,1,2019-10-18,2019-10-18,吴江:1,
JS0024,JS0024,JS0024,,通州区数据局,南通市通州区数据局 / 江苏省南通市通州区数据局 / 通州区区数据局 / 南通市通州区行政审批局 / 南通市通州南通市通州区数据局 / 通州区行政审批局 / 通州湾行政审批局,,在用,区县,320000,320600,320612,通州区,通州,,,,,,本级政府部门,,是,,,南通市生态环境局:61 / 南通市通州区行政审批局:9 / 通州区行政审批局:2,行政审批,南通市|通州|行政审批,3200-E045,,http://www.tongzhou.gov.cn/tzqxzspj/spgs/spgs.html,首页 > 数据局 > 审批公示,,已核实,2026-09-16,1525,1525,2016-01-18,2026-08-20,通州:1513 / (空):12,2026-09-24 实爬：该入口抓到 244 条受理公告明细
JS0042,JS0042,JS0042,,南通市通州生态环境局,通州区环保局,,在用,区县,320000,320600,320612,通州区,通州,,,,,,本级政府部门,,是,,,南通市生态环境局:1 / 南通市通州区数据局:1,生态环境,南通市|通州|生态环境,3200-E045,,http://www.tongzhou.gov.cn/tzqxzspj/spgs/spgs.html,首页 > 数据局 > 审批公示,,已核实,2026-09-16,8,8,2016-01-06,2025-02-13,通州:8,2026-09-24 实爬：该入口抓到 244 条受理公告明细
JS0050,JS0050,JS0050,,南通市通州区教育体育局,,,在用,区县,320000,320600,320612,通州区,通州,,,,,,本级政府部门,,是,,,南通市教育体育局:1,其他部门,南通市|通州|教育体育局,,,,通州区政府门户 > 部门信息,,无独立环评栏目,2026-09-16,1,1,2022-11-08,2022-11-08,通州:1,
JS0044,JS0044,JS0044,,南通市崇川区行政审批局,,,在用,区县,320000,320600,320613,崇川区,崇川,,,,,,本级政府部门,,是,,,南通市生态环境局开发区分局(南通经济技术开发区生态环境局):1,行政审批,南通市|崇川|行政审批,3200-E023,,https://shuju.nantong.gov.cn/ntsxzspj/sphjgs/sphjgs.html,首页 > 行政审批件 > 审批环节公示,,已核实,2026-09-16,2,2,2024-01-04,2025-11-05,崇川:1 / (空):1,2026-09-24 实爬：该入口抓到 299 条受理公告明细
JS0028,JS0028,JS0028,,南通市海门区数据局,南通市海门区行政审批局 / 通市海门区行政审批局,,在用,区县,320000,320600,320614,海门区,海门,,,,,,本级政府部门,,是,,,南通市海门区行政审批局:2 / 南通市生态环境局:2,行政审批,南通市|海门|行政审批,3200-E037,,https://www.haimen.gov.cn/hmsrmzf/slgs/slgs.html,首页 > 受理公示（slgs）；另有政务服务中心“办理项目公示”（hmszwfwzx/blxmgs）,,已核实,2026-09-16,348,348,2016-03-17,2024-07-03,海门:347 / (空):1,2026-09-24 实爬：该入口抓到 196 条受理公告明细
JS0032,JS0032,JS0032,,南通市海门生态环境局,,,在用,区县,320000,320600,320614,海门区,海门,,,,,,本级政府部门,,是,,,南通市生态环境局:3 / 南通市海门区行政审批局:2,生态环境,南通市|海门|生态环境,3200-E037,,https://www.haimen.gov.cn/hmsrmzf/slgs/slgs.html,首页 > 受理公示（slgs）；另有政务服务中心“办理项目公示”（hmszwfwzx/blxmgs）,,已核实,2026-09-16,145,145,2013-11-05,2020-06-10,海门:145,2026-09-24 实爬：该入口抓到 196 条受理公告明细
JS0038,JS0038,JS0038,,南通市海门区城市管理局,,,在用,区县,320000,320600,320614,海门区,海门,,,,,,本级政府部门,,是,,,南通市海门区行政审批局:2 / 南通市行政审批局:1,其他部门,南通市|海门|城市管理局,,,,海门区政府门户 > 部门信息,,无独立环评栏目,2026-09-16,12,12,2019-10-12,2019-11-15,海门:12,
JS0045,JS0045,JS0045,,南通市海门区公安局,,,在用,区县,320000,320600,320614,海门区,海门,,,,,,本级政府部门,,是,,,,其他部门,南通市|海门|公安局,,,,海门区政府门户 > 部门信息,,无独立环评栏目,2026-09-16,2,2,2018-04-08,2018-05-03,海门:2,
JS0046,JS0046,JS0046,,南通市海门区发展和改革委员会,,,在用,区县,320000,320600,320614,海门区,海门,,,,,,本级政府部门,,是,,,南通市海门区行政审批局:1 / 南通市生态环境局:1,其他部门,南通市|海门|发展和改革委员会,,,,海门区政府门户 > 部门信息,,无独立环评栏目,2026-09-16,2,2,2024-07-05,2024-07-09,海门:2,
JS0049,JS0049,JS0049,,南通市海门区民政局,,,在用,区县,320000,320600,320614,海门区,海门,,,,,,本级政府部门,,是,,,,其他部门,南通市|海门|民政局,,,,海门区政府门户 > 部门信息,,无独立环评栏目,2026-09-16,1,1,2018-04-11,2018-04-11,海门:1,
JS0054,JS0054,JS0054,,海门市农业资源开发局,,,在用,区县,320000,320600,320614,海门区,海门,,,,,,本级政府部门,,是,,,,其他部门,南通市|海门|农业资源开发局,,,,海门区政府门户 > 部门信息,,无独立环评栏目,2026-09-16,1,1,2017-08-25,2017-08-25,海门:1,
JS0026,JS0026,JS0026,,如东县数据局,如东县行政审批局,,在用,区县,320000,320600,320623,如东县,如东,,,,,,本级政府部门,,是,,,如东县行政审批局:38 / 南通市生态环境局:22 / 南通市如东生态环境局:3,行政审批,南通市|如东|行政审批,3200-E036,,https://www.rudong.gov.cn/gggs/gggs.html,首页 > 公告公示,,已核实,2026-09-16,1049,1049,2016-08-11,2026-09-07,如东:1044 / (空):5,
JS0035,JS0035,JS0035,,南通市如东生态环境局,,,在用,区县,320000,320600,320623,如东县,如东,,,,,,本级政府部门,,是,,,南通市生态环境局:12 / 如东县行政审批局:2 / 如东县数据局:1,生态环境,南通市|如东|生态环境,3200-E036,,https://www.rudong.gov.cn/gggs/gggs.html,首页 > 公告公示,,已核实,2026-09-16,18,18,2018-11-20,2025-06-26,如东:18,
JS0052,JS0052,JS0052,,如东县交通运输局,,,在用,区县,320000,320600,320623,如东县,如东,,,,,,本级政府部门,,是,,,南通市行政审批局:1 / 如东县行政审批局:1,其他部门,南通市|如东|交通运输局,,,,如东县政府门户 > 部门信息,,无独立环评栏目,2026-09-16,1,1,2024-01-16,2024-01-16,如东:1,
JS0039,JS0039,JS0039,,南通市启东生态环境局,,,在用,区县,320000,320600,320681,启东市,启东,,,,,,本级政府部门,,是,,,启东市数据局:3 / 启东市行政审批局:1,生态环境,南通市|启东|生态环境,3200-E023,,https://shuju.nantong.gov.cn/ntsxzspj/sphjgs/sphjgs.html,首页 > 行政审批件 > 审批环节公示,,已核实,2026-09-16,11,11,2024-12-31,2026-08-14,启东:11,2026-09-24 实爬：该入口抓到 299 条受理公告明细
JS0047,JS0047,JS0047,,启东市数据局,,,在用,区县,320000,320600,320681,启东市,启东,,,,,,本级政府部门,,是,,,,行政审批,南通市|启东|行政审批,3200-E023,,https://shuju.nantong.gov.cn/ntsxzspj/sphjgs/sphjgs.html,首页 > 行政审批件 > 审批环节公示,,已核实,2026-09-16,2,2,2026-03-11,2026-07-21,启东:2,2026-09-24 实爬：该入口抓到 299 条受理公告明细
JS0051,JS0051,JS0051,,启东市自然资源和规划局,,,在用,区县,320000,320600,320681,启东市,启东,,,,,,本级政府部门,,是,,,,其他部门,南通市|启东|自然资源和规划局,,,,启东市政府门户 > 部门信息（本次未定位到门户地址）,,无独立环评栏目,2026-09-16,1,1,2026-06-08,2026-06-08,启东:1,
JS0023,JS0023,JS0023,,如皋市数据局,如皋市行政审批局,,在用,区县,320000,320600,320682,如皋市,如皋,,,,,,本级政府部门,,是,,,南通市如皋生态环境局:96 / 如皋市行政审批局:17 / 南通市生态环境局:1,行政审批,南通市|如皋|行政审批,3200-E044,,https://www.rugao.gov.cn/rgszxzspj/gggs/,首页 > 数据局 > 公告公示,,已核实,2026-09-16,1753,1753,2017-03-16,2026-09-15,如皋:1752 / (空):1,
JS0037,JS0037,JS0037,,南通市如皋生态环境局,,,在用,区县,320000,320600,320682,如皋市,如皋,,,,,,本级政府部门,,是,,,如皋市数据局:2 / 如皋市长江镇人民政府:1,生态环境,南通市|如皋|生态环境,3200-E044,,https://www.rugao.gov.cn/rgszxzspj/gggs/,首页 > 数据局 > 公告公示,,已核实,2026-09-16,13,13,2023-10-09,2025-05-15,如皋:13,
JS0027,JS0027,JS0027,,南通市海安生态环境局,,,在用,区县,320000,320600,320685,海安市,海安,,,,,,本级政府部门,,是,,,海安市行政审批局:176 / 海安县行政审批局:8 / 海安经济技术开发区行政审批局:5,生态环境,南通市|海安|生态环境,3200-E023,,https://shuju.nantong.gov.cn/ntsxzspj/sphjgs/sphjgs.html,首页 > 行政审批件 > 审批环节公示,,已核实,2026-09-16,738,737,2016-01-04,2026-07-22,海安:737,2026-09-24 实爬：该入口抓到 299 条受理公告明细
JS0034,JS0034,JS0034,,海安市数据局,海安市行政审批局,,在用,区县,320000,320600,320685,海安市,海安,,,,,,本级政府部门,,是,,,南通市海安生态环境局:5,行政审批,南通市|海安|行政审批,3200-E023,,https://shuju.nantong.gov.cn/ntsxzspj/sphjgs/sphjgs.html,首页 > 行政审批件 > 审批环节公示,,已核实,2026-09-16,23,23,2019-01-17,2024-07-25,海安:23,2026-09-24 实爬：该入口抓到 299 条受理公告明细
JS0053,JS0053,JS0053,,海安市交通运输局,,,在用,区县,320000,320600,320685,海安市,海安,,,,,,本级政府部门,,是,,,,其他部门,南通市|海安|交通运输局,,,,海安市政府门户 > 部门信息（本次未定位到门户地址）,,无独立环评栏目,2026-09-16,1,1,2023-02-24,2023-02-24,海安:1,
JS0025,JS0025,JS0025,,南通市生态环境局,,,在用,市本级,320000,320600,,南通市,南通,,,,,,本级政府部门,,是,,,海门经济技术开发区管理委员会:69 / 通州区数据局:35 / 南通市海门区数据局:33,生态环境,南通市|市本级|生态环境,3200-E079,,https://sthjj.nantong.gov.cn/ntshbj/jsxmgs/jsxmgs.html,首页 > 项目公示,,已核实,2026-09-16,1161,1161,2015-04-09,2026-08-13,海门:627 / 如东:198 / 通州:144 / 崇川:55,2026-09-24 实爬：该入口抓到 188 条受理公告明细
JS0029,JS0029,JS0029,,南通市生态环境局开发区分局(南通经济技术开发区生态环境局),,南通经济技术开发区生态环境局,在用,开发区/园区,320000,320600,,,,320600-Z01,本级开发区,,,,,,否,,,南通市经济技术开发区管理委员会:29 / 南通市生态环境局:8 / 南通市行政审批局:3,生态环境,南通市|本级开发区|生态环境,3200-E023,,https://shuju.nantong.gov.cn/ntsxzspj/sphjgs/sphjgs.html,首页 > 行政审批件 > 审批环节公示,,已核实,2026-09-16,313,313,2020-08-20,2026-08-13,(空):186 / 崇川:127,2026-09-24 实爬：该入口抓到 299 条受理公告明细
JS0030,JS0030,JS0030,,南通市数据局,南通市区数据局 / 江苏省南通市数据局 / 南通市行政审批局 / 南通市行政审批局(南通市政务服务中心、南通市公共资源交易管理办公室),,在用,市本级,320000,320600,,南通市,南通,,,,,,本级政府部门,,是,,,南通市生态环境局:2,行政审批,南通市|市本级|行政审批,3200-E023,,https://shuju.nantong.gov.cn/ntsxzspj/sphjgs/sphjgs.html,首页 > 行政审批件 > 审批环节公示,,已核实,2026-09-16,311,311,2016-12-29,2026-08-26,如东:116 / 海门:40 / 崇川:33 / 通州:28,2026-09-24 实爬：该入口抓到 299 条受理公告明细
JS0031,JS0031,JS0031,,南通高新区管委会,南通高新区行政审批局 / 南通高新技术产业开发区管理委员会 / 南通市行政审批局(南通高新区),,在用,开发区/园区,320000,320600,,,,320600-Z02,本级高新区,,,,,,否,,,南通市生态环境局:27 / 南通高新技术产业开发区管理委员会:10,开发区管委会,南通市|本级高新区|行政审批,3200-E023,,https://shuju.nantong.gov.cn/ntsxzspj/sphjgs/sphjgs.html,首页 > 行政审批件 > 审批环节公示,,已核实,2026-09-16,189,189,2020-09-30,2026-09-14,通州:181 / (空):8,2026-09-24 实爬：该入口抓到 299 条受理公告明细
JS0033,JS0033,JS0033,,通州湾示范区行政审批局,,,在用,开发区/园区,320000,320600,,,,320600-Z03,通州湾示范区,,,,,,否,,,,行政审批,南通市|通州湾示范区|行政审批,3200-E081,,https://tzw.nantong.gov.cn/tzwjhldkfsfq/hbjg/,首页 > 环保监管（hbjg）,,访问受限,2026-09-24,145,145,2021-07-08,2026-08-28,通州:143 / (空):2,2026-09-24 实爬：http/https 均 403，浏览器窗格同样
JS0036,JS0036,JS0036,,南通市经济技术开发区管理委员会,南通市经济技术开发区行政审批局,,在用,开发区/园区,320000,320600,,,,320600-Z01,本级开发区,,,,,,否,,,南通市生态环境局开发区分局(南通经济技术开发区生态环境局):9 / 南通市经济技术开发区:2 / 南通市生态环境局:1,开发区管委会,南通市|本级开发区|行政审批,3200-E080,,https://www.netda.gov.cn/ntjjkfqrmzf/tzgg/,首页 > 通知公告（tzgg）,,访问受限,2026-09-24,16,16,2020-11-27,2025-10-15,(空):10 / 崇川:6,2026-09-24 实爬：http/https 均 403，浏览器窗格同样
JS0040,JS0040,JS0040,,江苏省如东经济开发区管理委员会,,,在用,开发区/园区,320000,320600,,,,320600-Z04,如东开发区,,,,,,否,,,,开发区管委会,南通市|如东开发区|行政审批,3200-E036,,https://www.rudong.gov.cn/gggs/gggs.html,首页 > 公告公示,,已核实,2026-09-16,11,11,2024-09-20,2025-09-19,如东:11,
JS0041,JS0041,JS0041,,海门经济技术开发区管理委员会,南通市行政审批局(海门开发区),,在用,开发区/园区,320000,320600,,,,320600-Z05,海门开发区,,,,,,否,,,南通市生态环境局:4,开发区管委会,南通市|海门开发区|行政审批,3200-E037,,https://www.haimen.gov.cn/hmsrmzf/slgs/slgs.html,首页 > 受理公示（slgs）；另有政务服务中心“办理项目公示”（hmszwfwzx/blxmgs）,,已核实,2026-09-16,9,9,2019-02-13,2024-11-26,海门:9,2026-09-24 实爬：该入口抓到 196 条受理公告明细
JS0043,JS0043,JS0043,,海安经济技术开发区管委会行政审批局,海安经济技术开发区行政审批局,,在用,开发区/园区,320000,320600,,,,320600-Z06,海安开发区,,,,,,否,,,南通市海安生态环境局:1,行政审批,南通市|海安开发区|行政审批,3200-E023,,https://shuju.nantong.gov.cn/ntsxzspj/sphjgs/sphjgs.html,首页 > 行政审批件 > 审批环节公示,,已核实,2026-09-16,4,4,2023-10-23,2026-08-06,海安:4,2026-09-24 实爬：该入口抓到 299 条受理公告明细
JS0048,JS0048,JS0048,,南通市司法局,,,在用,市本级,320000,320600,,南通市,南通,,,,,,本级政府部门,,是,,,,其他部门,南通市|市本级|司法局,,,,南通市政府门户 > 部门信息,,无独立环评栏目,2026-09-16,1,1,2022-03-31,2022-03-31,(空):1,
JS0055,JS0055,JS0055,,高新区行政审批局,,,在用,开发区/园区,320000,320600,,,,320600-Z07,海安高新区,,,,,,否,,,宿迁市生态环境局:2 / 宿迁高新技术产业开发区行政审批局:1,行政审批,南通市|海安高新区|行政审批,3200-E023,,https://shuju.nantong.gov.cn/ntsxzspj/sphjgs/sphjgs.html,首页 > 行政审批件 > 审批环节公示,,已核实,2026-09-16,1,1,2026-07-15,2026-07-15,海安:1,2026-09-24 实爬：该入口抓到 299 条受理公告明细
JS0301,JS0301,JS0301,,连云港市连云生态环境局,连云港市连云区环境保护局,,在用,区县,320000,320700,320703,连云区,连云,,,,,,本级政府部门,,是,,,连云港市生态环境局:21,生态环境,连云港市|连云|生态环境,3200-E017,,http://hbj.lyg.gov.cn/slgs/slgs.html,首页 > 受理公示 / 建设项目审批,,已核实,2026-09-16,197,197,2017-11-17,2026-08-18,连云:171 / (空):26,2026-09-24 实爬：该入口抓到 86 条受理公告明细
JS0309,JS0309,JS0309,,江苏省连云港市灌南县交通运输局,,,在用,区县,320000,320700,320703,连云区,连云,,,,,,本级政府部门,,是,,,,其他部门,连云港市|连云|交通运输局,,,,连云港市政府门户 > 部门信息,,无独立环评栏目,2026-09-16,1,1,2022-03-03,2022-03-03,灌南:1,
JS0304,JS0304,JS0304,,海州生态环境局,,,在用,区县,320000,320700,320706,海州区,海州,,,,,,本级政府部门,,是,,,连云港市生态环境局:16 / 连云港市海州生态环境局:4,生态环境,连云港市|海州|生态环境,3200-E017,,http://hbj.lyg.gov.cn/slgs/slgs.html,首页 > 受理公示 / 建设项目审批,,已核实,2026-09-16,159,159,2020-03-13,2026-06-30,海州:149 / (空):10,2026-09-24 实爬：该入口抓到 86 条受理公告明细
JS0298,JS0298,JS0298,,连云港市赣榆生态环境局,连云港市赣榆区环境保护局,,在用,区县,320000,320700,320707,赣榆区,赣榆,,,,,,本级政府部门,,是,,,连云港市生态环境局:51 / 江苏省生态环境厅:1 / 江苏省生态环境厅核管局:1,生态环境,连云港市|赣榆|生态环境,3200-E017,,http://hbj.lyg.gov.cn/slgs/slgs.html,首页 > 受理公示 / 建设项目审批,,已核实,2026-09-16,612,612,2019-01-08,2026-09-11,赣榆:600 / (空):7 / 灌云:4 / 海州:1,2026-09-24 实爬：该入口抓到 86 条受理公告明细
JS0299,JS0299,JS0299,,连云港市东海生态环境局,海生态环境局 / 东海县环境保护局,,在用,区县,320000,320700,320722,东海县,东海,,,,,,本级政府部门,,是,,,连云港市生态环境局:50 / 海生态环境局:8 / 东海县环境保护局:3,生态环境,连云港市|东海|生态环境,3200-E017,,http://hbj.lyg.gov.cn/slgs/slgs.html,首页 > 受理公示 / 建设项目审批,,已核实,2026-09-16,565,565,2019-03-20,2026-09-11,东海:563 / (空):2,2026-09-24 实爬：该入口抓到 86 条受理公告明细
JS0300,JS0300,JS0300,,连云港市灌云生态环境局,,,在用,区县,320000,320700,320723,灌云县,灌云,,,,,,本级政府部门,,是,,,连云港市生态环境局:190 / 灌云县交通运输局:1 / 灌云县民政局:1,生态环境,连云港市|灌云|生态环境,3200-E017,,http://hbj.lyg.gov.cn/slgs/slgs.html,首页 > 受理公示 / 建设项目审批,,已核实,2026-09-16,291,291,2019-11-22,2026-08-14,灌云:287 / (空):4,2026-09-24 实爬：该入口抓到 86 条受理公告明细
JS0297,JS0297,JS0297,,连云港市灌南生态环境局,灌南县环境保护局,,在用,区县,320000,320700,320724,灌南县,灌南,,,,,,本级政府部门,,是,,,连云港市生态环境局:105 / 灌南县应急管理局:1 / 灌南县行政审批局:1,生态环境,连云港市|灌南|生态环境,3200-E017,,http://hbj.lyg.gov.cn/slgs/slgs.html,首页 > 受理公示 / 建设项目审批,,已核实,2026-09-16,629,625,2014-01-06,2026-09-09,灌南:619 / (空):5 / 灌云:1,2026-09-24 实爬：该入口抓到 86 条受理公告明细
JS0296,JS0296,JS0296,,连云港市生态环境局,连云港市凌州东路9号政务服务中心B035号生态环境局,,在用,市本级,320000,320700,,连云港市,连云港,,,,,,本级政府部门,,是,,,连云港市灌南生态环境局:75 / 连云港市赣榆生态环境局:31 / 连云港市灌云生态环境局:29,生态环境,连云港市|市本级|生态环境,3200-E017,,http://hbj.lyg.gov.cn/slgs/slgs.html,首页 > 受理公示 / 建设项目审批,,已核实,2026-09-16,1056,1055,2009-04-24,2026-09-10,(空):287 / 赣榆:181 / 连云:153 / 灌南:143,2026-09-24 实爬：该入口抓到 86 条受理公告明细
JS0302,JS0302,JS0302,,国家东中西区域合作示范区环境保护局,国家东中西区域合作示范区(连云港徐圩新区)环境保护局 / 东中西示范区环境保护局,,在用,开发区/园区,320000,320700,,,,320700-Z02,国家东中西区域示范区,,,,,,否,,,中华人民共和国生态环境部:1 / 江苏省气象局:1,生态环境,连云港市|国家东中西区域示范区|生态环境,3200-E017,,http://hbj.lyg.gov.cn/slgs/slgs.html,首页 > 受理公示 / 建设项目审批,,已核实,2026-09-16,180,180,2014-02-27,2026-09-08,连云:151 / (空):29,2026-09-24 实爬：该入口抓到 86 条受理公告明细
JS0303,JS0303,JS0303,,连云港经济技术开发区行政审批局,,,在用,开发区/园区,320000,320700,,,,320700-Z01,本级开发区,,,,,,否,,,连云港经济技术开发区环境保护局:4 / 连云港经济技术开发区生态环境局:4 / 连云经济开发区行政审批局:1,行政审批,连云港市|本级开发区|行政审批,3200-E017,,http://hbj.lyg.gov.cn/slgs/slgs.html,首页 > 受理公示 / 建设项目审批,,已核实,2026-09-16,160,160,2021-10-20,2026-09-07,(空):154 / 连云:6,2026-09-24 实爬：该入口抓到 86 条受理公告明细
JS0305,JS0305,JS0305,,徐圩新区环保局,徐圩新区环境保护局 / 连云港徐圩新区环境保护局,,在用,开发区/园区,320000,320700,,,,320700-Z03,徐圩新区,,,,,,否,,,,生态环境,连云港市|徐圩新区|生态环境,3200-E017,,http://hbj.lyg.gov.cn/slgs/slgs.html,首页 > 受理公示 / 建设项目审批,,已核实,2026-09-16,57,57,2018-12-13,2026-06-23,连云:45 / (空):12,2026-09-24 实爬：该入口抓到 86 条受理公告明细
JS0306,JS0306,JS0306,,连云港市交通运输局,,,在用,市本级,320000,320700,,连云港市,连云港,,,,,,本级政府部门,,是,,,江苏省生态环境厅:9 / 扬州市生态环境局:1 / 淮安市城市管理局:1,其他部门,连云港市|市本级|交通运输局,,,,连云港市政府门户 > 部门信息,,无独立环评栏目,2026-09-16,31,1,2009-04-07,2009-04-07,(空):1,
JS0307,JS0307,JS0307,,连云港经济技术开发区环境保护局,,,在用,开发区/园区,320000,320700,,,,320700-Z01,本级开发区,,,,,,否,,,,生态环境,连云港市|本级开发区|生态环境,3200-E017,,http://hbj.lyg.gov.cn/slgs/slgs.html,首页 > 受理公示 / 建设项目审批,,已核实,2026-09-16,22,22,2018-11-14,2025-12-12,(空):20 / 灌云:2,2026-09-24 实爬：该入口抓到 86 条受理公告明细
JS0308,JS0308,JS0308,,连云港高新技术产业开发区行政审批局,连云港高新区,,在用,开发区/园区,320000,320700,,,,320700-Z04,本级高新区,,,,,,否,,,,行政审批,连云港市|本级高新区|行政审批,3200-E017,,http://hbj.lyg.gov.cn/slgs/slgs.html,首页 > 受理公示 / 建设项目审批,,已核实,2026-09-16,2,2,2025-12-23,2026-01-29,海州:2,2026-09-24 实爬：该入口抓到 86 条受理公告明细
JS0310,JS0310,JS0310,,连云港高新区科创城3号楼审批大厅,,,在用,开发区/园区,320000,320700,,,,320700-Z04,本级高新区,,,,,,否,,,,行政审批,连云港市|本级高新区|高新区科创城3号楼审批大厅,3200-E017,,http://hbj.lyg.gov.cn/slgs/slgs.html,首页 > 受理公示 / 建设项目审批,,已核实,2026-09-16,1,1,2025-09-18,2025-09-18,海州:1,2026-09-24 实爬：该入口抓到 86 条受理公告明细
JS0211,JS0211,JS0211,,淮安市淮安生态环境局,淮安市淮安区环境保护局,,在用,区县,320000,320800,320803,淮安区,淮安,,,,,,本级政府部门,,是,,,淮安市生态环境局:98 / 淮安市清江浦生态环境局:1,生态环境,淮安市|淮安|生态环境,3200-E046,,http://www.zghaq.gov.cn/col/904_568817/index.html,淮安区政府门户 > 信息公开,,未核实,2026-09-24,367,367,2019-01-23,2026-08-25,淮安:310 / 清江浦:50 / (空):7,2026-09-24 实爬：栏目页是壳，iframe 指向的内页 404，入口需重新定位
JS0229,JS0229,JS0229,,淮安市淮安区交通运输局,,,在用,区县,320000,320800,320803,淮安区,淮安,,,,,,本级政府部门,,是,,,淮安市淮安生态环境局:1,其他部门,淮安市|淮安|交通运输局,,,,淮安区政府门户 > 部门信息,,无独立环评栏目,2026-09-16,3,3,2020-06-18,2020-07-16,淮安:3,
JS0232,JS0232,JS0232,,江苏省淮安市涟水县人民政府,,,在用,区县,320000,320800,320803,淮安区,淮安,,,,,,本级政府部门,,是,,,,其他部门,淮安市|淮安|人民政府,,,,涟水县政府门户（本次未定位到门户地址）,,无独立环评栏目,2026-09-16,1,1,2025-05-28,2025-05-28,涟水:1,
JS0233,JS0233,JS0233,,江苏省淮安市盱眙县水务局,,,在用,区县,320000,320800,320803,淮安区,淮安,,,,,,本级政府部门,,是,,,淮安市盱眙生态环境局:1,其他部门,淮安市|淮安|水务局,,,,盱眙县政府门户 > 部门信息（本次未定位到门户地址）,,无独立环评栏目,2026-09-16,1,1,2024-05-31,2024-05-31,盱眙:1,
JS0237,JS0237,JS0237,,淮安市淮安区行政审批局,,,在用,区县,320000,320800,320803,淮安区,淮安,,,,,,本级政府部门,,是,,,,行政审批,淮安市|淮安|行政审批,3200-E046,,http://www.zghaq.gov.cn/col/904_568817/index.html,淮安区政府门户 > 信息公开,,未核实,2026-09-24,1,1,2024-06-12,2024-06-12,淮安:1,2026-09-24 实爬：栏目页是壳，iframe 指向的内页 404，入口需重新定位
JS0210,JS0210,JS0210,,淮安市淮阴生态环境局,淮安市淮阴区环境保护局,,在用,区县,320000,320800,320804,淮阴区,淮阴,,,,,,本级政府部门,,是,,,淮安市生态环境局:36 / 淮安市淮阴区环境保护局:10 / 淮阴区行政审批服务中心:2,生态环境,淮安市|淮阴|生态环境,3200-E082,,http://www.zghy.gov.cn/col/1487_475646/index.html,淮阴区政府门户 > 信息公开 > 生态环境,,未核实,2026-09-24,884,884,2017-01-06,2026-09-15,淮阴:852 / 淮安:26 / (空):6,2026-09-24 实爬：栏目页是壳，iframe 指向的内页 404，入口需重新定位
JS0221,JS0221,JS0221,,淮安市清江浦生态环境局,,,在用,区县,320000,320800,320812,清江浦区,清江浦,,,,,,本级政府部门,,是,,,淮安市生态环境局:7,生态环境,淮安市|清江浦|生态环境,3200-E083,,http://www.haqjp.gov.cn/,清江浦区政府门户 > 信息公开,,未核实,2026-09-16,20,20,2025-12-23,2026-09-11,清江浦:20,
JS0212,JS0212,JS0212,,淮安市洪泽生态环境局,淮安市洪泽区环境保护局,,在用,区县,320000,320800,320813,洪泽区,洪泽,,,,,,本级政府部门,,是,,,淮安市生态环境局:25 / 新乡市环境保护局:2 / 淮安市洪泽生态环境局开发区分局:2,生态环境,淮安市|洪泽|生态环境,3200-E021,辐射类环评项目,https://sthjj.huaian.gov.cn/col/13256_883485/index.html,首页 > 信息公开（受理公示、拟批准公告、审批决定都在该局信息公开条目里）,,已核实,2026-09-24,317,317,2017-10-17,2026-09-04,洪泽:315 / (空):2,2026-09-24 实爬：13403_336214 是空壳栏目；真实栏目 13256_883485，且 435 条里只有 58 条受理、其中 56 条是核与辐射
JS0219,JS0219,JS0219,,淮安市涟水生态环境局,涟水县环境保护局,,在用,区县,320000,320800,320826,涟水县,涟水,,,,,,本级政府部门,,是,,,淮安市生态环境局:15 / 涟水县环境保护局:1,生态环境,淮安市|涟水|生态环境,3200-E021,辐射类环评项目,https://sthjj.huaian.gov.cn/col/13256_883485/index.html,首页 > 信息公开（受理公示、拟批准公告、审批决定都在该局信息公开条目里）,,已核实,2026-09-24,82,82,2017-07-26,2026-09-14,涟水:78 / (空):4,2026-09-24 实爬：13403_336214 是空壳栏目；真实栏目 13256_883485，且 435 条里只有 58 条受理、其中 56 条是核与辐射
JS0234,JS0234,JS0234,,涟水县环境监察局,,,在用,区县,320000,320800,320826,涟水县,涟水,,,,,,本级政府部门,,是,,,,生态环境,淮安市|涟水|环境监察局,,,,同上,,未核实,2026-09-16,1,1,2018-06-04,2018-06-04,涟水:1,
JS0213,JS0213,JS0213,,淮安市盱眙生态环境局,盱眙县环境保护局,,在用,区县,320000,320800,320830,盱眙县,盱眙,,,,,,本级政府部门,,是,,,盱眙县审批局:41 / 淮安市生态环境局:20 / 盱眙县数据局社会事务审批科环保窗口:6,生态环境,淮安市|盱眙|生态环境,3200-E021,辐射类环评项目,https://sthjj.huaian.gov.cn/col/13256_883485/index.html,首页 > 信息公开（受理公示、拟批准公告、审批决定都在该局信息公开条目里）,,已核实,2026-09-24,292,292,2017-09-22,2026-09-15,盱眙:289 / (空):2 / 淮安:1,2026-09-24 实爬：13403_336214 是空壳栏目；真实栏目 13256_883485，且 435 条里只有 58 条受理、其中 56 条是核与辐射
JS0231,JS0231,JS0231,,盱眙县数据局,,,在用,区县,320000,320800,320830,盱眙县,盱眙,,,,,,本级政府部门,,是,,,淮安市盱眙生态环境局:2,行政审批,淮安市|盱眙|行政审批,3200-E021,辐射类环评项目,https://sthjj.huaian.gov.cn/col/13256_883485/index.html,首页 > 信息公开（受理公示、拟批准公告、审批决定都在该局信息公开条目里）,,已核实,2026-09-24,2,2,2025-09-11,2025-09-25,盱眙:2,2026-09-24 实爬：13403_336214 是空壳栏目；真实栏目 13256_883485，且 435 条里只有 58 条受理、其中 56 条是核与辐射
JS0214,JS0214,JS0214,,淮安市金湖生态环境局,金湖县市民中心生态环境局 / 金湖县环境保护局,,在用,区县,320000,320800,320831,金湖县,金湖,,,,,,本级政府部门,,是,,,淮安市生态环境局:17 / 金湖县环境保护局:1,生态环境,淮安市|金湖|生态环境,3200-E021,辐射类环评项目,https://sthjj.huaian.gov.cn/col/13256_883485/index.html,首页 > 信息公开（受理公示、拟批准公告、审批决定都在该局信息公开条目里）,,已核实,2026-09-24,175,175,2017-04-27,2026-09-15,金湖:175,2026-09-24 实爬：13403_336214 是空壳栏目；真实栏目 13256_883485，且 435 条里只有 58 条受理、其中 56 条是核与辐射
JS0209,JS0209,JS0209,,淮安市生态环境局,淮安区行政服务中心生态环境局 / 淮安市生态环境局环保分局,,在用,市本级,320000,320800,,淮安市,淮安,,,,,,本级政府部门,,是,,,淮安市涟水生态环境局:86 / 淮安市园区生态环境局:43 / 淮安市淮安生态环境局:29,生态环境,淮安市|市本级|生态环境,3200-E021,辐射类环评项目,https://sthjj.huaian.gov.cn/col/13256_883485/index.html,首页 > 信息公开（受理公示、拟批准公告、审批决定都在该局信息公开条目里）,,已核实,2026-09-24,1552,1552,2006-12-04,2026-09-14,(空):441 / 涟水:413 / 淮安:334 / 清江浦:99,2026-09-24 实爬：13403_336214 是空壳栏目；真实栏目 13256_883485，且 435 条里只有 58 条受理、其中 56 条是核与辐射
JS0215,JS0215,JS0215,,经开区分局,,,在用,开发区/园区,320000,320800,,,,320800-Z02,淮安开发区,,,,,,否,,,淮安市生态环境局:27 / 淮安经济技术开发区行政审批局:10 / 淮安市生态环境局经开区分局:8,生态环境,淮安市|淮安开发区|经开区分局,3200-E032,,https://hadz.huaian.gov.cn/col/11497_521282/index.html,淮安经济技术开发区管委会门户 > 信息公开,,未核实,2026-09-17,119,119,2022-10-13,2024-06-24,淮安:83 / (空):36,
JS0216,JS0216,JS0216,,淮安市生态环境局经开区分局,淮安市生态环境局经济技术开发区分局 / 淮安市环境保护局经济技术开发区分局,,在用,开发区/园区,320000,320800,,,,320800-Z01,本级开发区,,,,,,否,,,,生态环境,淮安市|本级开发区|生态环境,3200-E032,,https://hadz.huaian.gov.cn/col/11497_521282/index.html,淮安经济技术开发区管委会门户 > 信息公开,,未核实,2026-09-17,107,107,2019-02-01,2025-11-18,(空):85 / 淮安:18 / 清江浦:4,
JS0217,JS0217,JS0217,,淮安市生态环境局工业园区分局,淮安市园区生态环境局 / 淮安市环境保护局工业园区分局,,在用,开发区/园区,320000,320800,,,,320800-Z03,本级园区,,,,,,否,,,淮安市生态环境局:9,生态环境,淮安市|本级园区|生态环境,3200-E038,,https://hipac.huaian.gov.cn/,江苏淮安工业园区管委会门户 > 信息公开,,未核实,2026-09-16,100,100,2020-06-19,2026-07-21,(空):69 / 淮安:30 / 清江浦:1,
JS0218,JS0218,JS0218,,淮安经济技术开发区环保分局,,,在用,开发区/园区,320000,320800,,,,320800-Z01,本级开发区,,,,,,否,,,淮安经济技术开发区管理委员会:83 / 淮安市环境保护局经济技术开发区分局:23 / 淮安市环保局经济技术开发区分局:6,生态环境,淮安市|本级开发区|经济技术开发区环保分局,3200-E032,,https://hadz.huaian.gov.cn/col/11497_521282/index.html,淮安经济技术开发区管委会门户 > 信息公开,,未核实,2026-09-17,91,91,2011-01-10,2018-11-05,(空):75 / 清江浦:16,
JS0220,JS0220,JS0220,,淮安经济技术开发区管委会,淮安经济技术开发区行政审批局 / 淮安经济技术开发区管理委员会 / 淮安经济技术开发区,,在用,开发区/园区,320000,320800,,,,320800-Z01,本级开发区,,,,,,否,,,淮安市生态环境局经济技术开发区分局:1 / 淮安经济技术开发区行政审批局:1,开发区管委会,淮安市|本级开发区|行政审批,3200-E032,,https://hadz.huaian.gov.cn/col/11497_521282/index.html,淮安经济技术开发区管委会门户 > 信息公开,,未核实,2026-09-17,21,21,2010-12-13,2026-04-30,(空):17 / 清江浦:4,
JS0222,JS0222,JS0222,,工业园区分局,,,在用,开发区/园区,320000,320800,,,,320800-Z04,淮安园区,,,,,,否,,,淮安市生态环境局:8 / 淮安市生态环境局工业园区分局:1,生态环境,淮安市|淮安园区|工业园区分局,3200-E038,,https://hipac.huaian.gov.cn/,江苏淮安工业园区管委会门户 > 信息公开,,未核实,2026-09-16,18,18,2022-10-09,2024-06-12,淮安:16 / 洪泽:2,
JS0223,JS0223,JS0223,,淮安市交通运输局,,,在用,市本级,320000,320800,,淮安市,淮安,,,,,,本级政府部门,,是,,,江苏省生态环境厅:3 / 淮安市园林局:1 / 淮安市生态环境局:1,其他部门,淮安市|市本级|交通运输局,,,,淮安市政府门户 > 部门信息,,无独立环评栏目,2026-09-16,8,2,2008-07-18,2014-05-15,(空):2,
JS0224,JS0224,JS0224,,淮安市生态环局,,,在用,市本级,320000,320800,,淮安市,淮安,,,,,,本级政府部门,,是,,,淮安市生态环境局:2,生态环境,淮安市|市本级|生态环局,3200-E021,辐射类环评项目,https://sthjj.huaian.gov.cn/col/13256_883485/index.html,首页 > 信息公开（受理公示、拟批准公告、审批决定都在该局信息公开条目里）,,已核实,2026-09-24,5,5,2022-09-01,2023-07-05,淮安:2 / 清江浦:1 / 洪泽:1 / 淮阴:1,2026-09-24 实爬：13403_336214 是空壳栏目；真实栏目 13256_883485，且 435 条里只有 58 条受理、其中 56 条是核与辐射
JS0225,JS0225,JS0225,,淮安盐化新材料产业园环保分局,,,在用,开发区/园区,320000,320800,,,,320800-Z05,盐化新材料园区,,,,,,否,,,淮安市生态环境局:2,生态环境,淮安市|盐化新材料园区|盐化新材料产业园环保分局,3200-E021,辐射类环评项目,https://sthjj.huaian.gov.cn/col/13256_883485/index.html,首页 > 信息公开（受理公示、拟批准公告、审批决定都在该局信息公开条目里）,,已核实,2026-09-24,5,5,2014-12-23,2015-01-30,(空):5,2026-09-24 实爬：13403_336214 是空壳栏目；真实栏目 13256_883485，且 435 条里只有 58 条受理、其中 56 条是核与辐射
JS0226,JS0226,JS0226,,开发区分局,,,在用,开发区/园区,320000,320800,,,,320800-Z01,本级开发区,,,,,,否,,,淮安市生态环境局:1,生态环境,淮安市|本级开发区|开发区分局,3200-E032,,https://hadz.huaian.gov.cn/col/11497_521282/index.html,淮安经济技术开发区管委会门户 > 信息公开,,未核实,2026-09-17,3,3,2023-07-28,2024-04-23,(空):3,
JS0227,JS0227,JS0227,,淮安工业园区,江苏淮安工业园区,,在用,开发区/园区,320000,320800,,,,320800-Z03,本级园区,,,,,,否,,,,开发区管委会,淮安市|本级园区|行政审批,3200-E038,,https://hipac.huaian.gov.cn/,江苏淮安工业园区管委会门户 > 信息公开,,未核实,2026-09-16,3,3,2026-05-14,2026-06-17,淮安:2 / (空):1,
JS0228,JS0228,JS0228,,淮安市园林绿化管理中心,,,在用,市本级,320000,320800,,淮安市,淮安,,,,,,本级政府部门,,是,,,淮安市生态环境局:3,其他部门,淮安市|市本级|园林绿化管理中心,,,,淮安市政府门户 > 部门信息,,无独立环评栏目,2026-09-16,3,3,2015-04-02,2015-04-15,(空):3,
JS0230,JS0230,JS0230,,淮安市环保局盐化新区分局,,,在用,开发区/园区,320000,320800,,,,320800-Z06,盐化新区,,,,,,否,,,淮安市生态环境局:2 / 淮安市环保局盐化新材料产业园区分局:1,生态环境,淮安市|盐化新区|生态环境,3200-E021,辐射类环评项目,https://sthjj.huaian.gov.cn/col/13256_883485/index.html,首页 > 信息公开（受理公示、拟批准公告、审批决定都在该局信息公开条目里）,,已核实,2026-09-24,3,3,2014-09-29,2014-12-18,(空):3,2026-09-24 实爬：13403_336214 是空壳栏目；真实栏目 13256_883485，且 435 条里只有 58 条受理、其中 56 条是核与辐射
JS0235,JS0235,JS0235,,淮安市体育局,,,在用,市本级,320000,320800,,淮安市,淮安,,,,,,本级政府部门,,是,,,淮安市生态环境局:1,其他部门,淮安市|市本级|体育局,,,,淮安市政府门户 > 部门信息,,无独立环评栏目,2026-09-16,1,1,2014-12-22,2014-12-22,淮安:1,
JS0236,JS0236,JS0236,,淮安市园林局,,,在用,市本级,320000,320800,,淮安市,淮安,,,,,,本级政府部门,,是,,,淮安市生态环境局:1,其他部门,淮安市|市本级|园林局,,,,淮安市政府门户 > 部门信息,,无独立环评栏目,2026-09-16,1,1,2014-03-31,2014-03-31,(空):1,
JS0238,JS0238,JS0238,,淮安市环保局盐化新材料产业园区分局,,,在用,开发区/园区,320000,320800,,,,320800-Z05,盐化新材料园区,,,,,,否,,,淮安市生态环境局:1,生态环境,淮安市|盐化新材料园区|生态环境,3200-E021,辐射类环评项目,https://sthjj.huaian.gov.cn/col/13256_883485/index.html,首页 > 信息公开（受理公示、拟批准公告、审批决定都在该局信息公开条目里）,,已核实,2026-09-24,1,1,2014-11-11,2014-11-11,洪泽:1,2026-09-24 实爬：13403_336214 是空壳栏目；真实栏目 13256_883485，且 435 条里只有 58 条受理、其中 56 条是核与辐射
JS0239,JS0239,JS0239,,淮安市生态境局,,,在用,市本级,320000,320800,,淮安市,淮安,,,,,,本级政府部门,,是,,,,生态环境,淮安市|市本级|生态境局,3200-E021,辐射类环评项目,https://sthjj.huaian.gov.cn/col/13256_883485/index.html,首页 > 信息公开（受理公示、拟批准公告、审批决定都在该局信息公开条目里）,,已核实,2026-09-24,1,1,2023-06-29,2023-06-29,淮安:1,2026-09-24 实爬：13403_336214 是空壳栏目；真实栏目 13256_883485，且 435 条里只有 58 条受理、其中 56 条是核与辐射
JS0240,JS0240,JS0240,,淮安经济技术开发区住房和城乡建设局,,,在用,开发区/园区,320000,320800,,,,320800-Z01,本级开发区,,,,,,否,,,拟对淮安经济技术开发区住房和城乡建设局:1 / 淮安经济技术开发区管理委员会:1,其他部门,淮安市|本级开发区|经济技术开发区住房和城乡建设局,,,,经开区门户 > 部门信息,,无独立环评栏目,2026-09-16,1,1,2017-03-20,2017-03-20,(空):1,
JS0245,JS0245,JS0245,,盐城市亭湖生态环境局,,,在用,区县,320000,320900,320902,亭湖区,亭湖,,,,,,本级政府部门,,是,,,盐城市生态环境局:16 / 盐城市水利局:1 / 盐城市行政审批局:1,生态环境,盐城市|亭湖|生态环境,3200-E018,,https://jsychb.yancheng.gov.cn/col/col17848/index.html,首页 > 建设项目环评 > 受理情况,,已核实,2026-09-17,688,688,2017-06-02,2026-09-14,亭湖:636 / (空):48 / 盐都:4,
JS0248,JS0248,JS0248,,盐城市盐都生态环境局,盐都区数据局二楼生态环境,,在用,区县,320000,320900,320903,盐都区,盐都,,,,,,本级政府部门,,是,,,盐城市生态环境局:11 / 盐都行政服务中心二楼生态环境窗口:3 / 盐都生态环境局:1,生态环境,盐城市|盐都|生态环境,3200-E018,,https://jsychb.yancheng.gov.cn/col/col17848/index.html,首页 > 建设项目环评 > 受理情况,,已核实,2026-09-17,351,351,2019-03-05,2026-09-08,盐都:343 / (空):8,
JS0254,JS0254,JS0254,,盐都区数据局,,,在用,区县,320000,320900,320903,盐都区,盐都,,,,,,本级政府部门,,是,,,盐城市盐都生态环境局:5,行政审批,盐城市|盐都|行政审批,3200-E018,,https://jsychb.yancheng.gov.cn/col/col17848/index.html,首页 > 建设项目环评 > 受理情况,,已核实,2026-09-17,5,5,2025-09-17,2025-11-12,盐都:5,
JS0246,JS0246,JS0246,,盐城市大丰生态环境局,,,在用,区县,320000,320900,320904,大丰区,大丰,,,,,,本级政府部门,,是,,,盐城市生态环境局:149 / 盐城市大丰区行政审批局:5,生态环境,盐城市|大丰|生态环境,3200-E085,,https://www.dafeng.gov.cn/col/col25839/index.html,大丰区政府门户 > 信息公开 > 生态环境,,已核实,2026-09-17,678,657,2021-06-21,2026-09-04,大丰:656 / (空):1,2026-09-24 实爬：该入口抓到 73 条受理公告明细
JS0249,JS0249,JS0249,,盐城市响水生态环境局,响水县行政审批局生态环境局,,在用,区县,320000,320900,320921,响水县,响水,,,,,,本级政府部门,,是,,,盐城市生态环境局:31 / 盐城市响水工业经济区管理委员会:23 / 常州市金坛生态环境局:16,生态环境,盐城市|响水|生态环境,3200-E018,,https://jsychb.yancheng.gov.cn/col/col17848/index.html,首页 > 建设项目环评 > 受理情况,,已核实,2026-09-17,231,231,2019-09-18,2025-12-30,响水:226 / (空):3 / 滨海:2,
JS0255,JS0255,JS0255,,响水县交通运输局,,,在用,区县,320000,320900,320921,响水县,响水,,,,,,本级政府部门,,是,,,盐城市响水生态环境局:1,其他部门,盐城市|响水|交通运输局,,,,响水县政府门户 > 部门信息（本次未定位到门户地址）,,无独立环评栏目,2026-09-16,1,1,2024-02-29,2024-02-29,响水:1,
JS0256,JS0256,JS0256,,响水县人民政府,,,在用,区县,320000,320900,320921,响水县,响水,,,,,,本级政府部门,,是,,,盐城市生态环境局:1,其他部门,盐城市|响水|人民政府,,,,响水县政府门户（本次未定位到门户地址）,,无独立环评栏目,2026-09-16,1,1,2026-06-17,2026-06-17,响水:1,
JS0247,JS0247,JS0247,,盐城市滨海生态环境局,,,在用,区县,320000,320900,320922,滨海县,滨海,,,,,,本级政府部门,,是,,,盐城市生态环境局:57 / 江苏省生态环境厅:2,生态环境,盐城市|滨海|生态环境,3200-E018,,https://jsychb.yancheng.gov.cn/col/col17848/index.html,首页 > 建设项目环评 > 受理情况,,已核实,2026-09-17,403,403,2018-05-12,2026-09-02,滨海:396 / (空):6 / 亭湖:1,
JS0242,JS0242,JS0242,,盐城市阜宁生态环境局,,,在用,区县,320000,320900,320923,阜宁县,阜宁,,,,,,本级政府部门,,是,,,盐城市生态环境局:12 / 阜宁县发展和改革委员会:11 / 阜宁县工业和信息化局:3,生态环境,盐城市|阜宁|生态环境,3200-E018,,https://jsychb.yancheng.gov.cn/col/col17848/index.html,首页 > 建设项目环评 > 受理情况,,已核实,2026-09-17,1020,1019,2015-12-15,2026-08-13,阜宁:1019,
JS0251,JS0251,JS0251,,盐城市射阳生态环境局,,,在用,区县,320000,320900,320924,射阳县,射阳,,,,,,本级政府部门,,是,,,盐城市生态环境局:47 / 扬州市江都生态环境局:1 / 扬州市生态环境局:1,生态环境,盐城市|射阳|生态环境,3200-E018,,https://jsychb.yancheng.gov.cn/col/col17848/index.html,首页 > 建设项目环评 > 受理情况,,已核实,2026-09-17,172,172,2019-01-25,2026-09-14,射阳:165 / (空):7,
JS0243,JS0243,JS0243,,盐城市建湖生态环境局,,,在用,区县,320000,320900,320925,建湖县,建湖,,,,,,本级政府部门,,是,,,盐城市生态环境局:98 / 盐城市建湖县政府办公室:40 / 建湖县信息中心:2,生态环境,盐城市|建湖|生态环境,3200-E084,,https://www.jianhu.gov.cn/col/col21199/index.html,建湖县政府门户 > 信息公开 > 生态环境,,已核实,2026-09-17,761,761,2018-05-22,2026-09-15,建湖:760 / (空):1,2026-09-24 实爬：该入口抓到 247 条受理公告明细
JS0244,JS0244,JS0244,,盐城市生态环境局(东台生态环境局),盐城市东台生态环境局,东台生态环境局,在用,区县,320000,320900,320981,东台市,东台,,,,,,本级政府部门,,是,,,盐城市东台生态环境局:94 / 盐城市生态环境局:56 / 常州市金坛生态环境局:8,生态环境,盐城市|东台|生态环境,3200-E018,,https://jsychb.yancheng.gov.cn/col/col17848/index.html,首页 > 建设项目环评 > 受理情况,,已核实,2026-09-17,699,698,2018-12-13,2026-07-28,东台:694 / (空):3 / 亭湖:1,
JS0241,JS0241,JS0241,,盐城市生态环境局,盐城市环保局城南分局,,在用,市本级,320000,320900,,盐城市,盐城,,,,,,本级政府部门,,是,,,盐城市射阳生态环境局:180 / 盐城市东台生态环境局:84 / 盐城市响水生态环境局:16,生态环境,盐城市|市本级|生态环境,3200-E018,,https://jsychb.yancheng.gov.cn/col/col17848/index.html,首页 > 建设项目环评 > 受理情况,,已核实,2026-09-17,1341,1339,2015-01-07,2026-09-14,射阳:302 / 东台:236 / 大丰:189 / 滨海:139,
JS0250,JS0250,JS0250,,盐城经济技术开发区行政审批局,区行政审批局 / 盐城经济技术开发区管理委员会,,在用,开发区/园区,320000,320900,,,,320900-Z01,本级开发区,,,,,,否,,,区行政审批局:107 / 盐城市生态环境局:2 / 盐城经济开发区行政审批局:1,行政审批,盐城市|本级开发区|行政审批,3200-E018,,https://jsychb.yancheng.gov.cn/col/col17848/index.html,首页 > 建设项目环评 > 受理情况,,已核实,2026-09-17,207,207,2019-02-28,2026-08-10,(空):180 / 亭湖:27,
JS0252,JS0252,JS0252,,盐城市生态环境局盐南高新区分局,,,在用,开发区/园区,320000,320900,,,,320900-Z02,盐南高新区,,,,,,否,,,,生态环境,盐城市|盐南高新区|生态环境,3200-E018,,https://jsychb.yancheng.gov.cn/col/col17848/index.html,首页 > 建设项目环评 > 受理情况,,已核实,2026-09-17,19,18,2019-08-19,2026-05-18,盐都:14 / (空):4,
JS0253,JS0253,JS0253,,盐城市生态局盐南高新区分局,,,在用,开发区/园区,320000,320900,,,,320900-Z02,盐南高新区,,,,,,否,,,,生态环境,盐城市|盐南高新区|生态局盐南高新区分局,3200-E018,,https://jsychb.yancheng.gov.cn/col/col17848/index.html,首页 > 建设项目环评 > 受理情况,,已核实,2026-09-17,9,9,2019-10-29,2019-12-31,(空):9,
JS0257,JS0257,JS0257,,盐城市财政局,,,在用,市本级,320000,320900,,盐城市,盐城,,,,,,本级政府部门,,是,,,,其他部门,盐城市|市本级|财政局,,,,盐城市政府门户 > 部门信息,,无独立环评栏目,2026-09-16,1,1,2024-01-23,2024-01-23,(空):1,
JS0258,JS0258,JS0258,,盐城经济技术开发区审批局,,,在用,开发区/园区,320000,320900,,,,320900-Z01,本级开发区,,,,,,否,,,盐城经济技术开发区行政审批局:1,行政审批,盐城市|本级开发区|经济技术开发区审批局,3200-E018,,https://jsychb.yancheng.gov.cn/col/col17848/index.html,首页 > 建设项目环评 > 受理情况,,已核实,2026-09-17,1,1,2024-10-24,2024-10-24,(空):1,
JS0122,JS0122,JS0122,,扬州市广陵生态环境局,广陵区行政服务中心5楼生态环境局 / 广陵生态环境局,,在用,区县,320000,321000,321002,广陵区,广陵,,,,,,本级政府部门,,是,,,扬州市生态环境局:47 / 广陵区行政审批局:1 / 广陵区行政审批局5楼生态环境局:1,生态环境,扬州市|广陵|生态环境,3200-E026,,https://sthj.yangzhou.gov.cn/zfxxgk/fdzdgk/ywgz/hpsp/,首页 > 政府信息公开 > 法定主动公开 > 业务工作 > 环评审批,,已核实,2026-09-16,61,61,2017-06-02,2026-09-14,广陵:56 / (空):5,2026-09-24 实爬：该入口抓到 571 条受理公告明细
JS0133,JS0133,JS0133,,广陵区行政审批局,,,在用,区县,320000,321000,321002,广陵区,广陵,,,,,,本级政府部门,,是,,,扬州市广陵生态环境局:1 / 扬州市生态环境局:1,行政审批,扬州市|广陵|行政审批,3200-E026,,https://sthj.yangzhou.gov.cn/zfxxgk/fdzdgk/ywgz/hpsp/,首页 > 政府信息公开 > 法定主动公开 > 业务工作 > 环评审批,,已核实,2026-09-16,1,1,2025-01-07,2025-01-07,广陵:1,2026-09-24 实爬：该入口抓到 571 条受理公告明细
JS0120,JS0120,JS0120,,扬州市邗江生态环境局,,,在用,区县,320000,321000,321003,邗江区,邗江,,,,,,本级政府部门,,是,,,扬州市生态环境局:95 / 扬州市邗江区司法局:1 / 扬州市邗江区环境卫生管理中心:1,生态环境,扬州市|邗江|生态环境,3200-E026,,https://sthj.yangzhou.gov.cn/zfxxgk/fdzdgk/ywgz/hpsp/,首页 > 政府信息公开 > 法定主动公开 > 业务工作 > 环评审批,,已核实,2026-09-16,113,113,2021-04-09,2026-09-02,邗江:100 / (空):10 / 高邮:2 / 广陵:1,2026-09-24 实爬：该入口抓到 571 条受理公告明细
JS0135,JS0135,JS0135,,扬州市邗江区人民政府,,,在用,区县,320000,321000,321003,邗江区,邗江,,,,,,本级政府部门,,是,,,扬州市生态环境局:1,其他部门,扬州市|邗江|人民政府,,,,邗江区政府门户（本次未定位到门户地址）,,无独立环评栏目,2026-09-16,1,1,2023-07-13,2023-07-13,(空):1,
JS0136,JS0136,JS0136,,扬州市邗江区司法局,,,在用,区县,320000,321000,321003,邗江区,邗江,,,,,,本级政府部门,,是,,,扬州市生态环境局:1,其他部门,扬州市|邗江|司法局,,,,邗江区政府门户 > 部门信息,,无独立环评栏目,2026-09-16,1,1,2022-11-29,2022-11-29,邗江:1,
JS0137,JS0137,JS0137,,扬州市邗江区应急管理局,,,在用,区县,320000,321000,321003,邗江区,邗江,,,,,,本级政府部门,,是,,,扬州市生态环境局:1,其他部门,扬州市|邗江|应急管理局,,,,邗江区政府门户 > 部门信息,,无独立环评栏目,2026-09-16,1,1,2021-12-07,2021-12-07,邗江:1,
JS0138,JS0138,JS0138,,扬州市邗江区行政审批局,,,在用,区县,320000,321000,321003,邗江区,邗江,,,,,,本级政府部门,,是,,,扬州市生态环境局:1,行政审批,扬州市|邗江|行政审批,3200-E026,,https://sthj.yangzhou.gov.cn/zfxxgk/fdzdgk/ywgz/hpsp/,首页 > 政府信息公开 > 法定主动公开 > 业务工作 > 环评审批,,已核实,2026-09-16,1,1,2025-08-11,2025-08-11,邗江:1,2026-09-24 实爬：该入口抓到 571 条受理公告明细
JS0121,JS0121,JS0121,,扬州市江都生态环境局,,,在用,区县,320000,321000,321012,江都区,江都,,,,,,本级政府部门,,是,,,扬州市生态环境局:54 / 泰州市兴化生态环境局:3 / 天水市生态环境局秦州分局:2,生态环境,扬州市|江都|生态环境,3200-E026,,https://sthj.yangzhou.gov.cn/zfxxgk/fdzdgk/ywgz/hpsp/,首页 > 政府信息公开 > 法定主动公开 > 业务工作 > 环评审批,,已核实,2026-09-16,64,64,2020-01-06,2025-04-09,江都:64,2026-09-24 实爬：该入口抓到 571 条受理公告明细
JS0128,JS0128,JS0128,,扬州市江都区水务局,,,在用,区县,320000,321000,321012,江都区,江都,,,,,,本级政府部门,,是,,,江都经济开发区行政审批局:1,其他部门,扬州市|江都|水务局,,,,江都区政府门户 > 部门信息,,无独立环评栏目,2026-09-16,2,2,2021-09-02,2022-05-20,江都:2,
JS0117,JS0117,JS0117,,扬州市宝应生态环境局,,,在用,区县,320000,321000,321023,宝应县,宝应,,,,,,本级政府部门,,是,,,扬州市生态环境局:247 / 扬州市仪征生态环境局:4 / 宝应县发展和改革委员会:3,生态环境,扬州市|宝应|生态环境,3200-E087,,https://baoying.yangzhou.gov.cn/zfxxgk/xjbmxxgk/byxsthjj/fdgkzdnr/xmgl/slgs/index.html,宝应县政府门户 > 政府信息公开 > 县级部门信息公开 > 宝应生态环境局 > 公示公告,,已核实,2026-09-17,1175,1175,2011-09-14,2026-09-10,宝应:1170 / 高邮:3 / (空):2,2026-09-24 实爬：该入口抓到 671 条受理公告明细
JS0125,JS0125,JS0125,,江苏省扬州市宝应县水务局,,,在用,区县,320000,321000,321023,宝应县,宝应,,,,,,本级政府部门,,是,,,扬州市宝应生态环境局:2,其他部门,扬州市|宝应|水务局,,,,宝应县政府门户 > 部门信息,,无独立环评栏目,2026-09-16,3,3,2015-02-10,2020-08-26,宝应:3,
JS0126,JS0126,JS0126,,宝应县交通运输局,,,在用,区县,320000,321000,321023,宝应县,宝应,,,,,,本级政府部门,,是,,,扬州市宝应生态环境局:2 / 扬州市生态环境局:2,其他部门,扬州市|宝应|交通运输局,,,,宝应县政府门户 > 部门信息,,无独立环评栏目,2026-09-16,2,2,2019-07-22,2019-07-22,宝应:2,
JS0127,JS0127,JS0127,,宝应县发展和改革委员会,,,在用,区县,320000,321000,321023,宝应县,宝应,,,,,,本级政府部门,,是,,,扬州市宝应生态环境局:2,其他部门,扬州市|宝应|发展和改革委员会,,,,宝应县政府门户 > 部门信息,,无独立环评栏目,2026-09-16,2,2,2014-06-23,2023-09-25,宝应:2,
JS0130,JS0130,JS0130,,宝应县住房和城乡建设局,,,在用,区县,320000,321000,321023,宝应县,宝应,,,,,,本级政府部门,,是,,,,其他部门,扬州市|宝应|住房和城乡建设局,,,,宝应县政府门户 > 部门信息,,无独立环评栏目,2026-09-16,1,1,2016-05-13,2016-05-13,宝应:1,
JS0131,JS0131,JS0131,,宝应县教育局,,,在用,区县,320000,321000,321023,宝应县,宝应,,,,,,本级政府部门,,是,,,扬州市宝应生态环境局:1 / 扬州市生态环境局:1,其他部门,扬州市|宝应|教育局,,,,宝应县政府门户 > 部门信息,,无独立环评栏目,2026-09-16,1,1,2023-09-06,2023-09-06,宝应:1,
JS0132,JS0132,JS0132,,宝应县气象局,,,在用,区县,320000,321000,321023,宝应县,宝应,,,,,,本级政府部门,,是,,,扬州市宝应生态环境局:1 / 扬州市生态环境局:1,其他部门,扬州市|宝应|气象局,,,,宝应县政府门户 > 部门信息,,无独立环评栏目,2026-09-16,1,1,2020-03-19,2020-03-19,宝应:1,
JS0141,JS0141,JS0141,,江苏省扬州市宝应县人民政府,,,在用,区县,320000,321000,321023,宝应县,宝应,,,,,,本级政府部门,,是,,,扬州市生态环境局:1,其他部门,扬州市|宝应|人民政府,,,,宝应县政府门户,,无独立环评栏目,2026-09-16,1,1,2025-05-28,2025-05-28,宝应:1,
JS0116,JS0116,JS0116,,扬州市仪征生态环境局,,,在用,区县,320000,321000,321081,仪征市,仪征,,,,,,本级政府部门,,是,,,扬州市生态环境局:893 / 仪征市发展和改革委员会:2 / 仪征市大仪镇人民政府:2,生态环境,扬州市|仪征|生态环境,3200-E086,,https://www.yizheng.gov.cn/zfxxgk/yqxzbmxxgkml/zfbm/sthjj/fdzdgknr/ywgz/hpgs/index.html,仪征市政府门户 > 政府信息公开 > 政府部门 > 市生态环境局 > 环评公示,,已核实,2026-09-17,1774,1774,2011-08-01,2026-07-13,仪征:1754 / (空):20,2026-09-24 实爬：该入口抓到 323 条受理公告明细
JS0118,JS0118,JS0118,,扬州市高邮生态环境局,,,在用,区县,320000,321000,321084,高邮市,高邮,,,,,,本级政府部门,,是,,,扬州市生态环境局:9 / 高邮市发展和改革委员会:1,生态环境,扬州市|高邮|生态环境,3200-E088,,https://gaoyou.yangzhou.gov.cn/zwgk/bmxxgk/sthjj/,高邮市政府门户 > 政务公开 > 部门信息公开 > 生态环境局,,未核实,2026-09-16,161,161,2018-01-16,2025-02-07,高邮:161,
JS0142,JS0142,JS0142,,高邮市发展和改革委员会,,,在用,区县,320000,321000,321084,高邮市,高邮,,,,,,本级政府部门,,是,,,,其他部门,扬州市|高邮|发展和改革委员会,,,,高邮市政府门户 > 部门信息,,无独立环评栏目,2026-09-16,1,1,2019-08-21,2019-08-21,高邮:1,
JS0115,JS0115,JS0115,,扬州市生态环境局,,,在用,市本级,320000,321000,,扬州市,扬州,,,,,,本级政府部门,,是,,,扬州市宝应生态环境局:269 / 扬州市高邮生态环境局:238 / 扬州市邗江生态环境局:120,生态环境,扬州市|市本级|生态环境,3200-E026,,https://sthj.yangzhou.gov.cn/zfxxgk/fdzdgk/ywgz/hpsp/,首页 > 政府信息公开 > 法定主动公开 > 业务工作 > 环评审批,,已核实,2026-09-16,3407,3407,2012-10-11,2026-09-15,(空):921 / 宝应:727 / 高邮:705 / 邗江:368,2026-09-24 实爬：该入口抓到 571 条受理公告明细
JS0119,JS0119,JS0119,,扬州经济技术开发区管理委员会,扬州经济技术开发区行政审批局 / 扬州经济开发区管委会,,在用,开发区/园区,320000,321000,,,,321000-Z01,本级开发区,,,,上级派出,站点title：扬州经济技术开发区管委会，无区政府配对（2026-09-23核实）,否,,,扬州经济技术开发区行政审批局:12 / 扬州市经济技术开发区管理委员会建设局:3 / 扬州市生态环境局:1,开发区管委会,扬州市|本级开发区|行政审批,3200-E047,,https://kfq.yangzhou.gov.cn/gk/spgg/ahlgg/,扬州经开区门户 > 公开 > 审批公告,,已核实,2026-09-24,135,135,2018-01-30,2026-07-01,(空):123 / 邗江:12,2026-09-24 实爬：该入口抓到 376 条受理公告明细
JS0123,JS0123,JS0123,,江苏省江都经济开发区管理委员会,江苏省江都经济开发区行政审批局,,在用,开发区/园区,320000,321000,,,,321000-Z02,江都开发区,,,,,,否,,,扬州市生态环境局:5,开发区管委会,扬州市|江都开发区|行政审批,3200-E026,,https://sthj.yangzhou.gov.cn/zfxxgk/fdzdgk/ywgz/hpsp/,首页 > 政府信息公开 > 法定主动公开 > 业务工作 > 环评审批,,已核实,2026-09-16,11,11,2022-01-28,2026-07-07,江都:10 / 广陵:1,2026-09-24 实爬：该入口抓到 571 条受理公告明细
JS0124,JS0124,JS0124,,扬州市气象局,,,在用,市本级,320000,321000,,扬州市,扬州,,,,,,本级政府部门,,是,,,扬州经济技术开发区管理委员会:3 / 扬州经济技术开发区行政审批局:2,其他部门,扬州市|市本级|气象局,,,,扬州市政府门户 > 部门信息,,无独立环评栏目,2026-09-16,6,6,2023-10-23,2023-10-23,(空):6,
JS0129,JS0129,JS0129,,扬州市江都高新技术产业园区管理委员会,,,在用,开发区/园区,320000,321000,,,,321000-Z03,江都高新技术园区,,,,,,否,,,扬州市江都生态环境局:2,开发区管委会,扬州市|江都高新技术园区|行政审批,3200-E026,,https://sthj.yangzhou.gov.cn/zfxxgk/fdzdgk/ywgz/hpsp/,首页 > 政府信息公开 > 法定主动公开 > 业务工作 > 环评审批,,已核实,2026-09-16,2,2,2024-09-26,2024-09-26,江都:2,2026-09-24 实爬：该入口抓到 571 条受理公告明细
JS0134,JS0134,JS0134,,扬州市民政局,,,在用,市本级,320000,321000,,扬州市,扬州,,,,,,本级政府部门,,是,,,,其他部门,扬州市|市本级|民政局,,,,扬州市政府门户 > 部门信息,,无独立环评栏目,2026-09-16,1,1,2022-01-04,2022-01-04,邗江:1,
JS0139,JS0139,JS0139,,扬州经济技术开发区网站,,,在用,开发区/园区,320000,321000,,,,321000-Z01,本级开发区,,,,上级派出,站点title：扬州经济技术开发区管委会，无区政府配对（2026-09-23核实）,否,,,,其他部门,扬州市|本级开发区|经济技术开发区网站,3200-E047,,https://kfq.yangzhou.gov.cn/gk/spgg/ahlgg/,扬州经开区门户 > 公开 > 审批公告,,已核实,2026-09-24,1,1,2024-09-23,2024-09-23,邗江:1,2026-09-24 实爬：该入口抓到 376 条受理公告明细
JS0140,JS0140,JS0140,,江苏扬州广陵经济开发区管理委员会,,,在用,开发区/园区,320000,321000,,,,321000-Z04,广陵开发区,,,,,,否,,,扬州市生态环境局:1,开发区管委会,扬州市|广陵开发区|行政审批,3200-E026,,https://sthj.yangzhou.gov.cn/zfxxgk/fdzdgk/ywgz/hpsp/,首页 > 政府信息公开 > 法定主动公开 > 业务工作 > 环评审批,,已核实,2026-09-16,1,1,2024-12-27,2024-12-27,广陵:1,2026-09-24 实爬：该入口抓到 571 条受理公告明细
JS0317,JS0317,JS0317,,镇江市京口生态环境局,镇江市京口区环境保护局,,在用,区县,320000,321100,321102,京口区,京口,,,,,,本级政府部门,,是,,,镇江市生态环境局:7 / 镇江市京口区经济发展局:1,生态环境,镇江市|京口|生态环境,3200-E013,,https://sthj.zhenjiang.gov.cn/sthj/slqkgs/xxgk_list.shtml,首页 > 政务公开 > 法定主动公开内容 > 建设项目 > 受理情况公示 / 拟批准公示,,已核实,2026-09-16,77,77,2017-03-17,2025-11-24,京口:65 / (空):12,2026-09-24 实爬：该入口抓到 279 条受理公告明细
JS0319,JS0319,JS0319,,镇江市润州生态环境局,镇江市润州区环境保护局 / 润州环保局,,在用,区县,320000,321100,321111,润州区,润州,,,,,,本级政府部门,,是,,,镇江市生态环境局:2,生态环境,镇江市|润州|生态环境,3200-E013,,https://sthj.zhenjiang.gov.cn/sthj/slqkgs/xxgk_list.shtml,首页 > 政务公开 > 法定主动公开内容 > 建设项目 > 受理情况公示 / 拟批准公示,,已核实,2026-09-16,34,34,2017-01-06,2026-06-08,润州:21 / (空):13,2026-09-24 实爬：该入口抓到 279 条受理公告明细
JS0318,JS0318,JS0318,,镇江市丹徒生态环境局,,,在用,区县,320000,321100,321112,丹徒区,丹徒,,,,,,本级政府部门,,是,,,镇江市生态环境局:57,生态环境,镇江市|丹徒|生态环境,3200-E013,,https://sthj.zhenjiang.gov.cn/sthj/slqkgs/xxgk_list.shtml,首页 > 政务公开 > 法定主动公开内容 > 建设项目 > 受理情况公示 / 拟批准公示,,已核实,2026-09-16,69,69,2024-11-15,2026-07-31,丹徒:68 / (空):1,2026-09-24 实爬：该入口抓到 279 条受理公告明细
JS0311,JS0311,JS0311,,镇江市丹阳生态环境局,丹阳市丹阳生态环境局,,在用,区县,320000,321100,321181,丹阳市,丹阳,,,,,,本级政府部门,,是,,,丹阳市行政审批局:202 / 镇江市生态环境局:77 / 丹阳市丹阳生态环境局:2,生态环境,镇江市|丹阳|生态环境,3200-E048,,http://www.danyang.gov.cn/dysthj/zcjd/dyxxgkpt_list.shtml,丹阳市政府门户 > 镇江市丹阳生态环境局 > 公示专栏,,已核实,2026-09-24,1834,1834,2017-12-27,2026-09-11,丹阳:1831 / (空):3,2026-09-24 实爬：该入口抓到 372 条受理公告明细
JS0316,JS0316,JS0316,,丹阳市行政审批局,,,在用,区县,320000,321100,321181,丹阳市,丹阳,,,,,,本级政府部门,,是,,,镇江市丹阳生态环境局:105 / 丹阳市丹阳生态环境局:3 / 镇江市生态环境局:3,行政审批,镇江市|丹阳|行政审批,3200-E048,,http://www.danyang.gov.cn/dysthj/zcjd/dyxxgkpt_list.shtml,丹阳市政府门户 > 镇江市丹阳生态环境局 > 公示专栏,,已核实,2026-09-24,108,108,2024-05-11,2025-11-26,丹阳:107 / (空):1,2026-09-24 实爬：该入口抓到 372 条受理公告明细
JS0327,JS0327,JS0327,,丹阳市经济发展局,,,在用,区县,320000,321100,321181,丹阳市,丹阳,,,,,,本级政府部门,,是,,,镇江市丹阳生态环境局:1,其他部门,镇江市|丹阳|经济发展局,,,,丹阳市政府门户 > 部门信息,,无独立环评栏目,2026-09-16,1,1,2024-06-28,2024-06-28,丹阳:1,
JS0313,JS0313,JS0313,,镇江市扬中生态环境局,扬中市环境保护局 / 扬中市生态环境部门,,在用,区县,320000,321100,321182,扬中市,扬中,,,,,,本级政府部门,,是,,,扬中市环境保护局:90 / 镇江市生态环境局:11 / 扬中市政务服务中心生态环境窗口:6,生态环境,镇江市|扬中|生态环境,3200-E013,,https://sthj.zhenjiang.gov.cn/sthj/slqkgs/xxgk_list.shtml,首页 > 政务公开 > 法定主动公开内容 > 建设项目 > 受理情况公示 / 拟批准公示,,已核实,2026-09-16,844,844,2017-06-15,2026-09-10,扬中:836 / (空):7 / 丹徒:1,2026-09-24 实爬：该入口抓到 279 条受理公告明细
JS0331,JS0331,JS0331,,扬中市交通运输局,,,在用,区县,320000,321100,321182,扬中市,扬中,,,,,,本级政府部门,,是,,,镇江市扬中生态环境局:1,其他部门,镇江市|扬中|交通运输局,,,,扬中市政府门户 > 部门信息（本次未定位到门户地址）,,无独立环评栏目,2026-09-16,1,1,2018-05-08,2018-05-08,扬中:1,
JS0315,JS0315,JS0315,,镇江市句容生态环境局,,,在用,区县,320000,321100,321183,句容市,句容,,,,,,本级政府部门,,是,,,镇江市生态环境局:5 / 镇江市欣绣环保新材料科技有限公司:2 / 句容市生态环境部门:1,生态环境,镇江市|句容|生态环境,3200-E089,,https://www.jurong.gov.cn/jrshbj/,句容市政府门户 > 句容生态环境局 > 信息公开,,访问受限,2026-09-24,243,243,2021-04-30,2026-09-15,句容:243,2026-09-24 实爬：整站跳 /403/
JS0328,JS0328,JS0328,,句容市教育局,,,在用,区县,320000,321100,321183,句容市,句容,,,,,,本级政府部门,,是,,,镇江市句容生态环境局:1,其他部门,镇江市|句容|教育局,,,,句容市政府门户 > 部门信息,,无独立环评栏目,2026-09-16,1,1,2023-09-20,2023-09-20,句容:1,
JS0329,JS0329,JS0329,,句容市水利局,,,在用,区县,320000,321100,321183,句容市,句容,,,,,,本级政府部门,,是,,,镇江市句容生态环境局:1,其他部门,镇江市|句容|水利局,,,,句容市政府门户 > 部门信息,,无独立环评栏目,2026-09-16,1,1,2024-04-16,2024-04-16,句容:1,
JS0330,JS0330,JS0330,,句容市郭庄镇人民政府,,,在用,区县,320000,321100,321183,句容市,句容,,,,,,本级政府部门,,是,,,镇江市句容生态环境局:1,其他部门,镇江市|句容|郭庄镇人民政府,,,,句容市政府门户 > 镇街信息,,无独立环评栏目,2026-09-16,1,1,2021-11-10,2021-11-10,句容:1,
JS0312,JS0312,JS0312,,镇江市生态环境局,镇江市政务服务中心三楼生态环境局,,在用,市本级,320000,321100,,镇江市,镇江,,,,,,本级政府部门,,是,,,镇江市丹徒生态环境局:58 / 镇江高新区综合行政执法局:51 / 镇江市京口区环境保护局:27,生态环境,镇江市|市本级|生态环境,3200-E013,,https://sthj.zhenjiang.gov.cn/sthj/slqkgs/xxgk_list.shtml,首页 > 政务公开 > 法定主动公开内容 > 建设项目 > 受理情况公示 / 拟批准公示,,已核实,2026-09-16,1132,1132,2017-01-03,2026-09-07,丹徒:360 / (空):337 / 丹阳:129 / 京口:117,2026-09-24 实爬：该入口抓到 279 条受理公告明细
JS0314,JS0314,JS0314,,镇江新区行政审批局,,,在用,开发区/园区,320000,321100,,,,321100-Z01,本级新区,,,,上级派出,站点title：镇江经济技术开发区管理委员会，无区政府配对（2026-09-23核实）,否,,,镇江经济技术开发区行政审批局:9 / 镇江经济技术开发区管理委员会:2 / 镇江市行政审批局:1,行政审批,镇江市|本级新区|行政审批,3200-E013,,https://sthj.zhenjiang.gov.cn/sthj/slqkgs/xxgk_list.shtml,首页 > 政务公开 > 法定主动公开内容 > 建设项目 > 受理情况公示 / 拟批准公示,,已核实,2026-09-16,291,291,2021-02-05,2024-01-15,(空):291,2026-09-24 实爬：该入口抓到 279 条受理公告明细
JS0320,JS0320,JS0320,,镇江经济技术开发区行政审批局,镇江经济技术开发区管理委员会,,在用,开发区/园区,320000,321100,,,,321100-Z02,本级开发区,,,,上级派出,同上，镇江新区与经开区同一片区,否,,,镇江新区行政审批局:1,行政审批,镇江市|本级开发区|行政审批,3200-E013,,https://sthj.zhenjiang.gov.cn/sthj/slqkgs/xxgk_list.shtml,首页 > 政务公开 > 法定主动公开内容 > 建设项目 > 受理情况公示 / 拟批准公示,,已核实,2026-09-16,15,15,2021-12-03,2026-07-02,(空):15,2026-09-24 实爬：该入口抓到 279 条受理公告明细
JS0321,JS0321,JS0321,,镇江高新区管委会,镇江高新区管理委员会,,在用,开发区/园区,320000,321100,,,,321100-Z03,本级高新区,,,,,,否,,,镇江高新区综合行政执法局:2,开发区管委会,镇江市|本级高新区|行政审批,3200-E013,,https://sthj.zhenjiang.gov.cn/sthj/slqkgs/xxgk_list.shtml,首页 > 政务公开 > 法定主动公开内容 > 建设项目 > 受理情况公示 / 拟批准公示,,已核实,2026-09-16,10,10,2024-04-09,2026-01-21,润州:8 / (空):2,2026-09-24 实爬：该入口抓到 279 条受理公告明细
JS0322,JS0322,JS0322,,高新区综合行政执法局生态环境科,,,在用,开发区/园区,320000,321100,,,,321100-Z04,润州高新区,,,,,,否,,,镇江高新区综合行政执法局:6,生态环境,镇江市|润州高新区|高新区综合行政执法局生态环境科,3200-E013,,https://sthj.zhenjiang.gov.cn/sthj/slqkgs/xxgk_list.shtml,首页 > 政务公开 > 法定主动公开内容 > 建设项目 > 受理情况公示 / 拟批准公示,,已核实,2026-09-16,10,10,2024-01-03,2026-01-06,润州:7 / (空):3,2026-09-24 实爬：该入口抓到 279 条受理公告明细
JS0323,JS0323,JS0323,,镇江经济技术开发区生态环境和应急管理局,,,在用,开发区/园区,320000,321100,,,,321100-Z02,本级开发区,,,,上级派出,同上，镇江新区与经开区同一片区,否,,,,生态环境,镇江市|本级开发区|经济技术开发区生态环境和应急管理局,3200-E013,,https://sthj.zhenjiang.gov.cn/sthj/slqkgs/xxgk_list.shtml,首页 > 政务公开 > 法定主动公开内容 > 建设项目 > 受理情况公示 / 拟批准公示,,已核实,2026-09-16,5,5,2025-06-23,2026-01-16,(空):5,2026-09-24 实爬：该入口抓到 279 条受理公告明细
JS0324,JS0324,JS0324,,镇江新区生态环境和应急管理局,,,在用,开发区/园区,320000,321100,,,,321100-Z01,本级新区,,,,上级派出,站点title：镇江经济技术开发区管理委员会，无区政府配对（2026-09-23核实）,否,,,新区生态环境和应急管理局:1 / 生态环境和应急管理局:1,生态环境,镇江市|本级新区|新区生态环境和应急管理局,3200-E013,,https://sthj.zhenjiang.gov.cn/sthj/slqkgs/xxgk_list.shtml,首页 > 政务公开 > 法定主动公开内容 > 建设项目 > 受理情况公示 / 拟批准公示,,已核实,2026-09-16,4,4,2021-02-05,2024-11-30,(空):4,2026-09-24 实爬：该入口抓到 279 条受理公告明细
JS0325,JS0325,JS0325,,镇江高新区综合行政执法局,,,在用,开发区/园区,320000,321100,,,,321100-Z03,本级高新区,,,,,,否,,,镇江市生态环境局:1 / 高新区综合行政执法局生态环境科:1,其他部门,镇江市|本级高新区|高新区综合行政执法局,3200-E013,,https://sthj.zhenjiang.gov.cn/sthj/slqkgs/xxgk_list.shtml,首页 > 政务公开 > 法定主动公开内容 > 建设项目 > 受理情况公示 / 拟批准公示,,已核实,2026-09-16,4,4,2024-05-28,2025-01-02,润州:2 / (空):2,2026-09-24 实爬：该入口抓到 279 条受理公告明细
JS0326,JS0326,JS0326,,高新区综合行政执法局,,,在用,开发区/园区,320000,321100,,,,321100-Z04,润州高新区,,,,,,否,,,镇江高新区综合行政执法局:2,其他部门,镇江市|润州高新区|高新区综合行政执法局,3200-E013,,https://sthj.zhenjiang.gov.cn/sthj/slqkgs/xxgk_list.shtml,首页 > 政务公开 > 法定主动公开内容 > 建设项目 > 受理情况公示 / 拟批准公示,,已核实,2026-09-16,4,4,2025-01-02,2025-07-04,润州:3 / (空):1,2026-09-24 实爬：该入口抓到 279 条受理公告明细
JS0332,JS0332,JS0332,,镇江市生态环境和应急管理局,,,在用,市本级,320000,321100,,镇江市,镇江,,,,,,本级政府部门,,是,,,,生态环境,镇江市|市本级|生态环境和应急管理局,3200-E013,,https://sthj.zhenjiang.gov.cn/sthj/slqkgs/xxgk_list.shtml,首页 > 政务公开 > 法定主动公开内容 > 建设项目 > 受理情况公示 / 拟批准公示,,已核实,2026-09-16,1,1,2025-05-17,2025-05-17,(空):1,2026-09-24 实爬：该入口抓到 279 条受理公告明细
JS0333,JS0333,JS0333,,镇江经开区生态环境和应急管理局,,,在用,开发区/园区,320000,321100,,,,321100-Z02,本级开发区,,,,上级派出,同上，镇江新区与经开区同一片区,否,,,镇江新区环境保护局:1,生态环境,镇江市|本级开发区|经开区生态环境和应急管理局,3200-E013,,https://sthj.zhenjiang.gov.cn/sthj/slqkgs/xxgk_list.shtml,首页 > 政务公开 > 法定主动公开内容 > 建设项目 > 受理情况公示 / 拟批准公示,,已核实,2026-09-16,1,1,2025-06-23,2025-06-23,(空):1,2026-09-24 实爬：该入口抓到 279 条受理公告明细
JS0334,JS0334,JS0334,,镇江高新区生态环境局,,,在用,开发区/园区,320000,321100,,,,321100-Z03,本级高新区,,,,,,否,,,,生态环境,镇江市|本级高新区|生态环境,3200-E013,,https://sthj.zhenjiang.gov.cn/sthj/slqkgs/xxgk_list.shtml,首页 > 政务公开 > 法定主动公开内容 > 建设项目 > 受理情况公示 / 拟批准公示,,已核实,2026-09-16,1,1,2025-03-19,2025-03-19,润州:1,2026-09-24 实爬：该入口抓到 279 条受理公告明细
JS0181,JS0181,JS0181,,泰州市海陵生态环境局,泰州市环境保护局海陵分局,,在用,区县,320000,321200,321202,海陵区,海陵,,,,,,本级政府部门,,是,,,泰州市生态环境局:26,生态环境,泰州市|海陵|生态环境,3200-E033,,https://hbj.taizhou.gov.cn/ztzl/jsxm/xmslgs/index.html,首页 > 专题专栏 > 建设项目 > 项目受理公示 / 项目拟审批公示 / 项目审批公示,,已核实,2026-09-16,52,52,2013-01-15,2025-06-26,海陵:26 / (空):25 / 兴化:1,2026-09-24 实爬：该入口抓到 532 条受理公告明细
JS0189,JS0189,JS0189,,泰州市高港生态环境局,,,在用,区县,320000,321200,321203,高港区,高港,,,,,,本级政府部门,,是,,,,生态环境,泰州市|高港|生态环境,3200-E029,,https://www.cmc.gov.cn/xwzx/spgg/,泰州医药高新区管委会（高港区人民政府）门户 > 新闻中心 > 审批公告,,已核实,2026-09-16,7,7,2019-12-05,2023-02-21,高港:7,2026-09-24 实爬：该入口抓到 356 条受理公告明细
JS0180,JS0180,JS0180,,泰州市姜堰生态环境局,,,在用,区县,320000,321200,321204,姜堰区,姜堰,,,,,,本级政府部门,,是,,,泰州市生态环境局:17 / 天水市生态环境局秦州分局:6 / 泰州市姜堰区行政审批局:5,生态环境,泰州市|姜堰|生态环境,3200-E090,,https://www.jiangyan.gov.cn/zfxxgk/fdzdgknr/sthj/index.html,姜堰区政府门户 > 政府信息公开 > 法定主动公开内容 > 生态环境,,已核实,2026-09-16,346,346,2021-07-05,2026-09-15,姜堰:344 / (空):2,2026-09-24 实爬：该入口抓到 234 条受理公告明细
JS0205,JS0205,JS0205,,泰州市姜堰区政务服务大厅,,,在用,区县,320000,321200,321204,姜堰区,姜堰,,,,,,本级政府部门,,是,,,泰州市姜堰生态环境局:1 / 泰州市生态环境局:1,行政审批,泰州市|姜堰|政务服务大厅,,,,姜堰区政府门户,,无独立环评栏目,2026-09-16,1,1,2025-09-22,2025-09-22,姜堰:1,
JS0177,JS0177,JS0177,,泰州市兴化生态环境局,,,在用,区县,320000,321200,321281,兴化市,兴化,,,,,,本级政府部门,,是,,,泰州市行政审批局(市政务服务管理办公室):10 / 兴化市交通运输局:9 / 扬州市江都生态环境局:6,生态环境,泰州市|兴化|生态环境,3200-E050,,https://www.xinghua.gov.cn/fdzdgknr/zdly/hjbh/hpxmgs/,兴化市政府门户 > 法定主动公开内容 > 重点领域 > 环境保护 > 环评项目公示,,已核实,2026-09-16,992,992,2018-11-21,2026-09-08,兴化:990 / (空):2,
JS0182,JS0182,JS0182,,兴化市发展和改革委员会,,,在用,区县,320000,321200,321281,兴化市,兴化,,,,,,本级政府部门,,是,,,泰州市兴化生态环境局:44 / 泰州市行政审批局(市政务服务管理办公室):1,其他部门,泰州市|兴化|发展和改革委员会,,,,兴化市政府门户 > 部门信息,,无独立环评栏目,2026-09-16,45,45,2018-12-18,2021-05-24,兴化:45,
JS0187,JS0187,JS0187,,兴化市行政审批局,,,在用,区县,320000,321200,321281,兴化市,兴化,,,,,,本级政府部门,,是,,,泰州市兴化生态环境局:15,行政审批,泰州市|兴化|行政审批,3200-E050,,https://www.xinghua.gov.cn/fdzdgknr/zdly/hjbh/hpxmgs/,兴化市政府门户 > 法定主动公开内容 > 重点领域 > 环境保护 > 环评项目公示,,已核实,2026-09-16,15,15,2020-01-22,2022-04-21,兴化:15,
JS0193,JS0193,JS0193,,兴化市气象局,,,在用,区县,320000,321200,321281,兴化市,兴化,,,,,,本级政府部门,,是,,,泰州市生态环境局:2,其他部门,泰州市|兴化|气象局,,,,兴化市政府门户 > 部门信息,,无独立环评栏目,2026-09-16,2,2,2020-05-21,2020-05-21,兴化:1 / 靖江:1,
JS0196,JS0196,JS0196,,兴化市工业和信息化局,,,在用,区县,320000,321200,321281,兴化市,兴化,,,,,,本级政府部门,,是,,,泰州市兴化生态环境局:1,其他部门,泰州市|兴化|工业和信息化局,,,,兴化市政府门户 > 部门信息,,无独立环评栏目,2026-09-16,1,1,2019-06-27,2019-06-27,兴化:1,
JS0178,JS0178,JS0178,,泰州市靖江生态环境局,,,在用,区县,320000,321200,321282,靖江市,靖江,,,,,,本级政府部门,,是,,,泰州市生态环境局:441 / 泰州市行政审批局(市政务服务管理办公室):226 / 靖江市行政审批局:9,生态环境,泰州市|靖江|生态环境,3200-E051,,https://www.jingjiang.gov.cn/xxgk/zdlyxxgk/sthj/xmspgs/index.html,靖江市政府门户 > 信息公开 > 重点领域信息公开 > 生态环境 > 项目审批公示,,已核实,2026-09-16,731,717,2019-04-26,2026-09-10,靖江:717,2026-09-24 实爬：该入口抓到 114 条受理公告明细
JS0176,JS0176,JS0176,,泰州市泰兴生态环境局,,,在用,区县,320000,321200,321283,泰兴市,泰兴,,,,,,本级政府部门,,是,,,泰州市生态环境局:656 / 泰州市行政审批局(市政务服务管理办公室):309 / 泰兴市经泰州市行政审批局:33,生态环境,泰州市|泰兴|生态环境,3200-E049,,https://www.taixing.gov.cn/zwgk/bmxxgk/sthjj/xmgs/index.html,泰兴市政府门户 > 政务公开 > 部门信息公开 > 生态环境局 > 项目公示,,已核实,2026-09-16,1588,1588,2019-04-25,2026-09-09,泰兴:1587 / 海陵:1,2026-09-24 实爬：该入口抓到 75 条受理公告明细
JS0188,JS0188,JS0188,,泰兴市数据局,泰兴市行政审批局,,在用,区县,320000,321200,321283,泰兴市,泰兴,,,,,,本级政府部门,,是,,,泰州市泰兴生态环境局:1 / 泰州市生态环境局:1,行政审批,泰州市|泰兴|行政审批,3200-E049,,https://www.taixing.gov.cn/zwgk/bmxxgk/sthjj/xmgs/index.html,泰兴市政府门户 > 政务公开 > 部门信息公开 > 生态环境局 > 项目公示,,已核实,2026-09-16,8,8,2020-09-04,2025-04-30,泰兴:8,2026-09-24 实爬：该入口抓到 75 条受理公告明细
JS0191,JS0191,JS0191,,泰兴市虹桥镇人民政府,,,在用,区县,320000,321200,321283,泰兴市,泰兴,,,,,,本级政府部门,,是,,,泰州市行政审批局(市政务服务管理办公室):4 / 泰州市泰兴生态环境局:3,其他部门,泰州市|泰兴|虹桥镇人民政府,,,,泰兴市政府门户 > 镇街信息,,无独立环评栏目,2026-09-16,4,4,2021-06-24,2021-09-30,泰兴:4,
JS0198,JS0198,JS0198,,泰兴市交通运输局,,,在用,区县,320000,321200,321283,泰兴市,泰兴,,,,,,本级政府部门,,是,,,,其他部门,泰州市|泰兴|交通运输局,,,,泰兴市政府门户 > 部门信息,,无独立环评栏目,2026-09-16,1,1,2021-01-29,2021-01-29,泰兴:1,
JS0199,JS0199,JS0199,,泰兴市元竹镇卫生院,,,在用,区县,320000,321200,321283,泰兴市,泰兴,,,,,,本级政府部门,,是,,,泰州市泰兴生态环境局:1,其他部门,泰州市|泰兴|元竹镇卫生院,,,,泰兴市政府门户 > 镇街信息,,无独立环评栏目,2026-09-16,1,1,2022-10-10,2022-10-10,泰兴:1,
JS0200,JS0200,JS0200,,泰兴市发展和改革委员会(泰兴市粮食和物资储备局),,泰兴市粮食和物资储备局,在用,区县,320000,321200,321283,泰兴市,泰兴,,,,,,本级政府部门,,是,,,泰州市泰兴生态环境局:1 / 泰州市行政审批局(市政务服务管理办公室):1,其他部门,泰州市|泰兴|发展和改革委员会(粮食和物资储备局),,,,泰兴市政府门户 > 部门信息,,无独立环评栏目,2026-09-16,1,1,2021-03-11,2021-03-11,泰兴:1,
JS0201,JS0201,JS0201,,泰兴市水务局,,,在用,区县,320000,321200,321283,泰兴市,泰兴,,,,,,本级政府部门,,是,,,,其他部门,泰州市|泰兴|水务局,,,,泰兴市政府门户 > 部门信息,,无独立环评栏目,2026-09-16,1,1,2020-03-27,2020-03-27,泰兴:1,
JS0175,JS0175,JS0175,,泰州市生态环境局,,,在用,市本级,320000,321200,,泰州市,泰州,,,,,,本级政府部门,,是,,,泰州市海陵生态环境局:490 / 泰州市姜堰生态环境局:147 / 泰州市行政审批局(市政务服务管理办公室):51,生态环境,泰州市|市本级|生态环境,3200-E033,,https://hbj.taizhou.gov.cn/ztzl/jsxm/xmslgs/index.html,首页 > 专题专栏 > 建设项目 > 项目受理公示 / 项目拟审批公示 / 项目审批公示,,已核实,2026-09-16,2668,2664,2012-11-13,2026-09-11,海陵:1179 / (空):466 / 姜堰:334 / 高港:225,2026-09-24 实爬：该入口抓到 532 条受理公告明细
JS0179,JS0179,JS0179,,医药高新区(高港区)数据局,泰州医药高新区(高港区)数据局 / 医药高新区（高港区）数据局 / 泰州医药高新区（高港区）数据局 / 泰州市医药高新区（高港区）数据局 / 泰州医药高新区(高港区)行政审批局 / 泰州医药高新技术产业开发区(泰州市高港区)行政审批局 / 泰州医药高新技术产业开发区行政审批局 / 泰州医药高新技术产业开发区(泰州市高港区)数据局 / 医药高新区（高港区）行政审批局 / 泰州医药高新区（高港区）行政审批局 / 泰州医药高新技术产业开发区（泰州市高港区）行政审批局 / 泰州市医药高新区（高港区）行政审批局 / 泰州市医药高新区(高港区)行政审批局 / 泰州医药高新技术产业开发区管委会 / 泰州医药高新区行政审批局 / 医药高新区行政审批局,,在用,开发区/园区,320000,321200,,,,321200-Z01,医药高新区,,,321203,合署,站点title：泰州医药高新区管委会（高港区人民政府）（2026-09-23核实）,是,321200,,泰州市生态环境局:5 / 泰州市高港生态环境局:1,行政审批,泰州市|医药高新区|行政审批,3200-E029,,https://www.cmc.gov.cn/xwzx/spgg/,泰州医药高新区管委会（高港区人民政府）门户 > 新闻中心 > 审批公告,,已核实,2026-09-16,406,406,2019-08-08,2026-09-01,高港:292 / 海陵:61 / (空):53,2026-09-24 实爬：该入口抓到 356 条受理公告明细
JS0183,JS0183,JS0183,,泰州市行政审批局(市政务服务管理办公室),,市政务服务管理办公室,在用,市本级,320000,321200,,泰州市,泰州,,,,,,本级政府部门,,是,,,泰州市泰兴生态环境局:10 / 泰州市生态环境局:6,行政审批,泰州市|市本级|行政审批,3200-E033,,https://hbj.taizhou.gov.cn/ztzl/jsxm/xmslgs/index.html,首页 > 专题专栏 > 建设项目 > 项目受理公示 / 项目拟审批公示 / 项目审批公示,,已核实,2026-09-16,37,36,2020-04-14,2024-03-11,泰兴:20 / 靖江:7 / 海陵:4 / (空):3,2026-09-24 实爬：该入口抓到 532 条受理公告明细
JS0184,JS0184,JS0184,,泰州市环境保护局江阴—靖江工业园区分局,泰州市生态环境局江阴-靖江园区分局,,在用,开发区/园区,320000,321200,,,,321200-Z02,靖江园区,,,,,,否,,,泰州市行政审批局(市政务服务管理办公室):18 / 泰州市靖江生态环境局:18 / 泰州市生态环境局:3,生态环境,泰州市|靖江园区|生态环境,3200-E051,,https://www.jingjiang.gov.cn/xxgk/zdlyxxgk/sthj/xmspgs/index.html,靖江市政府门户 > 信息公开 > 重点领域信息公开 > 生态环境 > 项目审批公示,,已核实,2026-09-16,28,10,2019-08-21,2021-09-01,靖江:10,2026-09-24 实爬：该入口抓到 114 条受理公告明细
JS0185,JS0185,JS0185,,泰州市高港区行政审批局,高港区行政审批局 / 泰州高港区行政审批局,,在用,开发区/园区,320000,321200,,,,321200-Z03,高港港区,,,321203,合署,同上，高港片区同一门户,是,321200,,,行政审批,泰州市|高港港区|行政审批,3200-E029,,https://www.cmc.gov.cn/xwzx/spgg/,泰州医药高新区管委会（高港区人民政府）门户 > 新闻中心 > 审批公告,,已核实,2026-09-16,20,20,2019-08-19,2023-07-05,高港:20,2026-09-24 实爬：该入口抓到 356 条受理公告明细
JS0186,JS0186,JS0189,,泰州市环境保护局医药高新区分局,,,在用,开发区/园区,320000,321200,,,,321200-Z01,医药高新区,,,321203,合署,站点title：泰州医药高新区管委会（高港区人民政府）（2026-09-23核实）,是,321200,,泰州市生态环境局:4 / 泰州医药高新区(高港区)行政审批局:1,生态环境,泰州市|医药高新区|生态环境,3200-E029,,https://www.cmc.gov.cn/xwzx/spgg/,泰州医药高新区管委会（高港区人民政府）门户 > 新闻中心 > 审批公告,,已核实,2026-09-16,16,16,2012-12-13,2023-03-06,(空):13 / 海陵:2 / 高港:1,2026-09-24 实爬：该入口抓到 356 条受理公告明细
JS0190,JS0190,JS0190,,泰州市市场监督管理局,,,在用,市本级,320000,321200,,泰州市,泰州,,,,,,本级政府部门,,是,,,泰州市生态环境局:3 / 泰州医药高新技术产业开发区(泰州市高港区)行政审批局:1,其他部门,泰州市|市本级|市场监督管理局,,,,泰州市政府门户 > 部门信息,,无独立环评栏目,2026-09-16,5,5,2023-01-09,2023-01-13,(空):3 / 海陵:1 / 高港:1,
JS0192,JS0192,JS0192,,高新区行政审批局,,,在用,开发区/园区,320000,321200,,,,321200-Z04,海陵高新区,,,,,,否,,,宿迁市生态环境局:2 / 宿迁高新技术产业开发区行政审批局:1,行政审批,泰州市|海陵高新区|行政审批,3200-E033,,https://hbj.taizhou.gov.cn/ztzl/jsxm/xmslgs/index.html,首页 > 专题专栏 > 建设项目 > 项目受理公示 / 项目拟审批公示 / 项目审批公示,,已核实,2026-09-16,3,3,2021-06-07,2021-06-29,海陵:2 / 高港:1,2026-09-24 实爬：该入口抓到 532 条受理公告明细
JS0194,JS0194,JS0194,,医药高新区审批局,,,在用,开发区/园区,320000,321200,,,,321200-Z01,医药高新区,,,321203,合署,站点title：泰州医药高新区管委会（高港区人民政府）（2026-09-23核实）,是,321200,,,行政审批,泰州市|医药高新区|医药高新区审批局,3200-E029,,https://www.cmc.gov.cn/xwzx/spgg/,泰州医药高新区管委会（高港区人民政府）门户 > 新闻中心 > 审批公告,,已核实,2026-09-16,2,2,2021-08-19,2021-08-19,海陵:2,2026-09-24 实爬：该入口抓到 356 条受理公告明细
JS0195,JS0195,JS0195,,泰州市体育局,,,在用,市本级,320000,321200,,泰州市,泰州,,,,,,本级政府部门,,是,,,,其他部门,泰州市|市本级|体育局,,,,泰州市政府门户 > 部门信息,,无独立环评栏目,2026-09-16,2,2,2016-12-22,2016-12-22,(空):2,
JS0197,JS0197,JS0197,,江苏省泰州经济开发区环境保护局,,,在用,开发区/园区,320000,321200,,,,321200-Z05,本级开发区,,,,,,否,,,,生态环境,泰州市|本级开发区|生态环境,3200-E033,,https://hbj.taizhou.gov.cn/ztzl/jsxm/xmslgs/index.html,首页 > 专题专栏 > 建设项目 > 项目受理公示 / 项目拟审批公示 / 项目审批公示,,已核实,2026-09-16,1,1,2022-08-18,2022-08-18,(空):1,2026-09-24 实爬：该入口抓到 532 条受理公告明细
JS0202,JS0202,JS0202,,泰州市公安局,,,在用,市本级,320000,321200,,泰州市,泰州,,,,,,本级政府部门,,是,,,泰州市生态环境局:1,其他部门,泰州市|市本级|公安局,,,,泰州市政府门户 > 部门信息,,无独立环评栏目,2026-09-16,1,1,2015-03-26,2015-03-26,(空):1,
JS0203,JS0203,JS0203,,泰州市农业农村局,,,在用,市本级,320000,321200,,泰州市,泰州,,,,,,本级政府部门,,是,,,泰州市生态环境局:1,其他部门,泰州市|市本级|农业农村局,,,,泰州市政府门户 > 部门信息,,无独立环评栏目,2026-09-16,1,1,2025-10-20,2025-10-20,高港:1,
JS0204,JS0204,JS0204,,泰州市发展和改革委员会,,,在用,市本级,320000,321200,,泰州市,泰州,,,,,,本级政府部门,,是,,,泰州市泰兴生态环境局:1 / 泰州市行政审批局(市政务服务管理办公室):1,其他部门,泰州市|市本级|发展和改革委员会,,,,泰州市政府门户 > 部门信息,,无独立环评栏目,2026-09-16,1,1,2021-01-20,2021-01-20,泰兴:1,
JS0206,JS0206,JS0206,,泰州市民政局,,,在用,市本级,320000,321200,,泰州市,泰州,,,,,,本级政府部门,,是,,,泰州市生态环境局:1,其他部门,泰州市|市本级|民政局,,,,泰州市政府门户 > 部门信息,,无独立环评栏目,2026-09-16,1,1,2020-07-28,2020-07-28,海陵:1,
JS0207,JS0207,JS0207,,泰州市水利局医药高新区分局,,,在用,开发区/园区,320000,321200,,,,321200-Z01,医药高新区,,,321203,合署,站点title：泰州医药高新区管委会（高港区人民政府）（2026-09-23核实）,是,321200,,泰州市生态环境局:1,其他部门,泰州市|医药高新区|水利局医药高新区分局,,,,医药高新区门户 > 部门信息,,无独立环评栏目,2026-09-16,1,1,2018-07-27,2018-07-27,(空):1,
JS0208,JS0208,JS0208,,高新区分局,,,在用,开发区/园区,320000,321200,,,,321200-Z06,本级高新区,,,,,,否,,,泰州市环境保护局医药高新区分局:1 / 泰州市生态环境局:1,生态环境,泰州市|本级高新区|高新区分局,3200-E029,,https://www.cmc.gov.cn/xwzx/spgg/,泰州医药高新区管委会（高港区人民政府）门户 > 新闻中心 > 审批公告,,已核实,2026-09-16,1,1,2013-08-02,2013-08-02,(空):1,2026-09-24 实爬：该入口抓到 356 条受理公告明细
JS0059,JS0059,JS0059,,宿迁市宿豫区环境保护局,,,在用,区县,320000,321300,321311,宿豫区,宿豫,,,,,,本级政府部门,,是,,,宿迁市生态环境局:18 / 宿迁市便民方舟市生态环境局:1 / 宿迁市宿豫区环境环保局:1,生态环境,宿迁市|宿豫|生态环境,3200-E030,,https://sthj.suqian.gov.cn/shbj/jsxm/xxgk_list.shtml,首页 > 政府信息公开 > 建设项目,,已核实,2026-09-16,66,66,2017-01-05,2018-06-11,宿豫:66,2026-09-24 实爬：该入口抓到 104 条受理公告明细
JS0065,JS0065,JS0065,,宿迁市宿豫区交通运输局,,,在用,区县,320000,321300,321311,宿豫区,宿豫,,,,,,本级政府部门,,是,,,江苏省生态环境厅:2,其他部门,宿迁市|宿豫|交通运输局,,,,宿豫区政府门户 > 部门信息（本次未定位到门户地址）,,无独立环评栏目,2026-09-16,3,1,2008-07-25,2008-07-25,宿豫:1,
JS0058,JS0058,JS0058,,宿迁市沭阳生态环境局,沭阳县环境保护局 / 沭阳县行政服务中心生态环境,,在用,区县,320000,321300,321322,沭阳县,沭阳,,,,,,本级政府部门,,是,,,宿迁市生态环境局:12,生态环境,宿迁市|沭阳|生态环境,3200-E030,,https://sthj.suqian.gov.cn/shbj/jsxm/xxgk_list.shtml,首页 > 政府信息公开 > 建设项目,,已核实,2026-09-16,315,315,2016-05-20,2026-09-14,沭阳:315,2026-09-24 实爬：该入口抓到 104 条受理公告明细
JS0060,JS0060,JS0060,,宿迁市泗阳生态环境局,,,在用,区县,320000,321300,321323,泗阳县,泗阳,,,,,,本级政府部门,,是,,,宿迁市生态环境局:28,生态环境,宿迁市|泗阳|生态环境,3200-E030,,https://sthj.suqian.gov.cn/shbj/jsxm/xxgk_list.shtml,首页 > 政府信息公开 > 建设项目,,已核实,2026-09-16,33,33,2026-02-10,2026-07-29,泗阳:33,2026-09-24 实爬：该入口抓到 104 条受理公告明细
JS0057,JS0057,JS0057,,宿迁市泗洪生态环境局,泗洪县环境保护局,,在用,区县,320000,321300,321324,泗洪县,泗洪,,,,,,本级政府部门,,是,,,宿迁市生态环境局:129 / 泗洪县环境保护局:2,生态环境,宿迁市|泗洪|生态环境,3200-E052,,http://www.sihong.gov.cn/sihong/hjspgs/,泗洪县政府门户 > 环境审批公示,,访问受限,2026-09-17,359,359,2016-06-15,2026-09-11,泗洪:356 / 宿城:2 / (空):1,
JS0067,JS0067,JS0067,,宿迁市泗洪县政务中心,,,在用,区县,320000,321300,321324,泗洪县,泗洪,,,,,,本级政府部门,,是,,,宿迁市生态环境局:2,行政审批,宿迁市|泗洪|政务中心,3200-E052,,http://www.sihong.gov.cn/sihong/hjspgs/,泗洪县政府门户 > 环境审批公示,,访问受限,2026-09-17,2,2,2025-04-30,2025-04-30,泗洪:2,
JS0056,JS0056,JS0056,,宿迁市生态环境局,宿迁市便民方舟市生态环境局,,在用,市本级,320000,321300,,宿迁市,宿迁,,,,,,本级政府部门,,是,,,宿迁市泗洪生态环境局:57 / 便民方舟环保局:19 / 开发区环保分局:19,生态环境,宿迁市|市本级|生态环境,3200-E030,,https://sthj.suqian.gov.cn/shbj/jsxm/xxgk_list.shtml,首页 > 政府信息公开 > 建设项目,,已核实,2026-09-16,896,895,2014-08-04,2026-09-15,宿城:373 / (空):187 / 宿豫:109 / 泗洪:106,2026-09-24 实爬：该入口抓到 104 条受理公告明细
JS0061,JS0061,JS0061,,宿迁经济技术开发区行政审批局,宿迁经济技术开发区管理委员会 / 宿迁经济开发区,,在用,开发区/园区,320000,321300,,,,321300-Z02,本级开发区,,,,,,否,,,宿迁经济技术开发区管理委员会:1,行政审批,宿迁市|本级开发区|行政审批,3200-E031,,https://kfq.suqian.gov.cn/sjjkfq/hjbh/,宿迁经开区门户 > 环境保护,,访问受限,2026-09-24,27,27,2020-08-18,2026-08-06,宿城:27,2026-09-24 实爬：http/https 均 403
JS0062,JS0062,JS0062,,沭阳经济技术开发区管理委员会,,,在用,开发区/园区,320000,321300,,,,321300-Z03,沭阳开发区,,,,,,否,,,宿迁市生态环境局:1,开发区管委会,宿迁市|沭阳开发区|行政审批,3200-E030,,https://sthj.suqian.gov.cn/shbj/jsxm/xxgk_list.shtml,首页 > 政府信息公开 > 建设项目,,已核实,2026-09-16,23,23,2018-11-30,2026-07-15,沭阳:23,2026-09-24 实爬：该入口抓到 104 条受理公告明细
JS0063,JS0063,JS0063,,开发区生态环境分局,,,在用,开发区/园区,320000,321300,,,,321300-Z01,宿城开发区,,,,,,否,,,宿迁经济技术开发区行政审批局:9 / 宿迁经济技术开发区管理委员会:3 / 宿迁市生态环境局:1,生态环境,宿迁市|宿城开发区|开发区生态环境分局,3200-E031,,https://kfq.suqian.gov.cn/sjjkfq/hjbh/,宿迁经开区门户 > 环境保护,,访问受限,2026-09-24,18,18,2021-03-17,2026-04-15,宿城:18,2026-09-24 实爬：http/https 均 403
JS0064,JS0064,JS0064,,开发区环保分局,,,在用,开发区/园区,320000,321300,,,,321300-Z01,宿城开发区,,,,,,否,,,宿迁市生态环境局:13 / 宿迁经济技术开发区行政审批局:2,生态环境,宿迁市|宿城开发区|开发区环保分局,3200-E031,,https://kfq.suqian.gov.cn/sjjkfq/hjbh/,宿迁经开区门户 > 环境保护,,访问受限,2026-09-24,17,17,2014-07-21,2021-04-26,宿城:16 / (空):1,2026-09-24 实爬：http/https 均 403
JS0066,JS0066,JS0066,,宿迁市人民大道888号开发区生态环境分局,,,在用,开发区/园区,320000,321300,,,,321300-Z01,宿城开发区,,,,,,否,,,宿迁经济技术开发区行政审批局:1,生态环境,宿迁市|宿城开发区|人民大道888号开发区生态环境分局,3200-E031,,https://kfq.suqian.gov.cn/sjjkfq/hjbh/,宿迁经开区门户 > 环境保护,,访问受限,2026-09-24,2,2,2024-11-19,2026-03-11,宿城:2,2026-09-24 实爬：http/https 均 403
JS0068,JS0068,JS0068,,宿迁市生态环境局开发区环保分局,,,在用,开发区/园区,320000,321300,,,,321300-Z02,本级开发区,,,,,,否,,,宿迁市生态环境局:1,生态环境,宿迁市|本级开发区|生态环境,3200-E031,,https://kfq.suqian.gov.cn/sjjkfq/hjbh/,宿迁经开区门户 > 环境保护,,访问受限,2026-09-24,2,2,2014-08-02,2021-04-26,宿城:2,2026-09-24 实爬：http/https 均 403
JS0069,JS0069,JS0069,,高新区行政审批局,,,在用,开发区/园区,320000,321300,,,,321300-Z04,本级高新区,,,,,,否,,,宿迁市生态环境局:2 / 宿迁高新技术产业开发区行政审批局:1,行政审批,宿迁市|本级高新区|行政审批,3200-E030,,https://sthj.suqian.gov.cn/shbj/jsxm/xxgk_list.shtml,首页 > 政府信息公开 > 建设项目,,已核实,2026-09-16,2,2,2026-05-22,2026-07-01,(空):2,2026-09-24 实爬：该入口抓到 104 条受理公告明细
JS0070,JS0070,JS0070,,号开发区环保分局,,,在用,开发区/园区,320000,321300,,,,321300-Z01,宿城开发区,,,,,,否,,,宿迁市生态环境局:1 / 宿迁经济技术开发区行政审批局:1,生态环境,宿迁市|宿城开发区|号开发区环保分局,3200-E031,,https://kfq.suqian.gov.cn/sjjkfq/hjbh/,宿迁经开区门户 > 环境保护,,访问受限,2026-09-24,1,1,2021-04-26,2021-04-26,宿城:1,2026-09-24 实爬：http/https 均 403
JS0071,JS0071,JS0071,,宿迁市交通运输局(宿迁市地方铁路建设办公室),,宿迁市地方铁路建设办公室,在用,市本级,320000,321300,,宿迁市,宿迁,,,,,,本级政府部门,,是,,,宿迁市生态环境局:1,其他部门,宿迁市|市本级|交通运输局(地方铁路建设办公室),,,,宿迁市政府门户 > 部门信息,,无独立环评栏目,2026-09-16,1,1,2021-04-26,2021-04-26,(空):1,
