城市,地区,单位,职能,最新公告日期,记录数,合并的其他写法
—,省级,江苏省生态环境厅,生态环境,2026-09-15,3670,江苏省生态环境厅核管局 / 江苏省生态环境厅环评处
—,国家,中华人民共和国生态环境部,生态环境,2026-08-21,185,生态环境部辐射源安全监管司 / 生态环境部
—,省级,江苏省行政审批局,行政审批,2023-07-03,3,
南京市,市本级,南京市生态环境局,生态环境,2026-09-14,1870,
南京市,江北新区,南京江北新区管委会,开发区管委会,2026-09-08,1190,南京江北新区行政审批局 / 南京市江北新区管理委员会行政审批局 / 南京江北新区管理委员会(南京高新技术产业开发区管理委员会、中国(江苏)自由贸易试验区南京片区管理委员会) / 南京市江北新区行政审批局 / 江北新区管理委员会行政审批局 / 江北新区行政审批局
南京市,江宁,南京市江宁生态环境局,生态环境,2026-08-03,657,
南京市,溧水,南京市溧水生态环境局,生态环境,2026-09-08,463,
南京市,高淳,南京市高淳生态环境局,生态环境,2025-10-21,403,南京市高淳区环境保护局
南京市,江宁开发区,江宁开发区政务服务中心,行政审批,2026-09-10,329,南京江宁经济技术开发区管理委员会 / 江宁开发区行政审批局 / 南京江宁经济技术开发区管理委员会行政审批局 / 南京江宁开发区行政审批局
南京市,六合,南京市六合生态环境局,生态环境,2026-08-20,311,南京市六合区环境保护局
南京市,栖霞,南京市栖霞生态环境局,生态环境,2025-08-29,310,南京市栖霞区环境保护局
南京市,本级开发区,南京经济技术开发区管委会,开发区管委会,2026-09-10,297,南京开发区行政审批局 / 南京经济技术开发区管理委员会行政审批局 / 南京经开区行政审批局
南京市,浦口,南京市浦口生态环境局,生态环境,2025-08-01,249,南京市浦口区环境保护局
南京市,雨花台,南京市雨花台生态环境局,生态环境,2026-07-29,171,南京市雨花台区环境保护局
南京市,秦淮,南京市秦淮生态环境局,生态环境,2026-07-30,115,南京市秦淮区环境保护局
南京市,玄武,南京市玄武生态环境局,生态环境,2026-05-25,55,南京市玄武区环境保护局
南京市,鼓楼,南京市鼓楼生态环境局,生态环境,2026-07-15,48,鼓楼生态环境局
南京市,建邺,南京市建邺生态环境局,生态环境,2026-04-20,15,南京市建邺区环境保护局
南京市,江宁,南京市江宁区行政审批局,行政审批,2023-09-13,1,
南通市,如皋,如皋市数据局,行政审批,2026-09-15,1753,如皋市行政审批局
南通市,通州,通州区数据局,行政审批,2026-08-20,1525,南通市通州区数据局 / 江苏省南通市通州区数据局 / 通州区区数据局 / 南通市通州区行政审批局 / 南通市通州南通市通州区数据局 / 通州区行政审批局 / 通州湾行政审批局
南通市,市本级,南通市生态环境局,生态环境,2026-08-13,1161,
南通市,如东,如东县数据局,行政审批,2026-09-07,1049,如东县行政审批局
南通市,海安,南通市海安生态环境局,生态环境,2026-07-22,738,
南通市,海门,南通市海门区数据局,行政审批,2024-07-03,348,南通市海门区行政审批局 / 通市海门区行政审批局
南通市,本级开发区,南通市生态环境局开发区分局(南通经济技术开发区生态环境局),生态环境,2026-08-13,313,
南通市,市本级,南通市数据局,行政审批,2026-08-26,311,南通市区数据局 / 江苏省南通市数据局 / 南通市行政审批局 / 南通市行政审批局(南通市政务服务中心、南通市公共资源交易管理办公室)
南通市,本级高新区,南通高新区管委会,开发区管委会,2026-09-14,189,南通高新区行政审批局 / 南通高新技术产业开发区管理委员会 / 南通市行政审批局(南通高新区)
南通市,海门,南通市海门生态环境局,生态环境,2020-06-10,145,
南通市,通州湾示范区,通州湾示范区行政审批局,行政审批,2026-08-28,145,
南通市,海安,海安市数据局,行政审批,2024-07-25,23,海安市行政审批局
南通市,如东,南通市如东生态环境局,生态环境,2025-06-26,18,
南通市,本级开发区,南通市经济技术开发区管理委员会,开发区管委会,2025-10-15,16,南通市经济技术开发区行政审批局
南通市,如皋,南通市如皋生态环境局,生态环境,2025-05-15,13,
南通市,启东,南通市启东生态环境局,生态环境,2026-08-14,11,
南通市,如东开发区,江苏省如东经济开发区管理委员会,开发区管委会,2025-09-19,11,
南通市,海门开发区,海门经济技术开发区管理委员会,开发区管委会,2024-11-26,9,南通市行政审批局(海门开发区)
南通市,通州,南通市通州生态环境局,生态环境,2025-02-13,8,通州区环保局
南通市,海安开发区,海安经济技术开发区管委会行政审批局,行政审批,2026-08-06,4,海安经济技术开发区行政审批局
南通市,崇川,南通市崇川区行政审批局,行政审批,2025-11-05,2,
南通市,启东,启东市数据局,行政审批,2026-07-21,2,
南通市,海安高新区,高新区行政审批局,行政审批,2026-07-15,1,
宿迁市,市本级,宿迁市生态环境局,生态环境,2026-09-15,896,宿迁市便民方舟市生态环境局
宿迁市,泗洪,宿迁市泗洪生态环境局,生态环境,2026-09-11,359,泗洪县环境保护局
宿迁市,沭阳,宿迁市沭阳生态环境局,生态环境,2026-09-14,283,沭阳县环境保护局
宿迁市,宿豫,宿迁市宿豫区环境保护局,生态环境,2018-06-11,66,
宿迁市,泗阳,宿迁市泗阳生态环境局,生态环境,2026-07-29,33,
宿迁市,沭阳,沭阳县行政服务中心生态环境,生态环境,2025-10-31,32,
宿迁市,本级开发区,宿迁经济技术开发区行政审批局,行政审批,2026-08-06,27,宿迁经济技术开发区管理委员会 / 宿迁经济开发区
宿迁市,沭阳开发区,沭阳经济技术开发区管理委员会,开发区管委会,2026-07-15,23,
宿迁市,宿城开发区,开发区生态环境分局,生态环境,2026-04-15,18,
宿迁市,宿城开发区,开发区环保分局,生态环境,2021-04-26,17,
宿迁市,宿城开发区,宿迁市人民大道888号开发区生态环境分局,生态环境,2026-03-11,2,
宿迁市,泗洪,宿迁市泗洪县政务中心,行政审批,2025-04-30,2,
宿迁市,本级开发区,宿迁市生态环境局开发区环保分局,生态环境,2021-04-26,2,
宿迁市,本级高新区,高新区行政审批局,行政审批,2026-07-01,2,
宿迁市,宿城开发区,号开发区环保分局,生态环境,2021-04-26,1,
常州市,市本级,常州市生态环境局,生态环境,2026-09-15,2066,常州市生态环境局环保分局
常州市,溧阳,常州市溧阳生态环境局,生态环境,2026-08-25,946,溧阳市行政审批局生态环境局
常州市,钟楼,常州市钟楼生态环境局,生态环境,2026-09-10,863,生态环境局
常州市,金坛,常州市金坛生态环境局,生态环境,2026-09-11,681,常州市金坛生态环境局土壤生态环境科
常州市,本级开发区,江苏常州经济开发区管理委员会,开发区管委会,2026-09-14,613,常州经济开发区数据局 / 江苏常州经济开发区数据局 / 常州经开区管委会 / 江苏常州经济开发区行政审批局
常州市,天宁,常州市天宁生态环境局工会委员会,生态环境,2026-09-08,607,常州市天宁生态环境局 / 常州市天宁区环境保护局 / 州市天宁生态环境局
常州市,国家高新区,常州国家高新区管理委员会,开发区管委会,2026-03-03,575,常州国家高新区数据局 / 常州国家高新区管委会（新北区人民政府） / 常州国家高新区管委会 / 常州国家高新区(新北区)行政审批局 / 常州国家高新技术产业开发区(新北区)行政审批局 / 常州国家高新区（新北区）行政审批局 / 州国家高新区(新北区)行政审批局
常州市,本级高新区,常州高新区(新北区)政务服务管理办公室,行政审批,2026-08-19,184,常州高新区（新北区）数据局 / 常州高新区数据局 / 常州市高新区数据局 / 常州高新区管委会 / 常州高新区管委会(新北区人民政府） / 常州市高新区管委会
常州市,本级开发区,常州经济开发区环保分局,生态环境,2021-12-31,134,
常州市,武进开发区,经济开发区行政审批局,行政审批,2023-11-17,94,苏常州经济开发区行政审批局 / 州经济开发区行政审批局
常州市,新北,新北区数据局,行政审批,2026-07-01,45,常州市新北区数据局 / 新北区行政审批局 / 常州市新北区行政审批局
常州市,武进,常州市武进生态环境局,生态环境,2026-08-21,22,
常州市,市本级,常州市鼎力区数据局,行政审批,2026-05-07,16,常州市数据局 / 常州市行政审批局
常州市,本级开发区,常州经济开发区生态环境分局,生态环境,2024-06-20,16,生态环境分局
常州市,武进,常州市武进区行政审批局,行政审批,2025-07-21,4,
常州市,本级高新区,常州高新技术产业开发区（新北）生态环境局,生态环境,2025-09-29,4,
常州市,国家高新区,常州国家高新区生态环境局,生态环境,2024-11-14,3,常州国家高新技术产业开发区(新北)生态环境局
常州市,新北高新区,家高新区(新北区)行政审批局,行政审批,2023-04-12,2,
常州市,本级开发区,常州市生态环境局常州经开区分局,生态环境,2023-11-07,2,
常州市,金坛开发区,金坛经济开发区科技经贸局环境保护科,生态环境,2017-06-19,2,
常州市,新北,常州市新北区生态环境局,生态环境,2026-01-06,1,
常州市,本级新区,新区(新北区)行政审批局,行政审批,2021-01-15,1,
徐州市,本级开发区,徐州经济技术开发区行政审批局,行政审批,2019-03-12,174,
徐州市,市本级,徐州市生态环境局,生态环境,2026-08-24,160,徐州市环境保护局
徐州市,贾汪,徐州市贾汪生态环境局,生态环境,2026-08-28,148,
徐州市,睢宁,睢宁县环境保护局,生态环境,2026-07-16,141,
徐州市,新沂,徐州市新沂生态环境局,生态环境,2026-09-11,110,
徐州市,丰,徐州市丰县生态环境局,生态环境,2026-05-22,46,徐州市徐州市丰县生态环境局
徐州市,铜山,徐州市铜山生态环境局,生态环境,2026-07-17,35,
徐州市,邳州,徐州市邳州生态环境局,生态环境,2026-07-16,33,
徐州市,沛,徐州市沛县生态环境局,生态环境,2026-07-15,31,
徐州市,本级开发区,徐州市环境保护局徐州经济开发区分局,生态环境,2018-02-05,28,
徐州市,贾汪,徐州市贾汪区行政审批局,行政审批,2025-11-19,6,
徐州市,本级高新区,徐州市高新区行政审批局,行政审批,2025-07-26,1,
徐州市,新沂,新沂市行政审批局,行政审批,2025-07-02,1,
扬州市,市本级,扬州市生态环境局,生态环境,2026-09-15,3407,
扬州市,仪征,扬州市仪征生态环境局,生态环境,2026-07-13,1774,
扬州市,宝应,扬州市宝应生态环境局,生态环境,2026-09-10,1175,
扬州市,高邮,扬州市高邮生态环境局,生态环境,2025-02-07,161,
扬州市,本级开发区,扬州经济技术开发区管理委员会,开发区管委会,2026-07-01,135,扬州经济技术开发区行政审批局 / 扬州经济开发区管委会
扬州市,邗江,扬州市邗江生态环境局,生态环境,2026-09-02,113,
扬州市,江都,扬州市江都生态环境局,生态环境,2025-04-09,64,
扬州市,广陵,扬州市广陵生态环境局,生态环境,2026-09-14,61,广陵区行政服务中心5楼生态环境局 / 广陵生态环境局
扬州市,江都开发区,江苏省江都经济开发区管理委员会,开发区管委会,2026-07-07,11,江苏省江都经济开发区行政审批局
扬州市,江都高新技术园区,扬州市江都高新技术产业园区管理委员会,开发区管委会,2024-09-26,2,
扬州市,广陵,广陵区行政审批局,行政审批,2025-01-07,1,
扬州市,邗江,扬州市邗江区行政审批局,行政审批,2025-08-11,1,
扬州市,广陵开发区,江苏扬州广陵经济开发区管理委员会,开发区管委会,2024-12-27,1,
无锡市,市本级,无锡市数据局,行政审批,2026-09-11,5749,无锡市大数据局 / 无锡市行政审批局 / 无锡市数据局（无锡市政务服务管理办公室） / 无锡市无锡市行政审批局
无锡市,滨湖,无锡市滨湖生态环境局,生态环境,2024-12-27,525,无锡市滨湖区环境保护局
无锡市,江阴临港开发区,江苏江阴临港经济开发区管理委员会,开发区管委会,2026-09-11,390,江阴临港经济开发区想管理委员会 / 江阴临港经济开发区行政审批局 / 阴临港经济开发区管理委员会
无锡市,江阴,无锡市江阴生态环境局,生态环境,2026-09-08,345,江阴市环境保护局
无锡市,宜兴,无锡市宜兴生态环境局,生态环境,2026-07-24,290,宜兴市环境保护局
无锡市,市本级,无锡市生态环境局(无锡市太湖水污染防治办公室),生态环境,2026-09-14,148,
无锡市,锡山开发区,锡山经济技术开发区安全环保局,生态环境,2021-02-01,89,
无锡市,锡山,无锡市锡山生态环境局,生态环境,2025-05-26,71,无锡市锡山区环境保护局
无锡市,市本级,无锡市大数据管理局,行政审批,2025-07-22,70,
无锡市,宜兴,市数据局,行政审批,2026-08-14,51,宜兴市数据局 / 宜兴市行政审批局
无锡市,新吴,无锡市新吴生态环境局,生态环境,2026-08-21,49,新吴区生态环境部门
无锡市,江阴,江阴市数据局,行政审批,2026-06-12,46,江阴市行政审批局
无锡市,梁溪,无锡市梁溪区数据局,行政审批,2025-10-29,36,无锡市梁溪区行政审批局
无锡市,本级高新区,无锡高新技术产业开发区环保科技工业园管理办公室,生态环境,2026-08-05,16,
无锡市,梁溪,无锡市梁溪区环境保护局,生态环境,2017-11-27,15,
无锡市,宜兴园区,中国宜兴环保科技工业园,生态环境,2025-09-26,14,宜兴环保科技工业园
无锡市,宜兴开发区,宜兴经济技术开发区管理委员会,开发区管委会,2026-06-05,12,宜兴经济技术开发区
无锡市,惠山,无锡市惠山生态环境局,生态环境,2026-08-14,12,无锡市惠山区环境保护局
无锡市,江阴高新区,江阴高新技术产业开发区管理委员会,开发区管委会,2025-06-10,10,
无锡市,本级高新区,无锡高新区（新吴区)数据局,行政审批,2025-04-25,5,
无锡市,惠山,无锡市惠山区数据局,行政审批,2026-05-09,2,惠山区数据局
无锡市,滨湖,无锡市滨湖区数据局,行政审批,2026-05-15,2,滨湖区数据局
无锡市,本级开发区,江苏无锡经济开发区数据局,行政审批,2025-04-16,1,
泰州市,市本级,泰州市生态环境局,生态环境,2026-09-11,2668,
泰州市,泰兴,泰州市泰兴生态环境局,生态环境,2026-09-09,1588,
泰州市,兴化,泰州市兴化生态环境局,生态环境,2026-09-08,992,
泰州市,靖江,泰州市靖江生态环境局,生态环境,2026-09-10,731,
泰州市,医药高新区,医药高新区(高港区)数据局,行政审批,2026-09-01,406,泰州医药高新区(高港区)数据局 / 医药高新区（高港区）数据局 / 泰州医药高新区（高港区）数据局 / 泰州市医药高新区（高港区）数据局 / 泰州医药高新区(高港区)行政审批局 / 泰州医药高新技术产业开发区(泰州市高港区)行政审批局 / 泰州医药高新技术产业开发区行政审批局 / 泰州医药高新技术产业开发区(泰州市高港区)数据局 / 医药高新区（高港区）行政审批局 / 泰州医药高新区（高港区）行政审批局 / 泰州医药高新技术产业开发区（泰州市高港区）行政审批局 / 泰州市医药高新区（高港区）行政审批局 / 泰州市医药高新区(高港区)行政审批局 / 泰州医药高新技术产业开发区管委会 / 泰州医药高新区行政审批局 / 医药高新区行政审批局
泰州市,姜堰,泰州市姜堰生态环境局,生态环境,2026-09-15,346,
泰州市,海陵,泰州市海陵生态环境局,生态环境,2025-06-26,52,泰州市环境保护局海陵分局
泰州市,市本级,泰州市行政审批局(市政务服务管理办公室),行政审批,2024-03-11,37,
泰州市,靖江园区,泰州市环境保护局江阴—靖江工业园区分局,生态环境,2023-07-03,28,泰州市生态环境局江阴-靖江园区分局
泰州市,高港港区,泰州市高港区行政审批局,行政审批,2023-07-05,20,高港区行政审批局 / 泰州高港区行政审批局
泰州市,医药高新区,泰州市环境保护局医药高新区分局,生态环境,2023-03-06,16,
泰州市,兴化,兴化市行政审批局,行政审批,2022-04-21,15,
泰州市,泰兴,泰兴市数据局,行政审批,2025-04-30,8,泰兴市行政审批局
泰州市,高港,泰州市高港生态环境局,生态环境,2023-02-21,7,
泰州市,海陵高新区,高新区行政审批局,行政审批,2021-06-29,3,
泰州市,医药高新区,医药高新区审批局,行政审批,2021-08-19,2,
泰州市,本级开发区,江苏省泰州经济开发区环境保护局,生态环境,2022-08-18,1,
泰州市,姜堰,泰州市姜堰区政务服务大厅,行政审批,2025-09-22,1,
泰州市,本级高新区,高新区分局,生态环境,2013-08-02,1,
淮安市,市本级,淮安市生态环境局,生态环境,2026-09-14,1552,淮安区行政服务中心生态环境局 / 淮安市生态环境局环保分局
淮安市,淮阴,淮安市淮阴生态环境局,生态环境,2026-09-15,884,淮安市淮阴区环境保护局
淮安市,淮安,淮安市淮安生态环境局,生态环境,2026-08-25,367,淮安市淮安区环境保护局
淮安市,洪泽,淮安市洪泽生态环境局,生态环境,2026-09-04,317,淮安市洪泽区环境保护局
淮安市,盱眙,淮安市盱眙生态环境局,生态环境,2026-09-15,292,盱眙县环境保护局
淮安市,金湖,淮安市金湖生态环境局,生态环境,2026-09-15,175,金湖县市民中心生态环境局 / 金湖县环境保护局
淮安市,淮安开发区,经开区分局,生态环境,2024-06-24,119,
淮安市,本级开发区,淮安市生态环境局经开区分局,生态环境,2025-11-18,107,淮安市生态环境局经济技术开发区分局 / 淮安市环境保护局经济技术开发区分局
淮安市,本级园区,淮安市生态环境局工业园区分局,生态环境,2026-07-21,100,淮安市园区生态环境局 / 淮安市环境保护局工业园区分局
淮安市,本级开发区,淮安经济技术开发区环保分局,生态环境,2018-11-05,91,
淮安市,涟水,淮安市涟水生态环境局,生态环境,2026-09-14,82,涟水县环境保护局
淮安市,本级开发区,淮安经济技术开发区管委会,开发区管委会,2026-04-30,21,淮安经济技术开发区行政审批局 / 淮安经济技术开发区管理委员会 / 淮安经济技术开发区
淮安市,清江浦,淮安市清江浦生态环境局,生态环境,2026-09-11,20,
淮安市,淮安园区,工业园区分局,生态环境,2024-06-12,18,
淮安市,市本级,淮安市生态环局,生态环境,2023-07-05,5,
淮安市,盐化新材料园区,淮安盐化新材料产业园环保分局,生态环境,2015-01-30,5,
淮安市,本级开发区,开发区分局,生态环境,2024-04-23,3,
淮安市,本级园区,淮安工业园区,开发区管委会,2026-06-17,3,江苏淮安工业园区
淮安市,盐化新区,淮安市环保局盐化新区分局,生态环境,2014-12-18,3,
淮安市,盱眙,盱眙县数据局,行政审批,2025-09-25,2,
淮安市,涟水,涟水县环境监察局,生态环境,2018-06-04,1,
淮安市,淮安,淮安市淮安区行政审批局,行政审批,2024-06-12,1,
淮安市,盐化新材料园区,淮安市环保局盐化新材料产业园区分局,生态环境,2014-11-11,1,
淮安市,市本级,淮安市生态境局,生态环境,2023-06-29,1,
盐城市,市本级,盐城市生态环境局,生态环境,2026-09-14,1341,盐城市环保局城南分局
盐城市,阜宁,盐城市阜宁生态环境局,生态环境,2026-08-13,1020,
盐城市,建湖,盐城市建湖生态环境局,生态环境,2026-09-15,761,
盐城市,东台,盐城市生态环境局(东台生态环境局),生态环境,2026-07-28,699,盐城市东台生态环境局
盐城市,亭湖,盐城市亭湖生态环境局,生态环境,2026-09-14,688,
盐城市,大丰,盐城市大丰生态环境局,生态环境,2026-09-04,678,
盐城市,滨海,盐城市滨海生态环境局,生态环境,2026-09-02,403,
盐城市,盐都,盐城市盐都生态环境局,生态环境,2026-09-08,350,
盐城市,响水,盐城市响水生态环境局,生态环境,2025-12-30,231,响水县行政审批局生态环境局
盐城市,本级开发区,盐城经济技术开发区行政审批局,行政审批,2026-08-10,207,区行政审批局 / 盐城经济技术开发区管理委员会
盐城市,射阳,盐城市射阳生态环境局,生态环境,2026-09-14,172,
盐城市,盐南高新区,盐城市生态环境局盐南高新区分局,生态环境,2026-05-18,19,
盐城市,盐南高新区,盐城市生态局盐南高新区分局,生态环境,2019-12-31,9,
盐城市,盐都,盐都区数据局,行政审批,2025-11-12,6,盐都区数据局二楼生态环境
盐城市,本级开发区,盐城经济技术开发区审批局,行政审批,2024-10-24,1,
苏州市,市本级,苏州市生态环境局(苏州市太湖水污染防治办公室),生态环境,2026-09-15,12200,苏州市环境保护局 / 苏州市生态环境局 / 苏州市生态环境
苏州市,本级高新区,苏州高新区(虎丘区)生态环境局,生态环境,2026-09-14,457,苏州高新区（虎丘区）生态环境局
苏州市,张家港保税区,江苏省张家港保税区管理委员会(张家港保税物流园区管理委员会),开发区管委会,2026-09-08,348,江苏省张家港保税区管理委员会 / 张家港保税区管理委员会 / 张家港保税区行政审批局 / 江苏张家港保税区管理委员会 / 江苏省张家港保税区管理委员
苏州市,昆山开发区,江苏昆山经济技术开发区管理委员会,开发区管委会,2026-09-14,266,
苏州市,张家港,苏州市张家港生态环境局,生态环境,2026-08-19,263,
苏州市,昆山高新区,昆山高新技术产业开发区管理委员会,开发区管委会,2026-09-14,233,
苏州市,常熟高新区,常熟高新技术产业开发区管理委员会,开发区管委会,2026-08-18,201,常熟高新区行政审批局 / 常熟高新技术产业开发区
苏州市,吴中开发区,吴中开发区行政审批局,行政审批,2026-09-09,173,苏州吴中经开区政务服务中心 / 苏州吴中开发区行政审批局 / 苏州吴中经济技术开发区管理委员会 / 苏州吴中经济技术开发区行政审批局 / 吴中经济开发区行政审批局
苏州市,本级高新区,苏州高新区管委会,开发区管委会,2025-12-15,156,
苏州市,相城开发区,苏州相城经济技术开发区管理委员会,开发区管委会,2026-09-10,139,
苏州市,太仓港开发区,太仓港经济技术开发区行政审批局,行政审批,2026-09-03,128,
苏州市,张家港开发区,张家港经济技术开发区管理委员会,开发区管委会,2026-08-27,124,张家港市经济技术开发区(杨舍镇) / 张家港经济技术开发区
苏州市,吴中,苏州市吴中生态环境局(苏州市吴中太湖水污染防治办公室),生态环境,2020-09-07,84,
苏州市,太湖国家旅游度假区,苏州太湖国家旅游度假区管理委员会,开发区管委会,2026-09-15,59,苏州太湖国家旅游度假区政务服务中心 / 苏州太湖国家旅游度假区行政审批局 / 苏州国家旅游度假区管理委员会
苏州市,常熟开发区,常熟经济技术开发区管理委员会,开发区管委会,2026-09-15,55,
苏州市,太仓港区,港区行政审批局,行政审批,2025-10-11,46,
苏州市,本级园区,苏州工业园区生态环境局,生态环境,2026-01-12,32,苏州工业园区国土环保局
苏州市,昆山,苏州市昆山生态环境局,生态环境,2025-09-02,31,昆山市生态环境部门
苏州市,太仓,苏州市太仓生态环境局,生态环境,2025-06-18,21,太仓市生态环境部门
苏州市,张家港,张家港市安环局,生态环境,2024-12-02,13,安环局
苏州市,吴中度假区,度假区行政审批局,行政审批,2024-06-11,8,
苏州市,木渎镇,木渎镇建设和环境保护局,生态环境,2020-07-30,5,
苏州市,吴中,苏州太湖新城吴中管理委员会,开发区管委会,2025-07-07,4,
苏州市,姑苏,姑苏区环境保护局,生态环境,2019-08-08,2,
苏州市,市本级,苏州市行政审批局,行政审批,2024-04-02,2,
苏州市,吴中开发区,吴中经开区企业一站式服务中心,行政审批,2026-09-08,1,
苏州市,吴江,吴江区盛泽镇行政服务局,行政审批,2019-09-05,1,
苏州市,盛泽镇,盛泽镇行政服务局,行政审批,2019-10-18,1,
苏州市,吴江,苏州市行政审批局(吴江环评审批),行政审批,2019-10-10,1,
连云港市,市本级,连云港市生态环境局,生态环境,2026-09-10,1056,连云港市凌州东路9号政务服务中心B035号生态环境局
连云港市,灌南,连云港市灌南生态环境局,生态环境,2026-09-09,629,灌南县环境保护局
连云港市,赣榆,连云港市赣榆生态环境局,生态环境,2026-09-11,612,连云港市赣榆区环境保护局
连云港市,东海,连云港市东海生态环境局,生态环境,2026-09-11,565,海生态环境局 / 东海县环境保护局
连云港市,灌云,连云港市灌云生态环境局,生态环境,2026-08-14,291,
连云港市,连云,连云港市连云生态环境局,生态环境,2026-08-18,197,连云港市连云区环境保护局
连云港市,国家东中西区域示范区,国家东中西区域合作示范区环境保护局,生态环境,2026-09-08,180,国家东中西区域合作示范区(连云港徐圩新区)环境保护局 / 东中西示范区环境保护局
连云港市,本级开发区,连云港经济技术开发区行政审批局,行政审批,2026-09-07,160,
连云港市,海州,海州生态环境局,生态环境,2026-06-30,159,
连云港市,徐圩新区,徐圩新区环保局,生态环境,2026-06-23,57,徐圩新区环境保护局 / 连云港徐圩新区环境保护局
连云港市,本级开发区,连云港经济技术开发区环境保护局,生态环境,2025-12-12,22,
连云港市,本级高新区,连云港高新技术产业开发区行政审批局,行政审批,2026-01-29,2,连云港高新区
连云港市,本级高新区,连云港高新区科创城3号楼审批大厅,行政审批,2025-09-18,1,
镇江市,丹阳,镇江市丹阳生态环境局,生态环境,2026-09-11,1834,丹阳市丹阳生态环境局
镇江市,市本级,镇江市生态环境局,生态环境,2026-09-07,1132,镇江市政务服务中心三楼生态环境局
镇江市,扬中,镇江市扬中生态环境局,生态环境,2026-09-10,844,扬中市环境保护局 / 扬中市生态环境部门
镇江市,本级新区,镇江新区行政审批局,行政审批,2024-01-15,291,
镇江市,句容,镇江市句容生态环境局,生态环境,2026-09-15,243,
镇江市,丹阳,丹阳市行政审批局,行政审批,2025-11-26,108,
镇江市,京口,镇江市京口生态环境局,生态环境,2025-11-24,77,镇江市京口区环境保护局
镇江市,丹徒,镇江市丹徒生态环境局,生态环境,2026-07-31,69,
镇江市,润州,镇江市润州生态环境局,生态环境,2026-06-08,34,镇江市润州区环境保护局 / 润州环保局
镇江市,本级开发区,镇江经济技术开发区行政审批局,行政审批,2026-07-02,15,镇江经济技术开发区管理委员会
镇江市,本级高新区,镇江高新区管委会,开发区管委会,2026-01-21,10,镇江高新区管理委员会
镇江市,润州高新区,高新区综合行政执法局生态环境科,生态环境,2026-01-06,10,
镇江市,本级开发区,镇江经济技术开发区生态环境和应急管理局,生态环境,2026-01-16,5,
镇江市,本级新区,镇江新区生态环境和应急管理局,生态环境,2024-11-30,4,
镇江市,市本级,镇江市生态环境和应急管理局,生态环境,2025-05-17,1,
镇江市,本级开发区,镇江经开区生态环境和应急管理局,生态环境,2025-06-23,1,
镇江市,本级高新区,镇江高新区生态环境局,生态环境,2025-03-19,1,
