unit_uid,org_id,entity_id,name_canonical,name_from_source,name_variants,badges,name_status,admin_level,prov_code,city_code,admin_code,admin_name,admin_short,zone_id,zone_name,zone_short,zone_level,zone_admin_code,admin_relation,relation_evidence,relation_confirmed,parent_admin_code,group_id,co_occurrence_top,role,function_key,entry_id,entry_category,entry_url,entry_path,filter_rule,verify_status,verify_date,record_count,raw_matched,first_notice_date,last_notice_date,county_field_dist,crawl_note,portal_publisher
ZJ0001,ZJ0001,ZJ0001,,浙江省生态环境厅,,,在用,省级,330000,,,浙江省,浙江,,,,,,本级政府部门,,是,,,绍兴市生态环境局上虞分局:310 / 绍兴市生态环境局:45 / 温州市生态环境局:11,生态环境,—|省级|生态环境,3300-E005,,https://sthjt.zj.gov.cn/col/col1201950/index.html,,,已核实,2026-10-08,1765,0,,2026-09-24,,2026-10-08 拉栏目标题核实：该单位在此栏目发布受理公告 589 条,省环保厅(26)
ZJ0002,ZJ0002,ZJ0002,,中华人民共和国生态环境部,生态环境部核电安全监管司,,在用,国家,330000,,,,,,,,,,本级政府部门,,是,,,生态环境部辐射源安全监管司:3 / 日喀则市环境保护局:2 / 浙江省生态环境厅:1,生态环境,—|国家|生态环境,3300-E004,,https://www.mee.gov.cn/ywgz/hjyxpj/jsxmhjyxpj/xmslqk/,首页 > 业务工作 > 环境影响评价 > 建设项目环境影响评价 > 项目受理情况 / 已批准项目公告,,已核实,2026-09-16,89,0,,2026-04-21,,受理和已批准两个栏目已打开确认标题；拟批准项目公示栏目本次未定位,
ZJ0003,ZJ0003,ZJ0003,,浙江省发展和改革委员会,,,在用,省级,330000,,,浙江省,浙江,,,,,,本级政府部门,,是,,,湖州市环境保护局:2,其他部门,—|省级|发展和改革委员会,,,,,,无独立环评栏目,2026-10-08,3,0,,2014-08-08,,,
ZJ0111,ZJ0111,ZJ0111,,杭州市生态环境局上城分局,杭州市环保局上城环保分局,,在用,区县,330000,330100,330102,上城区,上城,,,,,,本级政府部门,,是,,,杭州市生态环境局:13 / 杭州市上城区卫生健康局:3 / 上城区生态环境局:1,生态环境,杭州市|上城|生态环境,,,,,,未核实,2026-10-08,59,59,2010-03-29,2024-07-24,上城:46 / (空):9 / 拱墅:2 / 余杭:2,,
ZJ0107,ZJ0107,ZJ0107,,杭州市生态环境局拱墅分局,,,在用,区县,330000,330100,330105,拱墅区,拱墅,,,,,,本级政府部门,,是,,,杭州市生态环境局:26 / 杭州市环保局拱墅环保分局:22 / 杭州市生态环境局拱墅区分局:4,生态环境,杭州市|拱墅|生态环境,,,,,,未核实,2026-10-08,222,222,2017-01-04,2024-08-22,拱墅:204 / (空):16 / 西湖:1 / 临平:1,,
ZJ0104,ZJ0104,ZJ0104,,杭州市生态环境局西湖分局,州市生态环境局西湖分局 / 杭州市环保局西湖环保分局 / 杭州西湖风景名胜区管理委员会环境保护局,,在用,区县,330000,330100,330106,西湖区,西湖,,,,,,本级政府部门,,是,,,西湖区生态环境局:7 / 杭州市生态环境局:6 / 西湖区环境保护局:4,生态环境,杭州市|西湖|生态环境,,,,,,未核实,2026-10-08,326,326,2011-01-18,2024-09-02,(空):219 / 西湖:106 / 余杭:1,,
ZJ0115,ZJ0115,ZJ0115,,杭州西湖风景名胜区管理委员会,,,在用,区县,330000,330100,330106,西湖区,西湖,,,,,,本级政府部门,,是,,,杭州西湖风景名胜区管理委员会城市管理局:1,开发区管委会,杭州市|西湖|行政审批,,,,,,未核实,2026-10-08,7,7,2020-01-21,2022-08-24,西湖:6 / (空):1,,
ZJ0100,ZJ0100,ZJ0100,,杭州市生态环境局滨江分局,杭州市环境保护局滨江区分局 / 浙江省杭州市环境保护局滨江区分局 / 保护局滨江区分局 / 州市环境保护局滨江区分局 / 滨江区分局 / 杭州市环保局滨江区分局,,在用,区县,330000,330100,330108,滨江区,滨江,,,,,,本级政府部门,,是,,,杭州市生态环境局:7,生态环境,杭州市|滨江|生态环境,,,,,,未核实,2026-10-08,1908,1908,2011-12-23,2024-07-24,滨江:1789 / (空):70 / 西湖:43 / 拱墅:3,,
ZJ0123,ZJ0123,ZJ0123,,杭州市公安局滨江区分局,,,在用,区县,330000,330100,330108,滨江区,滨江,,,,,,本级政府部门,,是,,,,其他部门,杭州市|滨江|公安局分局,,,,,,无独立环评栏目,2026-10-08,1,1,2013-07-29,2013-07-29,滨江:1,,
ZJ0124,ZJ0124,ZJ0124,,杭州市滨江区江南大道87号环保分局,,,在用,区县,330000,330100,330108,滨江区,滨江,,,,,,本级政府部门,,是,,,,生态环境,杭州市|滨江|江南大道87号环保分局,,,,,,未核实,2026-10-08,1,1,2015-04-27,2015-04-27,滨江:1,,
ZJ0098,ZJ0098,ZJ0098,,杭州市生态环境局萧山分局,杭州市萧山区环境保护局 / 州市生态环境局萧山分局 / 杭州市杭州市生态环境局萧山分局,,在用,区县,330000,330100,330109,萧山区,萧山,,,,,,本级政府部门,,是,,,杭州市萧山区环境保护局:127 / 杭州市生态环境局:18 / 浙江省生态环境厅:5,生态环境,杭州市|萧山|生态环境,,,,,,未核实,2026-10-08,2841,2841,2015-11-05,2024-10-11,萧山:2834 / (空):6 / 钱塘:1,,
ZJ0109,ZJ0109,ZJ0109,,浙江生态环境萧山分局,浙江省杭州市萧山区生态环境萧山分局 / 杭州市生态环境萧山分局,,在用,区县,330000,330100,330109,萧山区,萧山,,,,,,本级政府部门,,是,,,,生态环境,杭州市|萧山|生态环境分局,,,,,,未核实,2026-10-08,95,95,2015-11-04,2017-09-19,萧山:95,,
ZJ0127,ZJ0127,ZJ0127,,杭州市萧山区经济和信息化局,,,在用,区县,330000,330100,330109,萧山区,萧山,,,,,,本级政府部门,,是,,,杭州市萧山区环境保护局:1,其他部门,杭州市|萧山|经济和信息化局,,,,,,无独立环评栏目,2026-10-08,1,1,2017-07-21,2017-07-21,萧山:1,,
ZJ0134,ZJ0134,ZJ0134,,萧山区办事中心,,,在用,区县,330000,330100,330109,萧山区,萧山,,,,,,本级政府部门,,是,,,,其他部门,杭州市|萧山|办事中心,,,,,,无独立环评栏目,2026-10-08,1,1,2016-02-01,2016-02-01,萧山:1,,
ZJ0118,ZJ0118,ZJ0118,,杭州市生态环境局余杭分局,,,在用,区县,330000,330100,330110,余杭区,余杭,,,,,,本级政府部门,,是,,,杭州市生态环境局:1,生态环境,杭州市|余杭|生态环境,,,,,,未核实,2026-10-08,3,3,2020-09-02,2020-09-02,余杭:3,,
ZJ0105,ZJ0105,ZJ0105,,杭州市生态环境局富阳分局,富阳市生态环境局 / 杭州市富阳区环境保护局,,在用,区县,330000,330100,330111,富阳区,富阳,,,,,,本级政府部门,,是,,,杭州市生态环境局:38 / 富阳市生态环境局:28 / 杭州市富阳区环境保护局:13,生态环境,杭州市|富阳|生态环境,,,,,,未核实,2026-10-08,266,266,2019-06-03,2024-12-25,富阳:262 / (空):4,,
ZJ0120,ZJ0120,ZJ0120,,杭州市富阳区经济和信息化局,,,在用,区县,330000,330100,330111,富阳区,富阳,,,,,,本级政府部门,,是,,,杭州市生态环境局富阳分局:2,其他部门,杭州市|富阳|经济和信息化局,,,,,,无独立环评栏目,2026-10-08,2,2,2024-06-27,2024-06-28,富阳:2,,
ZJ0128,ZJ0128,ZJ0128,,杭州市规划和自然资源局富阳分局,,,在用,区县,330000,330100,330111,富阳区,富阳,,,,,,本级政府部门,,是,,,,其他部门,杭州市|富阳|规划和自然资源局分局,,,,,,无独立环评栏目,2026-10-08,1,1,2026-04-29,2026-04-29,富阳:1,,
ZJ0133,ZJ0133,ZJ0133,,生态环境富阳分局,,,在用,区县,330000,330100,330111,富阳区,富阳,,,,,,本级政府部门,,是,,,,生态环境,杭州市|富阳|生态环境分局,,,,,,未核实,2026-10-08,1,1,2024-06-25,2024-06-25,富阳:1,,
ZJ0102,ZJ0102,ZJ0102,,杭州市生态环境局临安分局,临安区环境保护局,,在用,区县,330000,330100,330112,临安区,临安,,,,,,本级政府部门,,是,,,杭州市生态环境局:129 / 临安市生态环境局:52 / 临安区环境保护局:16,生态环境,杭州市|临安|生态环境,,,,,,未核实,2026-10-08,472,472,2020-12-08,2024-11-25,临安:472,,
ZJ0125,ZJ0125,ZJ0125,,杭州市生态环境局临平分局,,,在用,区县,330000,330100,330113,临平区,临平,,,,,,本级政府部门,,是,,,杭州市生态环境局:1,生态环境,杭州市|临平|生态环境,,,,,,未核实,2026-10-08,1,1,2024-12-20,2024-12-20,临平:1,,
ZJ0103,ZJ0103,ZJ0103,,杭州市生态环境局钱塘分局,杭州市生态环境局钱塘区分局,,在用,区县,330000,330100,330114,钱塘区,钱塘,,,,,,本级政府部门,,是,,,杭州市生态环境局:88 / 杭州市生态环境局钱塘新区分局:9 / 浙江省生态环境厅:3,生态环境,杭州市|钱塘|生态环境,,,,,,未核实,2026-10-08,329,329,2021-04-15,2024-08-30,钱塘:293 / (空):31 / 萧山:4 / 滨江:1,,
ZJ0129,ZJ0129,ZJ0129,,杭州市规划和自然资源局钱塘分局,,,在用,区县,330000,330100,330114,钱塘区,钱塘,,,,,,本级政府部门,,是,,,,其他部门,杭州市|钱塘|规划和自然资源局分局,,,,,,无独立环评栏目,2026-10-08,1,1,2026-05-26,2026-05-26,钱塘:1,,
ZJ0130,ZJ0130,ZJ0130,,杭州市钱塘区产城融合建设发展中心,,,在用,区县,330000,330100,330114,钱塘区,钱塘,,,,,,本级政府部门,,是,,,,其他部门,杭州市|钱塘|产城融合建设发展中心,,,,,,无独立环评栏目,2026-10-08,1,1,2014-05-23,2014-05-23,(空):1,,
ZJ0106,ZJ0106,ZJ0106,,杭州市生态环境局桐庐分局,,,在用,区县,330000,330100,330122,桐庐县,桐庐,,,,,,本级政府部门,,是,,,杭州市生态环境局:7,生态环境,杭州市|桐庐|生态环境,,,,,,未核实,2026-10-08,255,255,2020-01-07,2024-09-18,桐庐:255,,
ZJ0101,ZJ0101,ZJ0101,,杭州市生态环境局淳安分局,淳安县环境局淳安分局,,在用,区县,330000,330100,330127,淳安县,淳安,,,,,,本级政府部门,,是,,,杭州市生态环境局:13 / 淳安县环境局淳安分局:3 / 州市生态环境局淳安分局:2,生态环境,杭州市|淳安|生态环境,,,,,,未核实,2026-10-08,660,660,2014-01-06,2025-08-28,淳安:657 / (空):3,,
ZJ0119,ZJ0119,ZJ0119,,杭州市生态环境局建德分局,建德市环境保护局,,在用,区县,330000,330100,330182,建德市,建德,,,,,,本级政府部门,,是,,,,生态环境,杭州市|建德|生态环境,,,,,,未核实,2026-10-08,3,3,2008-11-11,2024-08-20,建德:2 / (空):1,,
ZJ0097,ZJ0097,ZJ0097,,杭州市生态环境局,杭州市生态环境局江干分局 / 杭州市生态环境局下城分局 / 杭州市生态环境局下城环保分局 / 杭州市环保局江干环保分局 / 浙江省杭州市环保局江干环保分局 / 杭州市生态环境局江干环保分局,,在用,市本级,330000,330100,,杭州市,杭州,,,,,,本级政府部门,,是,,,杭州市生态环境局余杭分局:111 / 杭州市生态环境局钱塘分局:80 / 杭州市生态环境局淳安分局:69,生态环境,杭州市|市本级|生态环境,3300-E006,,https://epb.hangzhou.gov.cn/col/col1228974283/2026jsxmhjyxpjgs/index.html,,,已核实,2026-10-08,4037,4037,2006-11-28,2026-09-30,(空):985 / 余杭:721 / 萧山:471 / 钱塘:298,2026-10-08 拉栏目标题核实：该单位在此栏目发布受理公告 172 条,杭州市生态环境局(159)
ZJ0099,ZJ0099,ZJ0099,,杭州经济技术开发区环境保护局,杭州经济技术开发区环保局 / 经济技术开发区环境保护局 / 开发区环境保护局,,在用,开发区/园区,330000,330100,,,,330100-Z05,本级开发区,,,,,,否,,,杭州市生态环境局钱塘分局:4 / 杭州市生态环境局:3,生态环境,杭州市|本级开发区|生态环境,,,,,,未核实,2026-10-08,2161,2160,2012-08-17,2019-11-15,(空):2097 / 钱塘:52 / 滨江:5 / 桐庐:4,,
ZJ0108,ZJ0108,ZJ0108,,杭州市生态环境局钱塘新区分局,,,在用,开发区/园区,330000,330100,,,,330100-Z09,钱塘新区,,,,,,否,,,杭州市生态环境局钱塘分局:39 / 杭州市生态环境局:4 / 浙江省生态环境厅:1,生态环境,杭州市|钱塘新区|生态环境,,,,,,未核实,2026-10-08,181,181,2019-05-20,2021-06-28,钱塘:120 / (空):55 / 滨江:3 / 萧山:3,,
ZJ0110,ZJ0110,ZJ0110,,杭州市高新区(滨江)环保分局,,,在用,开发区/园区,330000,330100,,,,330100-Z06,本级高新区,,,,,,否,,,杭州市生态环境局:3,生态环境,杭州市|本级高新区|高新区()环保分局,,,,,,未核实,2026-10-08,72,72,2010-06-01,2014-12-17,滨江:48 / (空):22 / 钱塘:2,,
ZJ0112,ZJ0112,ZJ0112,,杭州市环保局高新区环保分局,杭州市高新区(滨江)环保局 / 浙江省杭州市高新区(滨江)环保局,,在用,开发区/园区,330000,330100,,,,330100-Z06,本级高新区,,,,,,否,,,杭州市生态环境局:1,生态环境,杭州市|本级高新区|生态环境,,,,,,未核实,2026-10-08,34,34,2009-06-25,2011-12-26,(空):20 / 滨江:14,,
ZJ0114,ZJ0114,ZJ0114,,技术开发区环境保护局,,,在用,开发区/园区,330000,330100,,,,330100-Z03,技术开发区,,,,,,否,,,,生态环境,杭州市|技术开发区|生态环境,,,,,,未核实,2026-10-08,8,8,2012-10-10,2014-10-28,(空):7 / 钱塘:1,,
ZJ0116,ZJ0116,ZJ0116,,萧山经济技术开发区管理委员会,,,在用,开发区/园区,330000,330100,,,,330100-Z08,萧山开发区,,,,,,否,,,杭州市萧山区环境保护局:5,开发区管委会,杭州市|萧山开发区|行政审批,,,,,,未核实,2026-10-08,7,7,2017-03-15,2017-08-01,萧山:7,,
ZJ0117,ZJ0117,ZJ0117,,杭州市生态环境保护行政执法队,,,在用,市本级,330000,330100,,杭州市,杭州,,,,,,本级政府部门,,是,,,杭州市生态环境局:1,生态环境,杭州市|市本级|生态环境保护行政执法队,,,,,,未核实,2026-10-08,5,5,2025-05-19,2025-07-16,(空):5,,
ZJ0121,ZJ0121,ZJ0121,,杭州市钱塘新区生态环境分局,,,在用,开发区/园区,330000,330100,,,,330100-Z09,钱塘新区,,,,,,否,,,,生态环境,杭州市|钱塘新区|新区生态环境分局,,,,,,未核实,2026-10-08,2,2,2020-06-29,2020-06-29,钱塘:2,,
ZJ0126,ZJ0126,ZJ0126,,杭州市生态环境局杭州湾上虞经济技术开发区环保分局,,,在用,开发区/园区,330000,330100,,,,330100-Z07,湾上虞开发区,,,,,,否,,,,生态环境,杭州市|湾上虞开发区|生态环境,,,,,,未核实,2026-10-08,1,1,2018-07-20,2018-07-20,(空):1,,
ZJ0131,ZJ0131,ZJ0131,,浙江省余杭经济开发区管理委员会,,,在用,开发区/园区,330000,330100,,,,330100-Z01,余杭开发区,,,,,,否,,,,开发区管委会,杭州市|余杭开发区|行政审批,,,,,,未核实,2026-10-08,1,1,2026-06-01,2026-06-01,余杭:1,,
ZJ0132,ZJ0132,ZJ0132,,浙江省杭州市生态环境分局,,,在用,市本级,330000,330100,,杭州市,杭州,,,,,,本级政府部门,,是,,,杭州市生态环境局钱塘分局:1,生态环境,杭州市|市本级|生态环境分局,,,,,,未核实,2026-10-08,1,1,2020-09-30,2020-09-30,(空):1,,
ZJ0072,ZJ0072,ZJ0072,,宁波市生态环境局海曙分局,,,在用,区县,330000,330200,330203,海曙区,海曙,,,,,,本级政府部门,,是,,,宁波市生态环境局海曙区分局:26 / 海曙区环境保护局:13 / 海曙区生态环境局:8,生态环境,宁波市|海曙|生态环境,3300-E002,,https://jyh.nbepb.gov.cn/CPA/Jsxm.html?typeid=1&classid=0,,,已核实,2026-10-08,1262,1262,2015-06-10,2026-09-17,海曙:1004 / (空):254 / 鄞州:4,2026-10-08 拉栏目标题核实：该单位在此栏目发布受理公告 607 条,宁波市生态环境局海曙分局(351) / 宁波市环境保护局海曙分局(256)
ZJ0075,ZJ0075,ZJ0075,,宁波市生态环境局江北分局,宁波市生态环境局江北分局慈城所,,在用,区县,330000,330200,330205,江北区,江北,,,,,,本级政府部门,,是,,,宁波市生态环境局江北区分局:9 / 宁波市生态环境局:3 / 江北区生态环境局:3,生态环境,宁波市|江北|生态环境,3300-E002,,https://jyh.nbepb.gov.cn/CPA/Jsxm.html?typeid=1&classid=0,,,已核实,2026-10-08,718,718,2015-06-01,2026-09-11,江北:534 / (空):184,2026-10-08 拉栏目标题核实：该单位在此栏目发布受理公告 150 条,宁波市生态环境局江北分局(149) / 宁波市环境保护局江北分局(1)
ZJ0070,ZJ0070,ZJ0070,,宁波市生态环境局北仑分局,宁波市生态环境局北仑区分局 / 仑区环保局 / 波市北仑区环保局,,在用,区县,330000,330200,330206,北仑区,北仑,,,,,,本级政府部门,,是,,,宁波市生态环境局:95 / 宁波市北仑区生态环境北仑分局:86 / 宁波市生态环境局北仑区分局:59,生态环境,宁波市|北仑|生态环境,,,,,,未核实,2026-10-08,1693,1692,2014-04-01,2026-09-28,北仑:1658 / (空):34,,
ZJ0076,ZJ0076,ZJ0076,,浙江省宁波市北仑区生态环境北仑分局,宁波市北仑区生态环境北仑分局 / 浙江生态环境北仑分局,,在用,区县,330000,330200,330206,北仑区,北仑,,,,,,本级政府部门,,是,,,宁波市生态环境局北仑分局:87 / 宁波市北仑区生态环境北仑分局:17 / 浙江生态环境北仑分局:5,生态环境,宁波市|北仑|生态环境分局,,,,,,未核实,2026-10-08,486,486,2019-01-25,2020-08-21,北仑:486,,
ZJ0087,ZJ0087,ZJ0087,,北仑区建筑工务局,,,在用,区县,330000,330200,330206,北仑区,北仑,,,,,,本级政府部门,,是,,,,其他部门,宁波市|北仑|建筑工务局,,,,,,无独立环评栏目,2026-10-08,4,4,2014-06-04,2014-06-05,北仑:4,,
ZJ0089,ZJ0089,ZJ0089,,宁波市公安局北仑分局,,,在用,区县,330000,330200,330206,北仑区,北仑,,,,,,本级政府部门,,是,,,平阳县环保局:1 / 扬州市宝应生态环境局:1 / 温州市生态环境局平阳分局:1,其他部门,宁波市|北仑|公安局分局,,,,,,无独立环评栏目,2026-10-08,2,2,2014-08-05,2014-08-08,北仑:2,,
ZJ0090,ZJ0090,ZJ0090,,宁波市北仑区教育局,,,在用,区县,330000,330200,330206,北仑区,北仑,,,,,,本级政府部门,,是,,,宁波市生态环境局北仑分局:2,其他部门,宁波市|北仑|教育局,,,,,,无独立环评栏目,2026-10-08,2,2,2023-01-11,2023-01-11,北仑:2,,
ZJ0091,ZJ0091,ZJ0091,,宁波市北仑区水利局,,,在用,区县,330000,330200,330206,北仑区,北仑,,,,,,本级政府部门,,是,,,,其他部门,宁波市|北仑|水利局,,,,,,无独立环评栏目,2026-10-08,2,2,2026-03-16,2026-03-25,北仑:2,,
ZJ0078,ZJ0078,ZJ0078,,宁波市生态环境局镇海分局,,,在用,区县,330000,330200,330211,镇海区,镇海,,,,,,本级政府部门,,是,,,宁波市生态环境局镇海区分局:10 / 宁波市生态环境局镇海分局行政审批科:8 / 宁波市生态环境局:3,生态环境,宁波市|镇海|生态环境,,,,,,未核实,2026-10-08,283,283,2018-04-17,2026-09-30,镇海:271 / (空):5 / 鄞州:5 / 余姚:1,,
ZJ0073,ZJ0073,ZJ0073,,宁波市生态环境局鄞州分局,宁波市鄞州区环境保护局 / 宁波市鄞州区环境保护局集士港分局,,在用,区县,330000,330200,330212,鄞州区,鄞州,,,,,,本级政府部门,,是,,,宁波市生态环境局:551 / 宁波市鄞州区环境保护局:171 / 宁波市鄞州区经济和信息化局:8,生态环境,宁波市|鄞州|生态环境,,,,,,未核实,2026-10-08,965,965,2016-08-09,2026-09-08,鄞州:943 / (空):21 / 奉化:1,,
ZJ0071,ZJ0071,ZJ0071,,宁波市生态环境局奉化分局,,,在用,区县,330000,330200,330213,奉化区,奉化,,,,,,本级政府部门,,是,,,宁波市生态环境局:242 / 宁波市生态环境局奉化区分局:10 / 宁波市生态环境局余姚分局:6,生态环境,宁波市|奉化|生态环境,,,,,,未核实,2026-10-08,1422,1422,2017-10-09,2026-09-23,奉化:1411 / (空):5 / 镇海:2 / 象山:2,,
ZJ0074,ZJ0074,ZJ0074,,生态环境局象山分局,宁波市生态环境局象山分局 / 象山县生态环境局象山分局 / 浙江省宁波市象山县生态环境局象山分局 / 浙江生态环境局象山分局,,在用,区县,330000,330200,330225,象山县,象山,,,,,,本级政府部门,,是,,,宁波市生态环境局象山分局:51 / 宁波市生态环境局:2 / 象山县生态环境局象山分局:1,生态环境,宁波市|象山|生态环境,,,,,,未核实,2026-10-08,757,757,2018-05-04,2026-09-28,象山:740 / 奉化:9 / (空):6 / 镇海:2,,
ZJ0096,ZJ0096,ZJ0096,,浙江省宁波市象山县交通运输局,,,在用,区县,330000,330200,330225,象山县,象山,,,,,,本级政府部门,,是,,,宁波市生态环境局象山分局:1,其他部门,宁波市|象山|交通运输局,,,,,,无独立环评栏目,2026-10-08,1,1,2019-11-27,2019-11-27,象山:1,,
ZJ0068,ZJ0068,ZJ0068,,宁波市生态环境局宁海分局,宁海县环境保护局西店分局,,在用,区县,330000,330200,330226,宁海县,宁海,,,,,,本级政府部门,,是,,,宁波市生态环境局:29 / 台州市生态环境局温岭分局:5 / 嘉兴市生态环境局海盐分局:5,生态环境,宁波市|宁海|生态环境,,,,,,未核实,2026-10-08,2432,2431,2016-08-16,2026-09-29,宁海:2427 / 鄞州:2 / 象山:1 / 海曙:1,,
ZJ0067,ZJ0067,ZJ0067,,宁波市生态环境局余姚分局,浙江省宁波市余姚市生态环境局余姚分局,,在用,区县,330000,330200,330281,余姚市,余姚,,,,,,本级政府部门,,是,,,宁波市生态环境局:40 / 宁波市生态环境局余姚市分局:6 / 台州市生态环境局温岭分局:3,生态环境,宁波市|余姚|生态环境,,,,,,未核实,2026-10-08,3071,3070,2014-01-02,2026-09-30,余姚:3066 / (空):3 / 象山:1,,
ZJ0093,ZJ0093,ZJ0093,,余姚市水利局,,,在用,区县,330000,330200,330281,余姚市,余姚,,,,,,本级政府部门,,是,,,,其他部门,宁波市|余姚|水利局,,,,,,无独立环评栏目,2026-10-08,1,1,2026-05-09,2026-05-09,余姚:1,,
ZJ0066,ZJ0066,ZJ0066,,宁波市生态环境局慈溪分局,观海卫分局 / 逍林分局 / 坎墩分局 / 龙山分局 / 浒山分局 / 慈溪市环保局坎墩分局 / 慈溪市环保局龙山分局 / 慈溪市环保局观海卫分局 / 慈溪市环保局周巷分局 / 慈溪市环保局浒山分局 / 慈溪市环保局逍林分局分局 / 慈溪市环保局逍林分局 / 慈溪市慈溪市环境保护局,,在用,区县,330000,330200,330282,慈溪市,慈溪,,,,,,本级政府部门,,是,,,宁波市生态环境局:137 / 逍林分局:33 / 浒山分局:28,生态环境,宁波市|慈溪|生态环境,,,,,,未核实,2026-10-08,3640,3640,2014-03-03,2026-09-30,慈溪:3626 / (空):14,,
ZJ0086,ZJ0086,ZJ0086,,慈溪市人民政府,,,在用,区县,330000,330200,330282,慈溪市,慈溪,,,,,,本级政府部门,,是,,,宁波市生态环境局:2 / 宁波市生态环境局慈溪分局:2,其他部门,宁波市|慈溪|人民政府,,,,,,无独立环评栏目,2026-10-08,5,5,2015-01-09,2018-09-03,慈溪:5,,
ZJ0088,ZJ0088,ZJ0088,,慈溪市环保分局,,,在用,区县,330000,330200,330282,慈溪市,慈溪,,,,,,本级政府部门,,是,,,宁波市生态环境局慈溪分局:2 / 慈溪市环保局龙山分局:1,生态环境,宁波市|慈溪|环保分局,,,,,,未核实,2026-10-08,3,3,2015-08-10,2019-03-26,慈溪:3,,
ZJ0069,ZJ0069,ZJ0069,,宁波市生态环境局,宁波市生态环境科学研究院(宁波市生态环境局环境工程技术评估中心) / 宁波市环境保护局江东分局 / 宁波市环境保护局审批处 / 宁波市环境保护局辐射处,,在用,市本级,330000,330200,,宁波市,宁波,,,,,,本级政府部门,,是,,,宁波市生态环境局慈溪分局:390 / 宁波市生态环境局奉化分局:41 / 宁波市生态环境局北仑分局:39,生态环境,宁波市|市本级|生态环境,3300-E002,,https://jyh.nbepb.gov.cn/CPA/Jsxm.html?typeid=1&classid=0,,,已核实,2026-10-08,2379,2370,2014-02-21,2026-09-30,慈溪:1351 / (空):282 / 北仑:151 / 鄞州:143,2026-10-08 拉栏目标题核实：该单位在此栏目发布受理公告 887 条,宁波市生态环境局(439) / 宁波市环境保护局(96) / 宁波市环保局(57) / 宁波市环境保护局江东分局(26) / 宁波市生态环境保护局(1) / 宁波市生态环保局(1) / 宁波环保局(1)
ZJ0077,ZJ0077,ZJ0077,,宁波前湾新区生态环境局,宁波杭州湾新区环境保护局,,在用,开发区/园区,330000,330200,,,,330200-Z01,前湾新区,,,,,,否,,,宁波市生态环境局慈溪分局:2 / 宁波杭州湾新区环境保护局:2 / 宁波市生态环境局:1,生态环境,宁波市|前湾新区|生态环境,,,,,,未核实,2026-10-08,436,435,2022-08-15,2026-09-29,(空):417 / 慈溪:18,,
ZJ0079,ZJ0079,ZJ0079,,宁波杭州湾新区环境保护局,,,在用,开发区/园区,330000,330200,,,,330200-Z06,慈溪新区,,,,,,否,,,杭州湾新区环保局:48 / 波杭州湾新区环境保护局:3 / 宁波前湾新区生态环境局:1,生态环境,宁波市|慈溪新区|生态环境,,,,,,未核实,2026-10-08,213,213,2015-12-04,2022-07-28,(空):207 / 慈溪:6,,
ZJ0080,ZJ0080,ZJ0080,,宁波高新区建设和交通管理局(生态环境局),宁波高新区生态环境局 / 宁波高新区生态环境保护局,生态环境局,在用,开发区/园区,330000,330200,,,,330200-Z08,本级高新区,,,,,,否,,,,生态环境,宁波市|本级高新区|生态环境,,,,,,未核实,2026-10-08,103,103,2022-07-26,2026-09-17,鄞州:103,,
ZJ0081,ZJ0081,ZJ0081,,宁波国家高新区建设管理局,,,在用,开发区/园区,330000,330200,,,,330200-Z03,国家高新区,,,,,,否,,,宁波国家高新区建设管理局（交通管理局:1 / 环境保护局）:1,其他部门,宁波市|国家高新区|国家高新区建设管理局,,,,,,无独立环评栏目,2026-10-08,98,98,2019-01-15,2022-04-15,鄞州:89 / (空):7 / 镇海:2,,
ZJ0082,ZJ0082,ZJ0082,,宁波保税区生态环境局,宁波保税区环保局 / 宁波保税区(出口加工区)环境保护局 / 宁波保税区(出口加工区)环保局,,在用,开发区/园区,330000,330200,,,,330200-Z07,本级保税区,,,,,,否,,,,生态环境,宁波市|本级保税区|生态环境,,,,,,未核实,2026-10-08,54,54,2019-07-02,2022-04-21,北仑:30 / (空):20 / 象山:4,,
ZJ0083,ZJ0083,ZJ0083,,宁波国家高新区建设管理局（交通管理局、环境保护局）,宁波国家高新技术产业开发区环境保护局,交通管理局 / 环境保护局,在用,开发区/园区,330000,330200,,,,330200-Z03,国家高新区,,,,,,否,,,宁波国家高新区建设管理局（交通管理局:5 / 环境保护局）:5 / 宁波市生态环境局:1,生态环境,宁波市|国家高新区|生态环境,,,,,,未核实,2026-10-08,7,7,2019-10-24,2021-07-26,鄞州:6 / (空):1,,
ZJ0084,ZJ0084,ZJ0084,,宁波市环境监察支队,,,在用,市本级,330000,330200,,宁波市,宁波,,,,,,本级政府部门,,是,,,宁波市生态环境局象山分局:1,生态环境,宁波市|市本级|环境监察支队,,,,,,未核实,2026-10-08,6,6,2026-07-31,2026-08-20,宁海:2 / (空):2 / 象山:1 / 镇海:1,,
ZJ0085,ZJ0085,ZJ0085,,宁波高新区建设管理局,,,在用,开发区/园区,330000,330200,,,,330200-Z08,本级高新区,,,,,,否,,,,其他部门,宁波市|本级高新区|高新区建设管理局,,,,,,无独立环评栏目,2026-10-08,5,5,2022-04-25,2022-07-19,鄞州:5,,
ZJ0092,ZJ0092,ZJ0092,,杭州湾新区环境保护局,,,在用,开发区/园区,330000,330200,,,,330200-Z05,宁海新区,,,,,,否,,,宁波市生态环境局宁海分局:2,生态环境,宁波市|宁海新区|生态环境,,,,,,未核实,2026-10-08,2,2,2025-11-14,2025-11-14,宁海:1 / (空):1,,
ZJ0095,ZJ0095,ZJ0095,,大榭开发区生态环境局,,,在用,开发区/园区,330000,330200,,,,330200-Z04,大榭开发区,,,,,,否,,,,生态环境,宁波市|大榭开发区|生态环境,,,,,,未核实,2026-10-08,1,1,2020-06-28,2020-06-28,(空):1,,
ZJ0151,ZJ0151,ZJ0151,,温州市生态环境局鹿城分局,,,在用,区县,330000,330300,330302,鹿城区,鹿城,,,,,,本级政府部门,,是,,,温州市生态环境局:4,生态环境,温州市|鹿城|生态环境,,,,,,未核实,2026-10-08,15,15,2012-02-17,2014-09-10,鹿城:8 / (空):6 / 洞头:1,,
ZJ0171,ZJ0171,ZJ0171,,温州市鹿城区农业农村局,,,在用,区县,330000,330300,330302,鹿城区,鹿城,,,,,,本级政府部门,,是,,,,其他部门,温州市|鹿城|农业农村局,,,,,,无独立环评栏目,2026-10-08,1,1,2024-03-06,2024-03-06,鹿城:1,,
ZJ0144,ZJ0144,ZJ0144,,温州市生态环境局龙湾分局,温州市龙湾区环境保护局,,在用,区县,330000,330300,330303,龙湾区,龙湾,,,,,,本级政府部门,,是,,,温州市生态环境局:392 / 温州市龙湾区环境保护局:3 / 温州市生态环境局龙湾分局审批科:2,生态环境,温州市|龙湾|生态环境,,,,,,未核实,2026-10-08,531,531,2014-09-17,2026-09-30,龙湾:452 / (空):79,,
ZJ0140,ZJ0140,ZJ0140,,温州市生态环境局瓯海分局,温州市瓯海区环境保护局,,在用,区县,330000,330300,330304,瓯海区,瓯海,,,,,,本级政府部门,,是,,,温州市瓯海区环境保护局:74 / 温州市生态环境局:2,生态环境,温州市|瓯海|生态环境,,,,,,未核实,2026-10-08,1782,1782,2011-11-26,2019-06-13,瓯海:1732 / (空):50,,
ZJ0147,ZJ0147,ZJ0147,,温州市生态环境局洞头分局,浙江省温州市洞头区环保局,,在用,区县,330000,330300,330305,洞头区,洞头,,,,,,本级政府部门,,是,,,浙江省温州市生态环境洞头分局:77 / 温州市生态环境局:26 / 市生态环境洞头分局:5,生态环境,温州市|洞头|生态环境,,,,,,未核实,2026-10-08,175,175,2018-04-20,2026-09-08,洞头:171 / (空):4,,
ZJ0150,ZJ0150,ZJ0150,,洞头区生态环境洞头分局,温州市生态环境洞头分局 / 浙江省温州市生态环境洞头分局,,在用,区县,330000,330300,330305,洞头区,洞头,,,,,,本级政府部门,,是,,,温州市生态环境局洞头分局:2 / 温州市生态环境局:1,生态环境,温州市|洞头|生态环境分局,,,,,,未核实,2026-10-08,51,51,2019-11-29,2023-12-29,洞头:51,,
ZJ0158,ZJ0158,ZJ0158,,市生态环境洞头分局,,,在用,区县,330000,330300,330305,洞头区,洞头,,,,,,本级政府部门,,是,,,浙江省温州市生态环境洞头分局:1 / 温州市生态环境局洞头分局:1,生态环境,温州市|洞头|市生态环境分局,,,,,,未核实,2026-10-08,2,2,2023-08-08,2023-08-25,洞头:2,,
ZJ0139,ZJ0139,ZJ0139,,温州市生态环境局永嘉分局,永嘉县环境保护局,,在用,区县,330000,330300,330324,永嘉县,永嘉,,,,,,本级政府部门,,是,,,温州市生态环境局:37 / 永嘉县环境保护局:8 / 温州市生态环境局鹿城分局:1,生态环境,温州市|永嘉|生态环境,,,,,,未核实,2026-10-08,1898,1898,2012-03-06,2025-08-20,永嘉:1897 / (空):1,,
ZJ0165,ZJ0165,ZJ0165,,永嘉县环保保护局,,,在用,区县,330000,330300,330324,永嘉县,永嘉,,,,,,本级政府部门,,是,,,永嘉县环境保护局:1,生态环境,温州市|永嘉|环保保护局,,,,,,未核实,2026-10-08,1,1,2014-04-24,2014-04-24,永嘉:1,,
ZJ0137,ZJ0137,ZJ0137,,温州市生态环境局平阳分局,平阳县环保局,,在用,区县,330000,330300,330326,平阳县,平阳,,,,,,本级政府部门,,是,,,温州市生态环境局:666 / 平阳县环保局:177 / 平阳县生态环境宣教信息中心:55,生态环境,温州市|平阳|生态环境,,,,,,未核实,2026-10-08,2955,2955,2010-06-10,2026-09-29,平阳:2948 / (空):7,,
ZJ0153,ZJ0153,ZJ0153,,平阳县卫生健康局,,,在用,区县,330000,330300,330326,平阳县,平阳,,,,,,本级政府部门,,是,,,,其他部门,温州市|平阳|卫生健康局,,,,,,无独立环评栏目,2026-10-08,7,7,2022-01-17,2024-03-04,平阳:7,,
ZJ0162,ZJ0162,ZJ0162,,平阳县体育中心,,,在用,区县,330000,330300,330326,平阳县,平阳,,,,,,本级政府部门,,是,,,温州市生态环境局平阳分局:1,其他部门,温州市|平阳|体育中心,,,,,,无独立环评栏目,2026-10-08,1,1,2018-03-19,2018-03-19,平阳:1,,
ZJ0163,ZJ0163,ZJ0163,,平阳县海洋与渔业局,,,在用,区县,330000,330300,330326,平阳县,平阳,,,,,,本级政府部门,,是,,,,其他部门,温州市|平阳|海洋与渔业局,,,,,,无独立环评栏目,2026-10-08,1,1,2011-01-26,2011-01-26,平阳:1,,
ZJ0141,ZJ0141,ZJ0141,,温州市生态环境局苍南分局,苍南县环境保护局,,在用,区县,330000,330300,330327,苍南县,苍南,,,,,,本级政府部门,,是,,,温州市生态环境局:1160 / 苍南县环境保护局:76 / 浙江省生态环境厅:12,生态环境,温州市|苍南|生态环境,,,,,,未核实,2026-10-08,1685,1685,2012-04-11,2026-09-22,苍南:1475 / 龙港:208 / (空):2,,
ZJ0146,ZJ0146,ZJ0146,,温州市生态环境局文成分局,文成县环境保护局,,在用,区县,330000,330300,330328,文成县,文成,,,,,,本级政府部门,,是,,,温州市生态环境局:64 / 文成县环境保护局:5 / 文成县教育局:1,生态环境,温州市|文成|生态环境,,,,,,未核实,2026-10-08,210,210,2015-10-30,2026-09-29,文成:210,,
ZJ0164,ZJ0164,ZJ0164,,文成县交通运输局,,,在用,区县,330000,330300,330328,文成县,文成,,,,,,本级政府部门,,是,,,温州市生态环境局:1,其他部门,温州市|文成|交通运输局,,,,,,无独立环评栏目,2026-10-08,1,1,2021-06-22,2021-06-22,文成:1,,
ZJ0143,ZJ0143,ZJ0143,,温州市生态环境局泰顺分局,泰顺县环境保护局,,在用,区县,330000,330300,330329,泰顺县,泰顺,,,,,,本级政府部门,,是,,,温州市生态环境局:41 / 泰顺县环境保护局:2 / 台州市生态环境局温岭分局:1,生态环境,温州市|泰顺|生态环境,,,,,,未核实,2026-10-08,778,778,2013-04-02,2026-09-17,泰顺:777 / (空):1,,
ZJ0166,ZJ0166,ZJ0166,,泰顺县民政局,,,在用,区县,330000,330300,330329,泰顺县,泰顺,,,,,,本级政府部门,,是,,,泰顺县环境保护局:1,其他部门,温州市|泰顺|民政局,,,,,,无独立环评栏目,2026-10-08,1,1,2016-10-11,2016-10-11,泰顺:1,,
ZJ0167,ZJ0167,ZJ0167,,泰顺县水利局,,,在用,区县,330000,330300,330329,泰顺县,泰顺,,,,,,本级政府部门,,是,,,,其他部门,温州市|泰顺|水利局,,,,,,无独立环评栏目,2026-10-08,1,1,2022-01-12,2022-01-12,泰顺:1,,
ZJ0136,ZJ0136,ZJ0136,,温州市生态环境局瑞安分局,瑞安市环境保护局 / 州市生态环境局瑞安分局 / 温州市生态环境保护局瑞安分局 / 瑞安市环保局安阳环境管理所,,在用,区县,330000,330300,330381,瑞安市,瑞安,,,,,,本级政府部门,,是,,,瑞安市环境保护局:294 / 温州市生态环境局:178 / 湖州市生态环境局织里分局:26,生态环境,温州市|瑞安|生态环境,,,,,,未核实,2026-10-08,3810,3780,2009-09-15,2026-09-29,瑞安:3777 / (空):2 / 洞头:1,,
ZJ0156,ZJ0156,ZJ0156,,瑞安市发展和改革局,,,在用,区县,330000,330300,330381,瑞安市,瑞安,,,,,,本级政府部门,,是,,,瑞安市环境保护局:1,其他部门,温州市|瑞安|发展和改革局,,,,,,无独立环评栏目,2026-10-08,3,3,2017-03-22,2024-03-11,瑞安:3,,
ZJ0159,ZJ0159,ZJ0159,,瑞安市交通运输局,,,在用,区县,330000,330300,330381,瑞安市,瑞安,,,,,,本级政府部门,,是,,,浙江省生态环境厅:1 / 温州市生态环境局瑞安分局:1,其他部门,温州市|瑞安|交通运输局,,,,,,无独立环评栏目,2026-10-08,2,2,2013-11-22,2019-02-25,瑞安:2,,
ZJ0160,ZJ0160,ZJ0160,,瑞安市住房和城乡建设局,,,在用,区县,330000,330300,330381,瑞安市,瑞安,,,,,,本级政府部门,,是,,,,其他部门,温州市|瑞安|住房和城乡建设局,,,,,,无独立环评栏目,2026-10-08,2,2,2012-03-05,2012-04-13,瑞安:2,,
ZJ0173,ZJ0173,ZJ0173,,瑞安市人民法院,,,在用,区县,330000,330300,330381,瑞安市,瑞安,,,,,,本级政府部门,,是,,,,其他部门,温州市|瑞安|人民法院,,,,,,无独立环评栏目,2026-10-08,1,1,2013-07-09,2013-07-09,瑞安:1,,
ZJ0174,ZJ0174,ZJ0174,,瑞安市商务局(瑞安市粮食和物资储备局),,瑞安市粮食和物资储备局,在用,区县,330000,330300,330381,瑞安市,瑞安,,,,,,本级政府部门,,是,,,温州市生态环境局:1,其他部门,温州市|瑞安|商务局(粮食和物资储备局),,,,,,无独立环评栏目,2026-10-08,1,1,2020-04-23,2020-04-23,瑞安:1,,
ZJ0175,ZJ0175,ZJ0175,,瑞安市文化广电新闻出版局,,,在用,区县,330000,330300,330381,瑞安市,瑞安,,,,,,本级政府部门,,是,,,,其他部门,温州市|瑞安|文化广电新闻出版局,,,,,,无独立环评栏目,2026-10-08,1,1,2012-12-07,2012-12-07,瑞安:1,,
ZJ0138,ZJ0138,ZJ0138,,温州市生态环境局乐清分局,州市生态环境局 / 乐清市环境局乐清分局 / 州市生态环境局乐清分局 / 乐清市环保局柳市分局,,在用,区县,330000,330300,330382,乐清市,乐清,,,,,,本级政府部门,,是,,,温州市生态环境局:461 / 乐清市环境监察大队:13 / 乐清市环保局监察大队:1,生态环境,温州市|乐清|生态环境,,,,,,未核实,2026-10-08,2107,2107,2013-08-21,2026-09-29,乐清:2104 / (空):3,,
ZJ0142,ZJ0142,ZJ0142,,龙港市行政审批局,龙港市政务服务中心,,在用,区县,330000,330300,330383,龙港市,龙港,,,,,,本级政府部门,,是,,,龙港市自然资源与规划建设局:31 / 龙港市政务服务中心:9 / 温州市生态环境局:8,行政审批,温州市|龙港|行政审批,,,,,,未核实,2026-10-08,1079,1079,2021-02-08,2026-09-29,龙港:1075 / (空):2 / 苍南:2,,
ZJ0145,ZJ0145,ZJ0145,,龙港市自然资源与规划建设局,,,在用,区县,330000,330300,330383,龙港市,龙港,,,,,,本级政府部门,,是,,,龙港市行政审批局:19 / 龙港市生态环境局:4 / 温州市生态环境局:1,其他部门,温州市|龙港|自然资源与规划建设局,,,,,,无独立环评栏目,2026-10-08,335,335,2020-07-16,2023-07-17,龙港:333 / (空):2,,
ZJ0157,ZJ0157,ZJ0157,,龙港市生态环境局,,,在用,区县,330000,330300,330383,龙港市,龙港,,,,,,本级政府部门,,是,,,,生态环境,温州市|龙港|生态环境,,,,,,未核实,2026-10-08,3,3,2025-04-01,2025-04-28,龙港:3,,
ZJ0135,ZJ0135,ZJ0135,,温州市生态环境局,温州市生态环境局生态园分局 / 温州瓯江口产业集聚区应急管理与生态环境局 / 温州瓯江口应急管理与生态环境局 / 温州市环保局瓯江口分局 / 温州市环保局生态园分局 / 温州市环境保护局生态园分局 / 温州生态园资源环境保护局 / 温州生态园资源与环境保护局 / 温州市生态园资源与环境保护局 / 温州环保局生态园分局 / 温州市生态园资源环境保护局,,在用,市本级,330000,330300,,温州市,温州,,,,,,本级政府部门,,是,,,温州市瓯海区环境保护局:1211 / 温州市生态环境局乐清分局:456 / 温州市生态环境局永嘉分局:402,生态环境,温州市|市本级|生态环境,3300-E007,,https://sthjj.wenzhou.gov.cn/col/col1317633/index.html,,,已核实,2026-10-08,7766,7750,2008-09-28,2026-09-30,永嘉:2435 / 瓯海:1705 / 乐清:1335 / 龙湾:676,2026-10-08 拉栏目标题核实：该单位在此栏目发布受理公告 335 条,
ZJ0148,ZJ0148,ZJ0148,,温州经济技术开发区交通市政环保局,温州经济技术开发区市政环保局 / 温州经济开发区市政环保局,,在用,开发区/园区,330000,330300,,,,330300-Z02,本级开发区,,,,,,否,,,,生态环境,温州市|本级开发区|生态环境,,,,,,未核实,2026-10-08,76,76,2012-05-25,2016-11-25,龙湾:39 / (空):37,,
ZJ0149,ZJ0149,ZJ0149,,温州海经区经信生态局,,,在用,市本级,330000,330300,,温州市,温州,,,,,,本级政府部门,,是,,,温州市生态环境局:45 / 温州瓯江口产业聚集区环境保护局:1,生态环境,温州市|市本级|海经区经信生态局,,,,,,未核实,2026-10-08,57,57,2023-03-03,2024-03-21,(空):38 / 洞头:19,,
ZJ0152,ZJ0152,ZJ0152,,温州济技术开发区市政环保局,,,在用,开发区/园区,330000,330300,,,,330300-Z03,济技术开发区,,,,,,否,,,,生态环境,温州市|济技术开发区|生态环境,,,,,,未核实,2026-10-08,12,12,2012-09-14,2015-02-12,(空):7 / 龙湾:5,,
ZJ0154,ZJ0154,ZJ0154,,温州经济技术开发区行政审批局,,,在用,开发区/园区,330000,330300,,,,330300-Z02,本级开发区,,,,,,否,,,,行政审批,温州市|本级开发区|行政审批,,,,,,未核实,2026-10-08,6,6,2016-12-14,2017-09-28,龙湾:5 / (空):1,,
ZJ0155,ZJ0155,ZJ0155,,温州市环保局瓯江口新区分局,温州市环境保护局瓯江口新区分局,,在用,开发区/园区,330000,330300,,,,330300-Z05,瓯江口新区,,,,,,否,,,,生态环境,温州市|瓯江口新区|生态环境,,,,,,未核实,2026-10-08,5,5,2014-08-11,2015-03-26,洞头:3 / 龙湾:1 / (空):1,,
ZJ0161,ZJ0161,ZJ0161,,乐清经济开发区管理委员会,,,在用,开发区/园区,330000,330300,,,,330300-Z01,乐清开发区,,,,,,否,,,,开发区管委会,温州市|乐清开发区|行政审批,,,,,,未核实,2026-10-08,1,1,2014-01-16,2014-01-16,乐清:1,,
ZJ0168,ZJ0168,ZJ0168,,温州市交通质量监督局,,,在用,市本级,330000,330300,,温州市,温州,,,,,,本级政府部门,,是,,,,其他部门,温州市|市本级|交通质量监督局,,,,,,无独立环评栏目,2026-10-08,1,1,2012-12-28,2012-12-28,(空):1,,
ZJ0169,ZJ0169,ZJ0169,,温州市公安局,,,在用,市本级,330000,330300,,温州市,温州,,,,,,本级政府部门,,是,,,温州市生态环境局:1,其他部门,温州市|市本级|公安局,,,,,,无独立环评栏目,2026-10-08,1,1,2014-08-01,2014-08-01,永嘉:1,,
ZJ0170,ZJ0170,ZJ0170,,温州市自然资源和规划局,,,在用,市本级,330000,330300,,温州市,温州,,,,,,本级政府部门,,是,,,,其他部门,温州市|市本级|自然资源和规划局,,,,,,无独立环评栏目,2026-10-08,1,1,2024-04-07,2024-04-07,龙港:1,,
ZJ0172,ZJ0172,ZJ0172,,温州经济技术开发区分局,,,在用,开发区/园区,330000,330300,,,,330300-Z02,本级开发区,,,,,,否,,,,生态环境,温州市|本级开发区|经济技术开发区分局,,,,,,未核实,2026-10-08,1,1,2015-01-19,2015-01-19,(空):1,,
ZJ0176,ZJ0176,ZJ0176,,瑞安经济开发区规划建设局,,,在用,开发区/园区,330000,330300,,,,330300-Z04,瑞安开发区,,,,,,否,,,温州市生态环境局:1 / 瑞安市环境保护局:1,其他部门,温州市|瑞安开发区|经济开发区规划建设局,,,,,,无独立环评栏目,2026-10-08,1,1,2018-06-20,2018-06-20,瑞安:1,,
ZJ0055,ZJ0055,ZJ0055,,嘉兴市南湖区行政审批局,南湖区数据局(行政审批局),,在用,区县,330000,330400,330402,南湖区,南湖,,,,,,本级政府部门,,是,,,嘉兴市生态环境局:102 / 区政务数据局(行政审批局):46 / 南湖区数据局(行政审批局):8,行政审批,嘉兴市|南湖|行政审批,,,,,,未核实,2026-10-08,145,145,2016-08-08,2026-09-30,南湖:140 / (空):5,,
ZJ0056,ZJ0056,ZJ0056,,嘉兴市南湖区环境保护局,,,在用,区县,330000,330400,330402,南湖区,南湖,,,,,,本级政府部门,,是,,,嘉兴市生态环境局南湖分局:2 / 嘉兴市南湖区行政审批局:1,生态环境,嘉兴市|南湖|生态环境,,,,,,未核实,2026-10-08,109,109,2014-09-01,2016-06-17,南湖:97 / (空):12,,
ZJ0060,ZJ0060,ZJ0060,,嘉兴市南湖区人民政府,,,在用,区县,330000,330400,330402,南湖区,南湖,,,,,,本级政府部门,,是,,,嘉兴市生态环境局:1,其他部门,嘉兴市|南湖|人民政府,,,,,,无独立环评栏目,2026-10-08,1,1,2025-05-29,2025-05-29,南湖:1,,
ZJ0053,ZJ0053,ZJ0053,,嘉兴市生态环境局秀洲分局,嘉兴市秀洲区环境保护局,,在用,区县,330000,330400,330411,秀洲区,秀洲,,,,,,本级政府部门,,是,,,嘉兴市生态环境局:68 / 嘉兴市秀洲区环境保护局:42 / 嘉兴市自然资源和规划局秀洲分局:3,生态环境,嘉兴市|秀洲|生态环境,,,,,,未核实,2026-10-08,1131,1131,2015-06-09,2026-09-30,秀洲:1094 / (空):30 / 南湖:7,,
ZJ0064,ZJ0064,ZJ0064,,嘉兴市秀洲区农业经济局,,,在用,区县,330000,330400,330411,秀洲区,秀洲,,,,,,本级政府部门,,是,,,,其他部门,嘉兴市|秀洲|农业经济局,,,,,,无独立环评栏目,2026-10-08,1,1,2016-04-19,2016-04-19,秀洲:1,,
ZJ0054,ZJ0054,ZJ0054,,嘉兴市生态环境局嘉善分局,嘉善县环境保护局 / 态环境局嘉善分局 / 境保护局,,在用,区县,330000,330400,330421,嘉善县,嘉善,,,,,,本级政府部门,,是,,,嘉善县环境保护局:42 / 嘉兴市生态环境局:28 / 兴市生态环境局嘉善分局:4,生态环境,嘉兴市|嘉善|生态环境,,,,,,未核实,2026-10-08,602,602,2018-08-01,2023-11-30,嘉善:602,,
ZJ0048,ZJ0048,ZJ0048,,嘉兴市生态环境局海盐分局,浙江省嘉兴市海盐县环境局海盐分局 / 兴市生态环境局海盐分局 / 浙江省嘉兴市海盐县生态环境局海盐分局,,在用,区县,330000,330400,330424,海盐县,海盐,,,,,,本级政府部门,,是,,,嘉兴市生态环境局:80 / 海盐县政务数据办:59 / 海盐县经济和信息化局(海盐县数字经济发展局):47,生态环境,嘉兴市|海盐|生态环境,,,,,,未核实,2026-10-08,2240,2239,2011-08-26,2026-09-30,海盐:2236 / (空):2 / 南湖:1,,
ZJ0049,ZJ0049,ZJ0049,,嘉兴市生态环境局海宁分局,海宁市环境保护局 / 海宁市环境保护局许村分局 / 海宁市环境保护局袁花分局 / 海宁市环境保护局长安分局 / 海宁市环境保护局斜桥分局 / 海宁市环境保护局硖石分局 / 海宁市环境保护局盐官分局 / 海宁市环境保护局丁桥分局 / 海宁市环境保护局经开分局 / 海宁市环境保护局马桥分局 / 海宁市环境保护局周王庙分局 / 海宁市环保局黄湾分局 / 海宁市环保局周王庙分局 / 海宁市环保局斜桥分局,,在用,区县,330000,330400,330481,海宁市,海宁,,,,,,本级政府部门,,是,,,嘉兴市生态环境局:1415 / 海宁市环境保护局:104 / 浙江省生态环境厅:26,生态环境,嘉兴市|海宁|生态环境,,,,,,未核实,2026-10-08,2016,2016,2018-12-19,2026-09-28,海宁:2014 / (空):2,,
ZJ0063,ZJ0063,ZJ0063,,嘉兴市生态环境海宁分局,,,在用,区县,330000,330400,330481,海宁市,海宁,,,,,,本级政府部门,,是,,,嘉兴市生态环境局:1 / 嘉兴市生态环境局海宁分局:1,生态环境,嘉兴市|海宁|生态环境分局,,,,,,未核实,2026-10-08,1,1,2019-08-27,2019-08-27,海宁:1,,
ZJ0050,ZJ0050,ZJ0050,,嘉兴市生态环境局平湖分局,平湖市环境保护局,,在用,区县,330000,330400,330482,平湖市,平湖,,,,,,本级政府部门,,是,,,嘉兴市生态环境局:511 / 平湖市环境保护局:434 / 嘉兴市环境保护局:351,生态环境,嘉兴市|平湖|生态环境,,,,,,未核实,2026-10-08,1490,1489,2017-10-17,2026-09-29,平湖:1483 / 嘉善:3 / (空):3,,
ZJ0052,ZJ0052,ZJ0052,,嘉兴市生态环境局桐乡分局,生态环境局桐乡分局 / 桐乡市生态环境局桐乡分局 / 浙江省嘉兴市桐乡市生态环境局桐乡分局 / 浙江生态环境局桐乡分局 / 桐乡市环境保护局,,在用,区县,330000,330400,330483,桐乡市,桐乡,,,,,,本级政府部门,,是,,,嘉兴市生态环境局:522 / 浙江省嘉兴市桐乡市生态环境局桐乡分局:204 / 浙江生态环境局桐乡分局:148,生态环境,嘉兴市|桐乡|生态环境,,,,,,未核实,2026-10-08,1178,1178,2012-03-06,2026-09-22,桐乡:1178,,
ZJ0051,ZJ0051,ZJ0051,,嘉兴市生态环境局,嘉兴市环境保护局 / 兴市生态环境局,,在用,市本级,330000,330400,,嘉兴市,嘉兴,,,,,,本级政府部门,,是,,,嘉兴市生态环境局嘉善分局:362 / 浙江省嘉兴市桐乡市生态环境局桐乡分局:54 / 嘉兴市生态环境局海宁分局:49,生态环境,嘉兴市|市本级|生态环境,3300-E008,,https://sthjj.jiaxing.gov.cn/col/col1229397158/index.html,,,已核实,2026-10-08,1235,1234,2014-07-21,2026-09-30,嘉善:612 / 南湖:125 / 海宁:124 / 桐乡:116,2026-10-08 拉栏目标题核实：该单位在此栏目发布受理公告 149 条,嘉兴市生态环境局(149)
ZJ0057,ZJ0057,ZJ0057,,嘉兴市生态环境局浙江乍浦经济开发区分局,,,在用,开发区/园区,330000,330400,,,,330400-Z01,乍浦开发区,,,,,,否,,,,生态环境,嘉兴市|乍浦开发区|生态环境,,,,,,未核实,2026-10-08,19,19,2025-07-14,2026-09-01,(空):12 / 平湖:7,,
ZJ0058,ZJ0058,ZJ0058,,海宁市环境保护局黄湾(尖山新区)分局,,,在用,开发区/园区,330000,330400,,,,330400-Z03,尖山新区,,,,,,否,,,嘉兴市生态环境局海宁分局:2 / 海宁市环境保护局:2,生态环境,嘉兴市|尖山新区|生态环境,,,,,,未核实,2026-10-08,2,2,2019-07-17,2019-07-17,海宁:2,,
ZJ0061,ZJ0061,ZJ0061,,嘉兴市国土资源局,,,在用,市本级,330000,330400,,嘉兴市,嘉兴,,,,,,本级政府部门,,是,,,,其他部门,嘉兴市|市本级|国土资源局,,,,,,无独立环评栏目,2026-10-08,1,1,2026-02-04,2026-02-04,秀洲:1,,
ZJ0062,ZJ0062,ZJ0062,,嘉兴市民政局,,,在用,市本级,330000,330400,,嘉兴市,嘉兴,,,,,,本级政府部门,,是,,,嘉兴市秀洲区环境保护局:1,其他部门,嘉兴市|市本级|民政局,,,,,,无独立环评栏目,2026-10-08,1,1,2016-03-14,2016-03-14,秀洲:1,,
ZJ0065,ZJ0065,ZJ0065,,经济开发区(海昌街道)环保分局,,,在用,开发区/园区,330000,330400,,,,330400-Z04,海宁开发区,,,,,,否,,,嘉兴市生态环境局:1 / 嘉兴市生态环境局海宁分局:1,生态环境,嘉兴市|海宁开发区|经济开发区(海昌街道)环保分局,,,,,,未核实,2026-10-08,1,1,2019-10-21,2019-10-21,海宁:1,,
ZJ0182,ZJ0182,ZJ0182,,湖州市生态环境局吴兴分局,吴兴区环境保护局织里分局,,在用,区县,330000,330500,330502,吴兴区,吴兴,,,,,,本级政府部门,,是,,,湖州市生态环境局(中共湖州市委生态文明建设办公室):41 / 湖州市生态环境局吴兴区分局:23 / 环境影响评价与排放管理科(挂土壤与固体废物化学品科牌子):17,生态环境,湖州市|吴兴|生态环境,,,,,,未核实,2026-10-08,379,378,2013-10-28,2026-09-15,吴兴:319 / (空):59,,
ZJ0185,ZJ0185,ZJ0185,,湖州市吴兴区发展改革和经济委员会,,,在用,区县,330000,330500,330502,吴兴区,吴兴,,,,,,本级政府部门,,是,,,湖州市生态环境局吴兴分局:2 / 吴兴区环保分局:1,其他部门,湖州市|吴兴|发展改革和经济委员会,,,,,,无独立环评栏目,2026-10-08,48,48,2013-10-28,2014-04-14,吴兴:25 / (空):23,,
ZJ0187,ZJ0187,ZJ0187,,吴兴区环保分局,,,在用,区县,330000,330500,330502,吴兴区,吴兴,,,,,,本级政府部门,,是,,,湖州市吴兴区发展改革和经济委员会:1 / 湖州市生态环境局(中共湖州市委生态文明建设办公室):1,生态环境,湖州市|吴兴|环保分局,,,,,,未核实,2026-10-08,7,7,2013-10-24,2014-01-20,吴兴:4 / (空):3,,
ZJ0181,ZJ0181,ZJ0181,,湖州市生态环境局南浔分局,南浔分局,,在用,区县,330000,330500,330503,南浔区,南浔,,,,,,本级政府部门,,是,,,湖州市生态环境局(中共湖州市委生态文明建设办公室):224 / 湖州市生态环境局南浔区分局:54 / 湖州市南浔区环境保护局:26,生态环境,湖州市|南浔|生态环境,,,,,,未核实,2026-10-08,548,548,2020-01-03,2026-09-29,南浔:448 / (空):96 / 吴兴:4,,
ZJ0178,ZJ0178,ZJ0178,,市生态环境局德清分局(德清县生态环境保护行政执法队),湖州市生态环境局德清分局 / 湖州市生态环境局德清分局(德清县生态环境保护行政执法队) / 德清县环境保护局 / 德清分局 / 德清县生态环境部门,德清县生态环境保护行政执法队,在用,区县,330000,330500,330521,德清县,德清,,,,,,本级政府部门,,是,,,湖州市生态环境局德清分局:4,生态环境,湖州市|德清|生态环境,,,,,,未核实,2026-10-08,952,952,2020-01-19,2026-09-24,德清:855 / (空):97,,
ZJ0180,ZJ0180,ZJ0180,,湖州市生态环境局长兴分局,,,在用,区县,330000,330500,330522,长兴县,长兴,,,,,,本级政府部门,,是,,,湖州市生态环境局(中共湖州市委生态文明建设办公室):463 / 长兴分局:191 / 湖州市人民政府:17,生态环境,湖州市|长兴|生态环境,,,,,,未核实,2026-10-08,865,865,2020-01-03,2026-04-20,长兴:825 / (空):33 / 吴兴:7,,
ZJ0179,ZJ0179,ZJ0179,,湖州市生态环境局安吉分局,安吉分局,,在用,区县,330000,330500,330523,安吉县,安吉,,,,,,本级政府部门,,是,,,湖州市生态环境局(中共湖州市委生态文明建设办公室):278 / 安吉分局:32 / 湖州市人民政府:25,生态环境,湖州市|安吉|生态环境,,,,,,未核实,2026-10-08,920,920,2019-12-10,2026-09-22,安吉:691 / (空):229,,
ZJ0191,ZJ0191,ZJ0191,,安吉县气象局,,,在用,区县,330000,330500,330523,安吉县,安吉,,,,,,本级政府部门,,是,,,浙江省生态环境厅:1,其他部门,湖州市|安吉|气象局,,,,,,无独立环评栏目,2026-10-08,1,1,2023-05-31,2023-05-31,安吉:1,,
ZJ0177,ZJ0177,ZJ0177,,湖州市生态环境局(中共湖州市委生态文明建设办公室),湖州市生态环境局织里分局 / 湖州市生态环境局长合分局 / 湖州市环境保护局 / 湖州市环保局织里分局,中共湖州市委生态文明建设办公室,在用,市本级,330000,330500,,湖州市,湖州,,,,,,本级政府部门,,是,,,湖州市生态环境局德清分局:656 / 湖州市生态环境局长兴分局:251 / 湖州市生态环境局南浔分局:83,生态环境,湖州市|市本级|生态环境,3300-E009,,http://hbj.huzhou.gov.cn/col/col1229208550/index.html,,,已核实,2026-10-08,2178,2178,2013-10-28,2026-09-29,德清:874 / 长兴:456 / (空):452 / 吴兴:167,2026-10-08 拉栏目标题核实：该单位在此栏目发布受理公告 18 条,湖州市生态环境局(18)
ZJ0183,ZJ0183,ZJ0183,,湖州市生态环境局南太湖新区分局,浙江省湖州市生态环境局南太湖新区分局,,在用,开发区/园区,330000,330500,,,,330500-Z01,南太湖新区,,,,,,否,,,湖州市生态环境局(中共湖州市委生态文明建设办公室):18 / 湖州市人民政府:14 / 浙江省生态环境厅:2,生态环境,湖州市|南太湖新区|生态环境,,,,,,未核实,2026-10-08,112,112,2020-04-10,2026-09-28,(空):110 / 吴兴:2,,
ZJ0184,ZJ0184,ZJ0184,,南太湖新区分局,,,在用,开发区/园区,330000,330500,,,,330500-Z01,南太湖新区,,,,,,否,,,湖州市生态环境局(中共湖州市委生态文明建设办公室):10 / 湖州市国土资源局:1,生态环境,湖州市|南太湖新区|南太湖新区分局,,,,,,未核实,2026-10-08,61,61,2021-04-19,2024-06-17,(空):56 / 吴兴:5,,
ZJ0186,ZJ0186,ZJ0186,,湖州市开发区环保局,湖州市环境保护局开发区分局 / 湖州市环境保护局开发区环保分局,,在用,开发区/园区,330000,330500,,,,330500-Z03,本级开发区,,,,,,否,,,,生态环境,湖州市|本级开发区|生态环境,,,,,,未核实,2026-10-08,24,24,2013-12-02,2018-02-05,(空):21 / 吴兴:3,,
ZJ0188,ZJ0188,ZJ0188,,南太湖新区生态环境分局,,,在用,开发区/园区,330000,330500,,,,330500-Z01,南太湖新区,,,,,,否,,,湖州市生态环境局(中共湖州市委生态文明建设办公室):1,生态环境,湖州市|南太湖新区|南太湖新区生态环境分局,,,,,,未核实,2026-10-08,2,2,2023-09-12,2023-12-15,(空):2,,
ZJ0189,ZJ0189,ZJ0189,,湖州市人民政府,,,在用,市本级,330000,330500,,湖州市,湖州,,,,,,本级政府部门,,是,,,湖州市生态环境局(中共湖州市委生态文明建设办公室):1 / 湖州市生态环境局德清分局:1,其他部门,湖州市|市本级|人民政府,,,,,,无独立环评栏目,2026-10-08,2,2,2024-06-06,2024-08-07,德清:2,,
ZJ0190,ZJ0190,ZJ0190,,湖州市司法局(湖州市行政复议局),,湖州市行政复议局,在用,市本级,330000,330500,,湖州市,湖州,,,,,,本级政府部门,,是,,,,其他部门,湖州市|市本级|司法局(行政复议局),,,,,,无独立环评栏目,2026-10-08,2,2,2019-09-18,2019-09-18,(空):2,,
ZJ0193,ZJ0193,ZJ0193,,湖州市体育局,,,在用,市本级,330000,330500,,湖州市,湖州,,,,,,本级政府部门,,是,,,湖州市生态环境局(中共湖州市委生态文明建设办公室):1,其他部门,湖州市|市本级|体育局,,,,,,无独立环评栏目,2026-10-08,1,1,2016-06-12,2016-06-12,(空):1,,
ZJ0194,ZJ0194,ZJ0194,,湖州市救助管理站,,,在用,市本级,330000,330500,,湖州市,湖州,,,,,,本级政府部门,,是,,,,其他部门,湖州市|市本级|救助管理站,,,,,,无独立环评栏目,2026-10-08,1,1,2015-11-16,2015-11-16,(空):1,,
ZJ0195,ZJ0195,ZJ0195,,湖州市教育局,,,在用,市本级,330000,330500,,湖州市,湖州,,,,,,本级政府部门,,是,,,,其他部门,湖州市|市本级|教育局,,,,,,无独立环评栏目,2026-10-08,1,1,2015-12-07,2015-12-07,(空):1,,
ZJ0196,ZJ0196,ZJ0196,,湖州市财政局,,,在用,市本级,330000,330500,,湖州市,湖州,,,,,,本级政府部门,,是,,,,其他部门,湖州市|市本级|财政局,,,,,,无独立环评栏目,2026-10-08,1,1,2020-09-07,2020-09-07,(空):1,,
ZJ0198,ZJ0198,ZJ0198,,绍兴市生态环境局越城分局,越城区生态环境局 / 越城区环保局 / 城区环保局 / 绍兴市越城区环保局,,在用,区县,330000,330600,330602,越城区,越城,,,,,,本级政府部门,,是,,,绍兴市生态环境局:46 / 越城区生态环境局:17 / 越城区环境保护局:5,生态环境,绍兴市|越城|生态环境,,,,,,未核实,2026-10-08,692,692,2015-01-14,2026-09-30,越城:449 / (空):243,,
ZJ0213,ZJ0213,ZJ0213,,越城区国土资源分局,,,在用,区县,330000,330600,330602,越城区,越城,,,,,,本级政府部门,,是,,,,其他部门,绍兴市|越城|国土资源分局,,,,,,无独立环评栏目,2026-10-08,1,1,2013-04-11,2013-04-11,(空):1,,
ZJ0202,ZJ0202,ZJ0202,,绍兴市柯桥区行政审批局,,,在用,区县,330000,330600,330603,柯桥区,柯桥,,,,,,本级政府部门,,是,,,绍兴市生态环境局柯桥分局:20 / 绍兴市生态环境局:15 / 绍兴市环境保护局柯桥区分局:12,行政审批,绍兴市|柯桥|行政审批,,,,,,未核实,2026-10-08,248,248,2017-10-25,2026-09-23,柯桥:248,,
ZJ0208,ZJ0208,ZJ0208,,绍兴市柯桥区环境保护局,绍兴市生态环境局柯桥分局 / 绍兴市柯桥区环保局,,在用,区县,330000,330600,330603,柯桥区,柯桥,,,,,,本级政府部门,,是,,,绍兴市生态环境局柯桥分局:2,生态环境,绍兴市|柯桥|生态环境,,,,,,未核实,2026-10-08,35,35,2014-05-06,2022-03-15,柯桥:31 / (空):4,,
ZJ0200,ZJ0200,ZJ0200,,绍兴市生态环境局上虞分局,,,在用,区县,330000,330600,330604,上虞区,上虞,,,,,,本级政府部门,,是,,,绍兴市生态环境局:76 / 浙江省生态环境厅:68 / 杭州湾上虞经济技术开发区生态环境分局:1,生态环境,绍兴市|上虞|生态环境,,,,,,未核实,2026-10-08,423,348,2020-09-07,2026-09-14,上虞:348,,
ZJ0199,ZJ0199,ZJ0199,,绍兴市生态环境局新昌分局,新昌县环境保护局,,在用,区县,330000,330600,330624,新昌县,新昌,,,,,,本级政府部门,,是,,,新昌县环境保护局:18 / 绍兴市生态环境局:11,生态环境,绍兴市|新昌|生态环境,,,,,,未核实,2026-10-08,609,607,2015-11-02,2024-01-18,新昌:607,,
ZJ0204,ZJ0204,ZJ0204,,绍兴市生态环境局诸暨分局,诸暨市环境保护局,,在用,区县,330000,330600,330681,诸暨市,诸暨,,,,,,本级政府部门,,是,,,绍兴市生态环境局:62 / 诸暨市环境保护局:51 / 绍兴市环境保护局:44,生态环境,绍兴市|诸暨|生态环境,,,,,,未核实,2026-10-08,162,162,2019-08-06,2023-06-27,诸暨:162,,
ZJ0201,ZJ0201,ZJ0201,,绍兴市生态环境局嵊州分局,,,在用,区县,330000,330600,330683,嵊州市,嵊州,,,,,,本级政府部门,,是,,,绍兴市生态环境局:50 / 浙江省生态环境厅:1 / 浙江省绍兴市嵊州市生态环境局嵊州分局:1,生态环境,绍兴市|嵊州|生态环境,,,,,,未核实,2026-10-08,279,279,2018-02-08,2019-08-19,嵊州:279,,
ZJ0197,ZJ0197,ZJ0197,,绍兴市生态环境局,绍兴市环境保护局 / 绍兴市生态环境局滨海新城分局 / 绍兴市环保局滨海新城分局 / 绍兴市环保局滨海分局,,在用,市本级,330000,330600,,绍兴市,绍兴,,,,,,本级政府部门,,是,,,绍兴市生态环境局嵊州分局:425 / 绍兴市生态环境局诸暨分局:362 / 绍兴市生态环境局新昌分局:161,生态环境,绍兴市|市本级|生态环境,3300-E003,,https://sxepb.sx.gov.cn/col/col1229459599/index.html,,,已核实,2026-10-08,5317,5227,2007-10-18,2026-09-30,诸暨:1945 / 嵊州:1037 / (空):1037 / 新昌:452,2026-10-08 拉栏目标题核实：该单位在此栏目发布受理公告 210 条,绍兴市生态环境局(209)
ZJ0203,ZJ0203,ZJ0203,,绍兴市环保局袍江开发区分局,,,在用,开发区/园区,330000,330600,,,,330600-Z04,袍江开发区,,,,,,否,,,绍兴市生态环境局:22 / 绍兴市环境保护局:8 / 绍兴市生态环境局越城分局:2,生态环境,绍兴市|袍江开发区|生态环境,,,,,,未核实,2026-10-08,185,185,2014-12-19,2018-07-18,(空):181 / 越城:4,,
ZJ0205,ZJ0205,ZJ0205,,绍兴滨海新区管理委员会,,,在用,开发区/园区,330000,330600,,,,330600-Z03,滨海新区,,,,,,否,,,绍兴市生态环境局:15 / 绍兴市生态环境局绍兴滨海新区管理委员会产业保障局:2 / 绍兴市生态环境局越城分局:2,开发区管委会,绍兴市|滨海新区|行政审批,,,,,,未核实,2026-10-08,89,89,2024-05-22,2026-09-17,(空):70 / 越城:19,,
ZJ0206,ZJ0206,ZJ0206,,绍兴市环保局高新区分局,,,在用,开发区/园区,330000,330600,,,,330600-Z01,本级高新区,,,,,,否,,,绍兴市生态环境局:15 / 绍兴市环境保护局:5,生态环境,绍兴市|本级高新区|生态环境,,,,,,未核实,2026-10-08,64,64,2015-01-16,2016-05-06,(空):46 / 越城:18,,
ZJ0207,ZJ0207,ZJ0207,,绍兴市环境保护局越城区(高新区)分局,绍兴市环保局越城区(高新区、袍江开发区)分局,,在用,开发区/园区,330000,330600,,,,330600-Z06,越城高新区,,,,,,否,,,绍兴市生态环境局:7 / 绍兴市环保局越城区(高新区:2 / 袍江开发区)分局:2,生态环境,绍兴市|越城高新区|生态环境,,,,,,未核实,2026-10-08,53,53,2018-05-15,2019-01-28,越城:31 / (空):22,,
ZJ0209,ZJ0209,ZJ0209,,杭州湾上虞经济技术开发区生态环境分局,,,在用,开发区/园区,330000,330600,,,,330600-Z02,湾上虞开发区,,,,,,否,,,绍兴市生态环境局上虞分局:8 / 绍兴市生态环境局:5,生态环境,绍兴市|湾上虞开发区|湾经济技术开发区生态环境分局,,,,,,未核实,2026-10-08,15,0,,2021-06-28,,,
ZJ0210,ZJ0210,ZJ0210,,杭州湾上虞经济技术开发区生态环境执法中队,,,在用,开发区/园区,330000,330600,,,,330600-Z02,湾上虞开发区,,,,,,否,,,绍兴市生态环境局上虞分局:1,生态环境,绍兴市|湾上虞开发区|湾经济技术开发区生态环境执法中队,,,,,,未核实,2026-10-08,2,0,,2025-07-28,,,
ZJ0211,ZJ0211,ZJ0211,,绍兴市生态环境局绍兴滨海新区管理委员会产业保障局,,,在用,开发区/园区,330000,330600,,,,330600-Z03,滨海新区,,,,,,否,,,绍兴市生态环境局:2 / 绍兴滨海新区管理委员会:2,生态环境,绍兴市|滨海新区|生态环境,3300-E003,,https://sxepb.sx.gov.cn/col/col1229459599/index.html,,,已核实,2026-10-08,2,2,2024-05-21,2024-06-04,越城:2,2026-10-08 拉栏目标题核实：该单位在此栏目发布受理公告 88 条,绍兴市生态环境局（绍兴滨海新区管理委员会产业保障局）(88)
ZJ0235,ZJ0235,ZJ0235,,金华市生态环境局婺城分局,金华市生态环境局婺城环保分局,,在用,区县,330000,330700,330702,婺城区,婺城,,,,,,本级政府部门,,是,,,金华市生态环境局:34 / 金华市生态环境局婺城区分局:22 / 婺城环保分局:18,生态环境,金华市|婺城|生态环境,3300-E001,,http://sthjj.jinhua.gov.cn/col/col1229168520/index.html,,,已核实,2026-10-08,513,513,2012-08-15,2026-09-18,婺城:456 / (空):57,2026-10-08 拉栏目标题核实：该单位在此栏目发布受理公告 189 条,金华市生态环境局婺城分局(189)
ZJ0245,ZJ0245,ZJ0245,,婺城环保分局,,,在用,区县,330000,330700,330702,婺城区,婺城,,,,,,本级政府部门,,是,,,金华市生态环境局:8 / 金华市婺城区发展和改革局:2 / 金华市生态环境局婺城分局:2,生态环境,金华市|婺城|环保分局,,,,,,未核实,2026-10-08,25,25,2014-10-16,2016-12-21,婺城:18 / (空):7,,
ZJ0257,ZJ0257,ZJ0257,,金华市婺城区农业农村局(金华市婺城区林业局),,金华市婺城区林业局,在用,区县,330000,330700,330702,婺城区,婺城,,,,,,本级政府部门,,是,,,,其他部门,金华市|婺城|农业农村局(林业局),,,,,,无独立环评栏目,2026-10-08,1,1,2015-11-26,2015-11-26,(空):1,,
ZJ0237,ZJ0237,ZJ0237,,金华市生态环境局金东分局,,,在用,区县,330000,330700,330703,金东区,金东,,,,,,本级政府部门,,是,,,金华市生态环境局:51 / 金东环保分局:46 / 金华市金东区发展和改革局:4,生态环境,金华市|金东|生态环境,3300-E001,,http://sthjj.jinhua.gov.cn/col/col1229168520/index.html,,,已核实,2026-10-08,372,372,2012-04-27,2024-03-25,金东:325 / (空):46 / 婺城:1,2026-10-08 拉栏目标题核实：该单位在此栏目发布受理公告 41 条,金华市生态环境局金东分局(41)
ZJ0250,ZJ0250,ZJ0250,,金东环保分局,金华市金东环保分局,,在用,区县,330000,330700,330703,金东区,金东,,,,,,本级政府部门,,是,,,金华市生态环境局金东分局:4 / 金华市生态环境局:1,生态环境,金华市|金东|环保分局,,,,,,未核实,2026-10-08,5,5,2013-10-22,2018-11-09,金东:5,,
ZJ0259,ZJ0259,ZJ0259,,金华市金东区农林局,,,在用,区县,330000,330700,330703,金东区,金东,,,,,,本级政府部门,,是,,,,其他部门,金华市|金东|农林局,,,,,,无独立环评栏目,2026-10-08,1,1,2014-10-22,2014-10-22,金东:1,,
ZJ0234,ZJ0234,ZJ0234,,金华市生态环境局武义分局,武义县环境保护局,,在用,区县,330000,330700,330723,武义县,武义,,,,,,本级政府部门,,是,,,金华市生态环境局:97 / 武义县环境保护局:12 / 浙江省生态环境厅:4,生态环境,金华市|武义|生态环境,,,,,,未核实,2026-10-08,760,760,2011-05-10,2026-09-30,武义:760,,
ZJ0256,ZJ0256,ZJ0256,,武义县水务局,,,在用,区县,330000,330700,330723,武义县,武义,,,,,,本级政府部门,,是,,,金华市生态环境局武义分局:1,其他部门,金华市|武义|水务局,,,,,,无独立环评栏目,2026-10-08,1,1,2024-03-21,2024-03-21,武义:1,,
ZJ0244,ZJ0244,ZJ0244,,金华市生态环境局浦江分局,,,在用,区县,330000,330700,330726,浦江县,浦江,,,,,,本级政府部门,,是,,,金华市生态环境局:25 / 浙江省生态环境厅:1,生态环境,金华市|浦江|生态环境,,,,,,未核实,2026-10-08,56,56,2024-04-24,2026-09-30,浦江:56,,
ZJ0238,ZJ0238,ZJ0238,,金华市生态环境局磐安分局,,,在用,区县,330000,330700,330727,磐安县,磐安,,,,,,本级政府部门,,是,,,磐安县环境保护局:3 / 金华市生态环境局:3 / 华市生态环境局磐安分局:1,生态环境,金华市|磐安|生态环境,,,,,,未核实,2026-10-08,255,255,2020-01-10,2026-08-31,磐安:224 / (空):24 / 婺城:7,,
ZJ0242,ZJ0242,ZJ0242,,金华市生态环境局兰溪分局(兰溪市生态环境保护综合行政执法队),金华市生态环境局兰溪分局 / 兰溪市环境保护局,兰溪市生态环境保护综合行政执法队,在用,区县,330000,330700,330781,兰溪市,兰溪,,,,,,本级政府部门,,是,,,兰溪市环境保护局:1 / 金华市生态环境局兰溪分局:1,生态环境,金华市|兰溪|生态环境,,,,,,未核实,2026-10-08,79,79,2011-09-14,2026-09-15,兰溪:79,,
ZJ0233,ZJ0233,ZJ0233,,金华市生态环境局义乌分局,义乌市环境保护局,,在用,区县,330000,330700,330782,义乌市,义乌,,,,,,本级政府部门,,是,,,义乌市环境保护局:583 / 金华市生态环境局:46 / 金华市生态环境局义乌市分局:7,生态环境,金华市|义乌|生态环境,,,,,,未核实,2026-10-08,843,843,2020-06-16,2026-09-30,义乌:843,,
ZJ0247,ZJ0247,ZJ0247,,义乌市气象局,,,在用,区县,330000,330700,330782,义乌市,义乌,,,,,,本级政府部门,,是,,,义乌市环境保护局:9 / 金华市生态环境局义乌分局:7,其他部门,金华市|义乌|气象局,,,,,,无独立环评栏目,2026-10-08,9,9,2023-10-12,2023-10-12,义乌:9,,
ZJ0255,ZJ0255,ZJ0255,,义乌市水务局,,,在用,区县,330000,330700,330782,义乌市,义乌,,,,,,本级政府部门,,是,,,义乌市环境保护局:1,其他部门,金华市|义乌|水务局,,,,,,无独立环评栏目,2026-10-08,1,1,2021-01-07,2021-01-07,义乌:1,,
ZJ0231,ZJ0231,ZJ0231,,金华市生态环境局东阳分局,东阳市生态环境局东阳分局 / 金华市生态环境局东阳分局南江流域分局 / 金华市生态环境局东阳分局南江分局 / 东阳江分局 / 东阳市环保局南江分局 / 东阳环保局南马分局 / 东阳市环保局南马分局 / 东阳市环境保护局南马分局 / 东阳市环境保护局东阳江流域环保分局,,在用,区县,330000,330700,330783,东阳市,东阳,,,,,,本级政府部门,,是,,,金华市生态环境局:308 / 东阳经济开发区环保分局:57 / 东阳江流域环保分局:44,生态环境,金华市|东阳|生态环境,,,,,,未核实,2026-10-08,1877,1876,2015-01-27,2026-09-24,东阳:1876,,
ZJ0246,ZJ0246,ZJ0246,,东阳江流域环保分局,,,在用,区县,330000,330700,330783,东阳市,东阳,,,,,,本级政府部门,,是,,,金华市生态环境局东阳分局:13 / 金华市生态环境局:12,生态环境,金华市|东阳|江流域环保分局,,,,,,未核实,2026-10-08,24,24,2017-10-27,2020-09-09,东阳:24,,
ZJ0251,ZJ0251,ZJ0251,,东阳市水务局,,,在用,区县,330000,330700,330783,东阳市,东阳,,,,,,本级政府部门,,是,,,金华市生态环境局东阳分局:3,其他部门,金华市|东阳|水务局,,,,,,无独立环评栏目,2026-10-08,4,4,2019-09-16,2021-10-27,东阳:4,,
ZJ0252,ZJ0252,ZJ0252,,东阳市住房和城乡建设局(东阳市建筑业管理局),,东阳市建筑业管理局,在用,区县,330000,330700,330783,东阳市,东阳,,,,,,本级政府部门,,是,,,东阳经济开发区环保分局:1,其他部门,金华市|东阳|住房和城乡建设局(建筑业管理局),,,,,,无独立环评栏目,2026-10-08,2,2,2017-12-13,2017-12-13,东阳:2,,
ZJ0253,ZJ0253,ZJ0253,,东阳市卫生健康局,,,在用,区县,330000,330700,330783,东阳市,东阳,,,,,,本级政府部门,,是,,,金华市生态环境局东阳分局:1,其他部门,金华市|东阳|卫生健康局,,,,,,无独立环评栏目,2026-10-08,1,1,2023-10-23,2023-10-23,东阳:1,,
ZJ0254,ZJ0254,ZJ0254,,东阳市自然资源和规划局,,,在用,区县,330000,330700,330783,东阳市,东阳,,,,,,本级政府部门,,是,,,,其他部门,金华市|东阳|自然资源和规划局,,,,,,无独立环评栏目,2026-10-08,1,1,2023-02-17,2023-02-17,东阳:1,,
ZJ0236,ZJ0236,ZJ0236,,金华市生态环境局永康分局,永康市环境保护局,,在用,区县,330000,330700,330784,永康市,永康,,,,,,本级政府部门,,是,,,永康市环境保护局:277 / 永康市行政服务中心环保审批窗口:60 / 金华市生态环境局:47,生态环境,金华市|永康|生态环境,,,,,,未核实,2026-10-08,499,499,2021-04-14,2026-09-11,永康:498 / (空):1,,
ZJ0232,ZJ0232,ZJ0232,,金华市生态环境局,金华市环境保护局,,在用,市本级,330000,330700,,金华市,金华,,,,,,本级政府部门,,是,,,金华市生态环境局婺城分局:194 / 金华经济技术开发区环保分局:169 / 金华市生态环境局金东分局:137,生态环境,金华市|市本级|生态环境,3300-E001,,http://sthjj.jinhua.gov.cn/col/col1229168520/index.html,,,已核实,2026-10-08,1846,1842,2009-03-11,2026-09-29,(空):683 / 婺城:478 / 金东:411 / 东阳:112,2026-10-08 拉栏目标题核实：该单位在此栏目发布受理公告 111 条,金华市生态环境局(109)
ZJ0239,ZJ0239,ZJ0239,,金华市生态环境局金华经济技术开发区分局,金华市环境保护局金华经济技术开发区分局 / 金华市生态环境局金华经济开发区环保分局 / 金华市生态环境局金华经济技术开发区环保分局,,在用,开发区/园区,330000,330700,,,,330700-Z02,本级开发区,,,,,,否,,,金华市生态环境局:21 / 金华开发区管委会环保分局:7 / 金华经济技术开发区分局:6,生态环境,金华市|本级开发区|生态环境,3300-E001,,http://sthjj.jinhua.gov.cn/col/col1229168520/index.html,,,已核实,2026-10-08,202,202,2017-09-26,2026-09-22,(空):141 / 婺城:61,2026-10-08 拉栏目标题核实：该单位在此栏目发布受理公告 112 条,金华市生态环境局金华经济技术开发区分局(112)
ZJ0240,ZJ0240,ZJ0240,,金华经济技术开发区环保分局,,,在用,开发区/园区,330000,330700,,,,330700-Z02,本级开发区,,,,,,否,,,金华市生态环境局:12 / 金华市生态环境局金华经济技术开发区分局:3 / 金华市环境保护局:1,生态环境,金华市|本级开发区|经济技术开发区环保分局,,,,,,未核实,2026-10-08,162,162,2014-08-22,2018-04-16,(空):148 / 婺城:14,,
ZJ0241,ZJ0241,ZJ0241,,金华市生态环境局金义新区(金东区)分局,金华市生态环境局金义新区（金东区）分局,,在用,开发区/园区,330000,330700,,,,330700-Z03,金义新区,,,,,,否,,,金华市生态环境局:15 / 浙江省生态环境厅:3 / 金华市生态环境局金东分局:3,生态环境,金华市|金义新区|生态环境,3300-E001,,http://sthjj.jinhua.gov.cn/col/col1229168520/index.html,,,已核实,2026-10-08,128,128,2024-04-23,2026-09-17,金东:122 / (空):6,2026-10-08 拉栏目标题核实：该单位在此栏目发布受理公告 146 条,金华市生态环境局金义新区（金东区）分局(146)
ZJ0243,ZJ0243,ZJ0243,,东阳经济开发区环保分局,东阳市经济开发区环保分局,,在用,开发区/园区,330000,330700,,,,330700-Z01,东阳开发区,,,,,,否,,,金华市生态环境局东阳分局:29 / 金华市生态环境局:16,生态环境,金华市|东阳开发区|经济开发区环保分局,,,,,,未核实,2026-10-08,58,58,2015-06-08,2020-08-19,东阳:58,,
ZJ0248,ZJ0248,ZJ0248,,南马镇政府环保局,南马镇政府环保局南马监察中队,,在用,开发区/园区,330000,330700,,,,,,,,,,,否,,,金华市生态环境局:2,生态环境,金华市|南马镇|生态环境,,,,,,未核实,2026-10-08,8,8,2018-01-10,2019-07-30,东阳:8,,
ZJ0249,ZJ0249,ZJ0249,,金华经济开发区环保分局,,,在用,开发区/园区,330000,330700,,,,330700-Z02,本级开发区,,,,,,否,,,金华市生态环境局:1,生态环境,金华市|本级开发区|经济开发区环保分局,,,,,,未核实,2026-10-08,6,6,2018-01-31,2018-12-28,(空):6,,
ZJ0258,ZJ0258,ZJ0258,,金华市自然资源和规划局,,,在用,市本级,330000,330700,,金华市,金华,,,,,,本级政府部门,,是,,,,其他部门,金华市|市本级|自然资源和规划局,,,,,,无独立环评栏目,2026-10-08,1,1,2026-03-09,2026-03-09,金东:1,,
ZJ0225,ZJ0225,ZJ0225,,衢州市生态环境局柯城分局,衢州市柯城区生态环境局柯城分局 / 衢州市环境保护局柯城分局,,在用,区县,330000,330800,330802,柯城区,柯城,,,,,,本级政府部门,,是,,,柯城区生态环境局:6 / 浙江省生态环境厅:5 / 衢州市生态环境局:3,生态环境,衢州市|柯城|生态环境,,,,,,未核实,2026-10-08,223,223,2014-06-03,2026-09-22,柯城:199 / (空):24,,
ZJ0230,ZJ0230,ZJ0230,,衢州市柯城区生态环境分局,,,在用,区县,330000,330800,330802,柯城区,柯城,,,,,,本级政府部门,,是,,,衢州市生态环境局柯城分局:1,生态环境,衢州市|柯城|生态环境分局,,,,,,未核实,2026-10-08,1,1,2023-12-21,2023-12-21,柯城:1,,
ZJ0224,ZJ0224,ZJ0224,,衢州市生态环境局衢江分局,衢州市环境保护局衢江分局,,在用,区县,330000,330800,330803,衢江区,衢江,,,,,,本级政府部门,,是,,,衢江区生态环境局:12 / 衢州市生态环境局:8 / 衢州市环境保护局衢江分局:3,生态环境,衢州市|衢江|生态环境,,,,,,未核实,2026-10-08,286,286,2016-11-08,2026-08-17,衢江:279 / (空):7,,
ZJ0223,ZJ0223,ZJ0223,,衢州市生态环境局常山分局,常山县环境保护局,,在用,区县,330000,330800,330822,常山县,常山,,,,,,本级政府部门,,是,,,衢州市生态环境局:34 / 常山县环境保护局:17 / 浙江省生态环境厅:8,生态环境,衢州市|常山|生态环境,,,,,,未核实,2026-10-08,385,385,2018-02-26,2025-08-21,常山:375 / 柯城:8 / (空):2,,
ZJ0226,ZJ0226,ZJ0226,,衢州市生态环境局开化分局,开化县环境保护局,,在用,区县,330000,330800,330824,开化县,开化,,,,,,本级政府部门,,是,,,衢州市生态环境局:1,生态环境,衢州市|开化|生态环境,,,,,,未核实,2026-10-08,95,95,2015-01-08,2026-09-21,开化:95,,
ZJ0228,ZJ0228,ZJ0228,,衢州市生态环境开化分局,,,在用,区县,330000,330800,330824,开化县,开化,,,,,,本级政府部门,,是,,,衢州市生态环境局开化分局:15 / 衢州市生态环境局:2,生态环境,衢州市|开化|生态环境分局,,,,,,未核实,2026-10-08,15,15,2024-08-20,2025-11-12,开化:15,,
ZJ0221,ZJ0221,ZJ0221,,衢州市生态环境局龙游分局,,,在用,区县,330000,330800,330825,龙游县,龙游,,,,,,本级政府部门,,是,,,衢州市生态环境局:28 / 浙江省生态环境厅:11 / 龙游县自然资源和规划局:3,生态环境,衢州市|龙游|生态环境,,,,,,未核实,2026-10-08,892,892,2019-01-04,2026-09-21,龙游:892,,
ZJ0222,ZJ0222,ZJ0222,,衢州市生态环境局江山分局,江山市环境保护局,,在用,区县,330000,330800,330881,江山市,江山,,,,,,本级政府部门,,是,,,江山市环境保护局:30 / 浙江省生态环境厅:16 / 衢州市生态环境局:7,生态环境,衢州市|江山|生态环境,,,,,,未核实,2026-10-08,463,463,2018-03-23,2026-09-30,江山:463,,
ZJ0220,ZJ0220,ZJ0220,,衢州市生态环境局,衢州市生态环境局智造新城分局 / 衢州市环境局智造新城分局 / 州市生态环境局智造新城分局 / 浙江省衢州市环境局智造新城分局 / 衢州市生态环境局绿色产业集聚区分局 / 衢州市生态保护局绿色产业集聚区分局 / 衢州市环境保护局 / 衢州市环保局绿色产业集聚区分局,,在用,市本级,330000,330800,,衢州市,衢州,,,,,,本级政府部门,,是,,,衢州市生态环境局开化分局:48 / 浙江省生态环境厅:19 / 衢州市生态环境局智造新城分局:12,生态环境,衢州市|市本级|生态环境,3300-E010,,https://www.qz.gov.cn/col/col1229709391/index.html,,,已核实,2026-10-08,973,972,2013-12-16,2026-09-30,柯城:398 / (空):175 / 开化:166 / 龙游:73,2026-10-08 拉栏目标题核实：该单位在此栏目发布受理公告 90 条,衢州市生态环境局(62) / 衢州市生态环境局智造新城分局(5)
ZJ0227,ZJ0227,ZJ0227,,常山开发区生态环境局,常山开发区环保局,,在用,开发区/园区,330000,330800,,,,330800-Z01,常山开发区,,,,,,否,,,漳州市常山开发区管委会生态环境局:1 / 漳州市生态环境局:1,生态环境,衢州市|常山开发区|生态环境,,,,,,未核实,2026-10-08,33,33,2015-11-23,2025-04-25,常山:33,,
ZJ0229,ZJ0229,ZJ0229,,衢州智慧新城管理委员会,,,在用,市本级,330000,330800,,衢州市,衢州,,,,,,本级政府部门,,是,,,衢州市生态环境局柯城分局:3 / 柯城生态环境局:1,开发区管委会,衢州市|市本级|行政审批,,,,,,未核实,2026-10-08,3,3,2024-06-26,2025-11-10,(空):3,,
ZJ0216,ZJ0216,ZJ0216,,舟山市生态环境局定海分局,舟山市定海区环境保护局,,在用,区县,330000,330900,330902,定海区,定海,,,,,,本级政府部门,,是,,,舟山市定海区环境保护局:17 / 舟山市生态环境局:9 / 浙江省生态环境厅:1,生态环境,舟山市|定海|生态环境,,,,,,未核实,2026-10-08,277,277,2014-03-06,2022-06-28,定海:228 / (空):49,,
ZJ0219,ZJ0219,ZJ0219,,舟山市定海区水利局,,,在用,区县,330000,330900,330902,定海区,定海,,,,,,本级政府部门,,是,,,舟山市生态环境局:1,其他部门,舟山市|定海|水利局,,,,,,无独立环评栏目,2026-10-08,1,1,2026-03-16,2026-03-16,定海:1,,
ZJ0217,ZJ0217,ZJ0217,,舟山市生态环境局普陀分局,舟山市普陀区环境保护局,,在用,区县,330000,330900,330903,普陀区,普陀,,,,,,本级政府部门,,是,,,舟山市生态环境局:77 / 舟山市普陀区环境保护局:54 / 浙江省生态环境厅:46,生态环境,舟山市|普陀|生态环境,,,,,,未核实,2026-10-08,217,217,2014-11-24,2026-09-07,普陀:206 / (空):11,,
ZJ0215,ZJ0215,ZJ0215,,舟山市生态环境局岱山分局,岱山县环境保护局,,在用,区县,330000,330900,330921,岱山县,岱山,,,,,,本级政府部门,,是,,,舟山市生态环境局:25 / 岱山县环境保护局:14 / 浙江省生态环境厅:4,生态环境,舟山市|岱山|生态环境,,,,,,未核实,2026-10-08,321,321,2017-12-12,2026-08-03,岱山:314 / (空):7,,
ZJ0218,ZJ0218,ZJ0218,,舟山市生态环境局嵊泗分局,嵊泗县环境保护局,,在用,区县,330000,330900,330922,嵊泗县,嵊泗,,,,,,本级政府部门,,是,,,嵊泗县环境保护局:6 / 舟山市生态环境局:3,生态环境,舟山市|嵊泗|生态环境,,,,,,未核实,2026-10-08,95,95,2014-07-09,2020-12-21,嵊泗:95,,
ZJ0214,ZJ0214,ZJ0214,,舟山市生态环境局,舟山市环境保护局,,在用,市本级,330000,330900,,舟山市,舟山,,,,,,本级政府部门,,是,,,舟山市生态环境局定海分局:26 / 舟山市生态环境局嵊泗分局:25 / 舟山市环境保护局:17,生态环境,舟山市|市本级|生态环境,3300-E011,,http://zshbj.zhoushan.gov.cn/col/col1560752/index.html,,,已核实,2026-10-08,717,716,2014-09-15,2026-09-30,定海:336 / (空):163 / 嵊泗:139 / 普陀:44,2026-10-08 拉栏目标题核实：该单位在此栏目发布受理公告 136 条,舟山市生态环境局(136)
ZJ0026,ZJ0026,ZJ0026,,台州市生态环境局椒江分局,,,在用,区县,330000,331000,331002,椒江区,椒江,,,,,,本级政府部门,,是,,,台州市生态环境局:509 / 台州市环境保护局:225 / 台州市生态环境局玉环分局:40,生态环境,台州市|椒江|生态环境,,,,,,未核实,2026-10-08,721,721,2016-01-07,2026-09-01,椒江:697 / (空):24,,
ZJ0041,ZJ0041,ZJ0041,,台州市公安局椒江分局,,,在用,区县,330000,331000,331002,椒江区,椒江,,,,,,本级政府部门,,是,,,,其他部门,台州市|椒江|公安局分局,,,,,,无独立环评栏目,2026-10-08,1,1,2013-04-02,2013-04-02,椒江:1,,
ZJ0032,ZJ0032,ZJ0032,,台州市生态环境局黄岩分局,台州市黄岩区环境保护局,,在用,区县,330000,331000,331003,黄岩区,黄岩,,,,,,本级政府部门,,是,,,台州市生态环境局:25 / 台州市黄岩区环境保护局:10 / 台州市生态环境局玉环分局:9,生态环境,台州市|黄岩|生态环境,,,,,,未核实,2026-10-08,151,151,2018-12-12,2026-03-17,黄岩:151,,
ZJ0042,ZJ0042,ZJ0042,,台州市黄岩区水利局,,,在用,区县,330000,331000,331003,黄岩区,黄岩,,,,,,本级政府部门,,是,,,,其他部门,台州市|黄岩|水利局,,,,,,无独立环评栏目,2026-10-08,1,1,2026-06-08,2026-06-08,黄岩:1,,
ZJ0025,ZJ0025,ZJ0025,,台州市生态环境局路桥分局,台州市环境保护局路桥分局,,在用,区县,330000,331000,331004,路桥区,路桥,,,,,,本级政府部门,,是,,,台州市生态环境局:78 / 台州市生态环境局路桥区分局:34 / 台州市生态环境局玉环分局:30,生态环境,台州市|路桥|生态环境,,,,,,未核实,2026-10-08,772,772,2016-01-15,2026-09-15,路桥:768 / (空):4,,
ZJ0029,ZJ0029,ZJ0029,,路桥区生态环境分局,浙江省台州市路桥区生态环境分局,,在用,区县,330000,331000,331004,路桥区,路桥,,,,,,本级政府部门,,是,,,台州市生态环境局路桥分局:8,生态环境,台州市|路桥|生态环境分局,,,,,,未核实,2026-10-08,182,182,2019-03-08,2025-02-21,路桥:182,,
ZJ0033,ZJ0033,ZJ0033,,浙江省台州市路桥区环保分局,,,在用,区县,330000,331000,331004,路桥区,路桥,,,,,,本级政府部门,,是,,,台州市环境保护局路桥分局:16 / 浙江省台州市路桥区生态环境分局:4 / 台州市生态环境局:2,生态环境,台州市|路桥|环保分局,,,,,,未核实,2026-10-08,20,20,2018-05-18,2019-01-17,路桥:20,,
ZJ0027,ZJ0027,ZJ0027,,台州市生态环境局三门分局,台州市生态环境局三门县分局 / 三门县生态环境部门,,在用,区县,330000,331000,331022,三门县,三门,,,,,,本级政府部门,,是,,,台州市生态环境局:41 / 三门县环境保护局:6 / 三门县发展和改革局:3,生态环境,台州市|三门|生态环境,,,,,,未核实,2026-10-08,469,469,2020-11-27,2026-09-28,三门:468 / (空):1,,
ZJ0038,ZJ0038,ZJ0038,,三门县发展和改革局,,,在用,区县,330000,331000,331022,三门县,三门,,,,,,本级政府部门,,是,,,台州市生态环境局三门分局:2,其他部门,台州市|三门|发展和改革局,,,,,,无独立环评栏目,2026-10-08,4,4,2022-04-15,2022-09-09,三门:4,,
ZJ0040,ZJ0040,ZJ0040,,三门县公安局,,,在用,区县,330000,331000,331022,三门县,三门,,,,,,本级政府部门,,是,,,,其他部门,台州市|三门|公安局,,,,,,无独立环评栏目,2026-10-08,1,1,2022-03-10,2022-03-10,三门:1,,
ZJ0031,ZJ0031,ZJ0031,,天台县行政审批局(天台县最多跑一次改革办公室),,天台县最多跑一次改革办公室,在用,区县,330000,331000,331023,天台县,天台,,,,,,本级政府部门,,是,,,台州市生态环境局:94 / 浙江省生态环境厅:41 / 台州市生态环境局天台分局:2,行政审批,台州市|天台|行政审批,,,,,,未核实,2026-10-08,156,156,2019-01-07,2026-09-20,天台:156,,
ZJ0037,ZJ0037,ZJ0037,,天台县环境保护局,,,在用,区县,330000,331000,331023,天台县,天台,,,,,,本级政府部门,,是,,,台州市生态环境局:4 / 玉环市环境保护局:2 / 台州市环境保护局:1,生态环境,台州市|天台|生态环境,,,,,,未核实,2026-10-08,10,10,2015-07-10,2015-11-24,天台:10,,
ZJ0045,ZJ0045,ZJ0045,,天台县发展和改革局,,,在用,区县,330000,331000,331023,天台县,天台,,,,,,本级政府部门,,是,,,,其他部门,台州市|天台|发展和改革局,,,,,,无独立环评栏目,2026-10-08,1,1,2022-01-29,2022-01-29,天台:1,,
ZJ0030,ZJ0030,ZJ0030,,台州市生态环境局仙居分局,仙居县环境保护局,,在用,区县,330000,331000,331024,仙居县,仙居,,,,,,本级政府部门,,是,,,台州市生态环境局:95 / 仙居县环境保护局:11 / 仙居县发展和改革局:4,生态环境,台州市|仙居|生态环境,,,,,,未核实,2026-10-08,158,158,2018-08-13,2026-09-29,仙居:158,,
ZJ0022,ZJ0022,ZJ0022,,台州市生态环境局温岭分局,温岭市环境保护局 / 台州市环境局温岭分局 / 温岭市环境保护局泽国分局,,在用,区县,330000,331000,331081,温岭市,温岭,,,,,,本级政府部门,,是,,,温岭市环境保护局:471 / 台州市生态环境局:157 / 台州市生态环境局玉环分局:32,生态环境,台州市|温岭|生态环境,,,,,,未核实,2026-10-08,1629,1629,2017-10-13,2026-09-29,温岭:1628 / (空):1,,
ZJ0035,ZJ0035,ZJ0035,,温岭市发展和改革局,,,在用,区县,330000,331000,331081,温岭市,温岭,,,,,,本级政府部门,,是,,,台州市生态环境局温岭分局:1,其他部门,台州市|温岭|发展和改革局,,,,,,无独立环评栏目,2026-10-08,11,11,2018-05-17,2026-07-06,温岭:11,,
ZJ0046,ZJ0046,ZJ0046,,温岭市国土资源局,,,在用,区县,330000,331000,331081,温岭市,温岭,,,,,,本级政府部门,,是,,,,其他部门,台州市|温岭|国土资源局,,,,,,无独立环评栏目,2026-10-08,1,1,2022-05-19,2022-05-19,温岭:1,,
ZJ0047,ZJ0047,ZJ0047,,温岭市气象局,,,在用,区县,330000,331000,331081,温岭市,温岭,,,,,,本级政府部门,,是,,,台州市生态环境局:1,其他部门,台州市|温岭|气象局,,,,,,无独立环评栏目,2026-10-08,1,1,2024-03-05,2024-03-05,温岭:1,,
ZJ0024,ZJ0024,ZJ0024,,台州市生态环境局临海分局,,,在用,区县,330000,331000,331082,临海市,临海,,,,,,本级政府部门,,是,,,台州市生态环境局:23 / 浙江省生态环境厅:19 / 台州市人民政府:2,生态环境,台州市|临海|生态环境,,,,,,未核实,2026-10-08,865,865,2020-04-20,2026-09-28,临海:862 / (空):2 / 椒江:1,,
ZJ0023,ZJ0023,ZJ0023,,台州市生态环境局玉环分局,玉环市环境保护局,,在用,区县,330000,331000,331083,玉环市,玉环,,,,,,本级政府部门,,是,,,台州市生态环境局:737 / 玉环市经济和信息化局(玉环市中小企业局):50 / 玉环市环境保护局:35,生态环境,台州市|玉环|生态环境,,,,,,未核实,2026-10-08,1114,1113,2015-02-27,2026-09-29,玉环:1104 / 路桥:8 / (空):1,,
ZJ0036,ZJ0036,ZJ0036,,玉环市经济和信息化局(玉环市中小企业局),,玉环市中小企业局,在用,区县,330000,331000,331083,玉环市,玉环,,,,,,本级政府部门,,是,,,台州市生态环境局:7 / 玉环市环境保护局:4 / 台州市生态环境局玉环分局:1,其他部门,台州市|玉环|经济和信息化局(中小企业局),,,,,,无独立环评栏目,2026-10-08,11,11,2018-09-11,2024-03-25,玉环:11,,
ZJ0021,ZJ0021,ZJ0021,,台州市生态环境局,台州市生态环境局集聚区分局 / 台州市环境保护局 / 台州市环境保护局集聚区分局 / 台州市生态环境局行政审批处 / 台州市生态环境局大气与辐射环境处,,在用,市本级,330000,331000,,台州市,台州,,,,,,本级政府部门,,是,,,天台县行政审批局(天台县最多跑一次改革办公室):588 / 浙江省生态环境厅:144 / 台州市生态环境局椒江分局:141,生态环境,台州市|市本级|生态环境,3300-E012,,https://sthjj.zjtz.gov.cn/col/col1229896756/index.html,,,已核实,2026-10-08,2542,2542,2012-08-31,2026-09-18,天台:787 / 椒江:415 / 玉环:387 / 仙居:251,2026-10-08 拉栏目标题核实：该单位在此栏目发布受理公告 168 条,台州市生态环境局(149)
ZJ0028,ZJ0028,ZJ0028,,台州市生态环境局台州湾新区(高新区)分局,,,在用,开发区/园区,330000,331000,,,,331000-Z03,椒江新区,,,,,,否,,,台州市生态环境局:78 / 台州市环境保护局集聚区分局:33 / 台州市生态环境局路桥分局:2,生态环境,台州市|椒江新区|生态环境,3300-E012,,https://sthjj.zjtz.gov.cn/col/col1229896756/index.html,,,已核实,2026-10-08,215,215,2020-11-09,2026-09-28,(空):181 / 椒江:34,2026-10-08 拉栏目标题核实：该单位在此栏目发布受理公告 48 条,台州市生态环境局台州湾新区（高新区）分局(48)
ZJ0034,ZJ0034,ZJ0034,,台州市生态环境局开发区分局,台州市环境保护局开发区分局,,在用,开发区/园区,330000,331000,,,,331000-Z02,本级开发区,,,,,,否,,,台州市生态环境局:9 / 台州市环境保护局集聚区分局:4 / 台州市生态环境局玉环分局:4,生态环境,台州市|本级开发区|生态环境,,,,,,未核实,2026-10-08,17,17,2014-08-28,2019-08-21,椒江:10 / (空):7,,
ZJ0039,ZJ0039,ZJ0039,,台州市国土资源局,,,在用,市本级,330000,331000,,台州市,台州,,,,,,本级政府部门,,是,,,台州市自然资源和规划局椒江分局:1,其他部门,台州市|市本级|国土资源局,,,,,,无独立环评栏目,2026-10-08,2,2,2026-04-13,2026-04-15,(空):1 / 椒江:1,,
ZJ0043,ZJ0043,ZJ0043,,台州电业局,,,在用,市本级,330000,331000,,台州市,台州,,,,,,本级政府部门,,是,,,,其他部门,台州市|市本级|电业局,,,,,,无独立环评栏目,2026-10-08,1,1,2013-07-04,2013-07-04,(空):1,,
ZJ0004,ZJ0004,ZJ0004,,丽水市生态环境局莲都分局,莲都区生态环境局,,在用,区县,330000,331100,331102,莲都区,莲都,,,,,,本级政府部门,,是,,,浙江省丽水市莲都区环保分局:23 / 丽水市生态环境局(挂丽水市生态环境保护综合行政执法队牌子):17 / 莲都区生态环境局:5,生态环境,丽水市|莲都|生态环境,,,,,,未核实,2026-10-08,642,641,2008-11-17,2026-09-16,莲都:565 / (空):75 / 缙云:1,,
ZJ0015,ZJ0015,ZJ0015,,浙江省丽水市莲都区环保分局,,,在用,区县,330000,331100,331102,莲都区,莲都,,,,,,本级政府部门,,是,,,,生态环境,丽水市|莲都|环保分局,,,,,,未核实,2026-10-08,8,8,2014-10-13,2018-10-17,莲都:8,,
ZJ0018,ZJ0018,ZJ0018,,丽水市莲都区气象局,,,在用,区县,330000,331100,331102,莲都区,莲都,,,,,,本级政府部门,,是,,,丽水市生态环境局(挂丽水市生态环境保护综合行政执法队牌子):1,其他部门,丽水市|莲都|气象局,,,,,,无独立环评栏目,2026-10-08,1,1,2024-03-20,2024-03-20,莲都:1,,
ZJ0013,ZJ0013,ZJ0013,,丽水市生态环境局青田分局,,,在用,区县,330000,331100,331121,青田县,青田,,,,,,本级政府部门,,是,,,丽水市生态环境局(挂丽水市生态环境保护综合行政执法队牌子):16 / 青田县环境保护局:1,生态环境,丽水市|青田|生态环境,,,,,,未核实,2026-10-08,36,36,2025-06-30,2026-09-10,青田:36,,
ZJ0007,ZJ0007,ZJ0007,,丽水市生态环境局缙云分局,缙云县环境保护局 / 市生态环境局缙云分局缙云县行政服务科 / 丽水市生态环境局缙云分局缙云县行政服务科,,在用,区县,330000,331100,331122,缙云县,缙云,,,,,,本级政府部门,,是,,,丽水市生态环境局(挂丽水市生态环境保护综合行政执法队牌子):24 / 市生态环境局缙云分局缙云县行政服务科:8 / 缙云县环境保护局:8,生态环境,丽水市|缙云|生态环境,,,,,,未核实,2026-10-08,198,198,2018-06-19,2026-09-14,缙云:193 / (空):5,,
ZJ0019,ZJ0019,ZJ0019,,浙江省缙云县气象局,,,在用,区县,330000,331100,331122,缙云县,缙云,,,,,,本级政府部门,,是,,,浙江省生态环境厅:1,其他部门,丽水市|缙云|气象局,,,,,,无独立环评栏目,2026-10-08,1,1,2021-08-09,2021-08-09,缙云:1,,
ZJ0012,ZJ0012,ZJ0012,,浙江省丽水市生态环境局遂昌分局,丽水市生态环境局遂昌分局 / 遂昌县环境保护局,,在用,区县,330000,331100,331123,遂昌县,遂昌,,,,,,本级政府部门,,是,,,,生态环境,丽水市|遂昌|生态环境,,,,,,未核实,2026-10-08,105,105,2011-11-16,2026-09-24,遂昌:105,,
ZJ0010,ZJ0010,ZJ0010,,丽水市生态环境局松阳分局,松阳县环境保护局,,在用,区县,330000,331100,331124,松阳县,松阳,,,,,,本级政府部门,,是,,,丽水市生态环境局(挂丽水市生态环境保护综合行政执法队牌子):2 / 松阳县环境保护局:2 / 浙江省生态环境厅:1,生态环境,丽水市|松阳|生态环境,,,,,,未核实,2026-10-08,133,133,2020-09-23,2026-09-22,松阳:129 / (空):3 / 莲都:1,,
ZJ0006,ZJ0006,ZJ0006,,丽水市生态环境局云和分局,云和县环境保护局,,在用,区县,330000,331100,331125,云和县,云和,,,,,,本级政府部门,,是,,,丽水市生态环境局(挂丽水市生态环境保护综合行政执法队牌子):112 / 云和县环境保护局:14,生态环境,丽水市|云和|生态环境,,,,,,未核实,2026-10-08,376,376,2013-10-23,2026-08-17,云和:376,,
ZJ0008,ZJ0008,ZJ0008,,丽水市生态环境局庆元分局,,,在用,区县,330000,331100,331126,庆元县,庆元,,,,,,本级政府部门,,是,,,丽水市生态环境局(挂丽水市生态环境保护综合行政执法队牌子):97 / 庆元县经济商务局(庆元县中小企业局):2,生态环境,丽水市|庆元|生态环境,,,,,,未核实,2026-10-08,179,179,2018-04-19,2026-09-28,庆元:179,,
ZJ0014,ZJ0014,ZJ0014,,景宁畲族自治县环境保护局,,,在用,区县,330000,331100,331127,景宁畲族自治县,景宁,,,,,,本级政府部门,,是,,,,生态环境,丽水市|景宁畲族|生态环境,,,,,,未核实,2026-10-08,10,10,2018-01-09,2019-01-03,景宁:9 / (空):1,,
ZJ0011,ZJ0011,ZJ0011,,丽水市生态环境局龙泉分局(生态环境保护综合行政执法队),丽水市生态环境局龙泉分局 / 龙泉市生态环境局龙泉分局 / 浙江省丽水市生态环境局龙泉分局,生态环境保护综合行政执法队,在用,区县,330000,331100,331181,龙泉市,龙泉,,,,,,本级政府部门,,是,,,丽水市生态环境局(挂丽水市生态环境保护综合行政执法队牌子):28 / 龙泉市行政服务中心:11 / 丽水市生态环境局龙泉分局:9,生态环境,丽水市|龙泉|生态环境,,,,,,未核实,2026-10-08,115,115,2019-06-18,2026-09-17,龙泉:114 / (空):1,,
ZJ0016,ZJ0016,ZJ0016,,龙泉市行政服务中心,,,在用,区县,330000,331100,331181,龙泉市,龙泉,,,,,,本级政府部门,,是,,,,行政审批,丽水市|龙泉|行政审批,,,,,,未核实,2026-10-08,5,5,2024-05-15,2025-12-08,龙泉:5,,
ZJ0020,ZJ0020,ZJ0020,,龙泉市气象局,,,在用,区县,330000,331100,331181,龙泉市,龙泉,,,,,,本级政府部门,,是,,,浙江省生态环境厅:1,其他部门,丽水市|龙泉|气象局,,,,,,无独立环评栏目,2026-10-08,1,1,2020-08-14,2020-08-14,龙泉:1,,
ZJ0005,ZJ0005,ZJ0005,,丽水市生态环境局景宁分局,丽水市生态环境局(挂丽水市生态环境保护综合行政执法队牌子) / 丽水市环境保护局 / 丽水市生态环境局审批处,,在用,市本级,330000,331100,,丽水市,丽水,,,,,,本级政府部门,,是,,,丽水市生态环境局(挂丽水市生态环境保护综合行政执法队牌子):5 / 丽水市生态环境局景宁畲族自治区分局:4 / 景宁畲族自治县环境保护局:3,生态环境,丽水市|市本级|生态环境,3300-E013,,http://hb.lishui.gov.cn/col/col1229248152/index.html,,,已核实,2026-10-08,437,437,2018-05-29,2026-09-29,遂昌:164 / 景宁:89 / 龙泉:46 / 莲都:40,2026-10-08 拉栏目标题核实：该单位在此栏目发布受理公告 122 条,
ZJ0009,ZJ0009,ZJ0009,,丽水经济技术开发区环境保护局,丽水市生态环境局开发区分局,,在用,开发区/园区,330000,331100,,,,331100-Z01,本级开发区,,,,,,否,,,丽水市生态环境局(挂丽水市生态环境保护综合行政执法队牌子):56 / 丽水经济开发区环境保护局:12 / 丽水经济技术开发区管理委员会:9,生态环境,丽水市|本级开发区|生态环境,,,,,,未核实,2026-10-08,154,154,2021-10-27,2026-08-31,莲都:123 / (空):31,,
ZJ0017,ZJ0017,ZJ0017,,丽水市国土资源局,,,在用,市本级,330000,331100,,丽水市,丽水,,,,,,本级政府部门,,是,,,,其他部门,丽水市|市本级|国土资源局,,,,,,无独立环评栏目,2026-10-08,1,1,2026-07-01,2026-07-01,(空):1,,
