发布单位,共同受理监督单位,共现次数
宣城市生态环境局,宣城市宣州区生态环境分局,428
合肥市肥西县生态环境分局,肥西县行政服务中心环保局窗口,381
芜湖市湾沚区生态环境分局,芜湖市生态环境局,306
芜湖市生态环境局,芜湖市湾沚区生态环境分局,244
安庆市环境保护局,安庆市生态环境局,232
滁州市生态环境局,滁州市环境保护局,226
蚌埠市怀远县生态环境分局,蚌埠市生态环境局,220
合肥市庐江县生态环境分局,合肥市生态环境局,207
阜阳市界首市生态环境分局,界首市环境保护局,202
阜阳市生态环境局,阜阳市太和县生态环境分局,199
池州市生态环境局,青阳环境保护局,198
池州市贵池区生态环境分局,池州市生态环境局,193
六安市裕安区生态环境分局,六安市生态环境局,191
阜阳市界首市生态环境分局,界首市民中心生态环境分局,183
合肥市庐江县生态环境分局,庐江县行政服务中心环保局,176
泾县贺村东路泾县生态环境分局,宣城市泾县生态环境分局,172
青阳环境保护局,青阳县环保局,172
青阳环境保护局,池州市生态环境局,154
阜阳市临泉县生态环境分局,阜阳市生态环境局,151
宿州市生态环境局埇桥分局,宿州市埇桥区生态环境分局,147
六安市裕安区生态环境分局,六安市裕安区交通运输局,144
池州市生态环境局,青阳县环保局,141
滁州市生态环境局,滁州市凤阳县生态环境分局,133
六安市霍邱县生态环境分局,六安市生态环境局,122
蚌埠市五河县生态环境分局,蚌埠市生态环境局,122
阜阳市阜南县生态环境分局,阜阳市生态环境局,122
固镇县环境保护局,蚌埠市固镇县生态环境分局,117
池州市青阳县生态环境分局,池州市生态环境局,117
蚌埠市固镇县生态环境分局,蚌埠市生态环境局,117
合肥市长丰县生态环境分局,合肥市生态环境局,116
宿州市政务服务中心生态环境局,宿州市生态环境局,116
黄山市环境保护局,黄山市生态环境局,115
蚌埠市固镇县生态环境分局,固镇县环境保护局,112
宣城市宣州区生态环境分局,宣城市生态环境局,105
合肥市长丰县生态环境分局,长丰县政务服务中心县生态环境分局,104
池州市生态环境局,池州市贵池区生态环境分局,103
淮南市寿县生态环境分局,淮南市生态环境局,103
蚌埠市生态环境局,蚌埠市怀远县生态环境分局,99
合肥市巢湖市生态环境分局,巢湖市行政服务中心环保局,98
滁州市行政服务中心环保局,滁州市生态环境局,95
合肥市肥西县生态环境分局,肥西县行政服务中心环保局,94
合肥市肥西县生态环境分局,合肥市生态环境局,93
宿州市泗县生态环境分局,宿州市生态环境局,90
铜陵市义安区生态环境分局,铜陵市生态环境局,90
蚌埠市生态环境局,蚌埠市五河县生态环境分局,89
合肥市肥西县生态环境分局,肥西县政务服务中心环保局窗口,88
宣城市生态环境局,宣城市广德市生态环境分局,88
宿州市生态环境局,宿州市政务服务中心生态环境局,88
芜湖市无为市生态环境分局,无为县环境保护局,88
亳州市谯城区生态环境分局,亳州市谯城区环境保护局,87
石台县环境保护局,池州市石台县生态环境分局,86
亳州市利辛县生态环境分局,利辛县环境保护局,85
亳州市生态环境局,亳州市蒙城县生态环境分局,85
马鞍山市和县生态环境分局,马鞍山市生态环境局,85
固镇县环境保护局,蚌埠市生态环境局,84
宣城市广德市生态环境分局,宣城市生态环境局,84
宣城市郎溪县生态环境分局,宣城市生态环境局,84
芜湖市生态环境局,芜湖市繁昌区生态环境分局,84
合肥市生态环境局,合肥市瑶海区生态环境分局,81
亳州市生态环境局,亳州市利辛县生态环境分局,80
淮北市杜集区环境保护局,淮北市杜集区生态环境分局,79
阜阳市生态环境局,阜阳市颍东区生态环境分局,79
池州市青阳县生态环境分局,青阳环境保护局,78
颍上县政务服务中心环保局,阜阳市颍上县生态环境分局,78
滁州市生态环境局,滁州市琅琊区生态环境分局,77
合肥市双凤开发区管委会环保局,合肥市长丰县生态环境分局,76
合肥市庐江县生态环境分局,庐江县行政服务中心环保局窗口,75
亳州市利辛县生态环境分局,亳州市生态环境局,73
合肥市长丰县生态环境分局,长丰县政务服务南部中心县生态环境分局,73
滁州市生态环境局,滁州市定远县生态环境分局,72
宿州市生态环境局,宿州市埇桥区生态环境分局,71
阜阳市颍上县生态环境分局,阜阳市生态环境局,71
阜阳市颍东区生态环境分局,阜阳市生态环境局,71
亳州市涡阳县生态环境分局,亳州市生态环境局,69
亳州市蒙城县生态环境分局,蒙城县环境保护局,67
无为县环境保护局,芜湖市无为市生态环境分局,67
宣城市泾县生态环境分局,泾县贺村东路泾县生态环境分局,66
池州市生态环境局直属园区分局,池州市生态环境局,66
皖江江南新兴产业集中区生态环境局,池州市生态环境局,66
肥东县行政服务中心环保局,合肥市肥东县生态环境分局,64
阜阳市生态环境局,阜阳市临泉县生态环境分局,63
宣城市旌德县生态环境分局,宣城市生态环境局,62
淮南市生态环境局,淮南市寿县生态环境分局,62
合肥市生态环境局,合肥市长丰县生态环境分局,61
行政服务中心环保局,合肥市庐江县生态环境分局,60
铜陵市枞阳县生态环境分局,铜陵市生态环境局,59
六安市生态环境局,六安市霍山县生态环境分局,58
池州市东至县生态环境分局,池州市生态环境局,57
石台县环境保护局,池州市生态环境局,57
蚌埠市淮上区生态环境分局,蚌埠市生态环境局,57
芜湖市南陵县生态环境分局,芜湖市生态环境局,56
明光市环境保护局,滁州市明光市生态环境分局,55
芜湖市生态环境局,芜湖县环境保护局,55
铜陵市生态环境局,铜陵市铜官区生态环境分局,55
阜阳市界首市生态环境分局,界首市行政审批局生态环境分局,55
马鞍山市含山县生态环境分局,马鞍山市生态环境局,55
合肥市生态环境局,合肥市肥东县生态环境分局,54
宣城市广德市生态环境分局,广德市发展和改革委员会,54
泾县贺村东路泾县环境保护局,宣城市泾县生态环境分局,54
宣城市生态环境局,宣城市郎溪县生态环境分局,53
合肥市新站高新技术产业开发区生态环境分局,合肥新站高新区生态环境分局,51
池州市生态环境局,池州市青阳县生态环境分局,51
淮北高新技术产业开发区生态环境分局,淮北市高新区生态环境分局,51
芜湖市生态环境局,芙湖市生态环境局,51
六安市生态环境局,六安市裕安区生态环境分局,50
六安市霍山县生态环境分局,六安市生态环境局,50
淮南市凤台县生态环境分局,淮南市生态环境局,50
长丰县水湖镇长丰县环保局,合肥市长丰县生态环境分局,50
合肥市肥东县生态环境分局,肥东县行政服务中心投资项目综合受理区生态环境分局,49
宿州市生态环境局,宿州市灵璧县生态环境分局,49
行政服务中心环保局,合肥市生态环境局,49
六安市舒城县生态环境分局,六安市生态环境局,48
利辛县环境保护局,亳州市利辛县生态环境分局,48
阜阳市生态环境局,阜阳市阜南县生态环境分局,48
马鞍山市生态环境局,马鞍山市当涂县生态环境分局,48
桐城市环境保护局,安庆市桐城市生态环境分局,47
滁州市定远县生态环境分局,滁州市生态环境局,47
亳州高新技术产业开发区生态环境分局,蚌埠高新技术产业开发区管理委员会,46
宿州市政务服务中心生态环境局窗口,宿州市生态环境局,46
驻合肥市政务服务管理局生态环境窗口,合肥市生态环境局,46
合肥市生态环境局,合肥市庐阳区生态环境分局,45
宿州市生态环境局埇桥分局,宿州市生态环境局,45
合肥市长丰县生态环境分局,长丰县水湖镇长丰县环保局,44
池州市生态环境局,皖江江南新兴产业集中区生态环境局,44
淮北市濉溪县生态环境分局,淮北市生态环境局,44
蚌埠市生态环境局,蚌埠市高新区生态环境分局,44
阜阳市生态环境局,阜阳市颍上县生态环境分局,44
马鞍山市含山县生态环境分局,含山县环境保护局,44
亳州高新技术产业开发区生态环境分局,亳州市生态环境局,43
亳州高新技术产业开发区生态环境分局,高新区生态环境分局,43
合肥市肥东县生态环境分局,合肥市生态环境局,43
池州市贵池区生态环境分局,池州市民政局,43
淮南市潘集区生态环境分局,淮南市生态环境局,42
蚌埠市高新区生态环境分局,蚌埠市生态环境局,42
蚌埠高新技术产业开发区管理委员会,亳州高新技术产业开发区生态环境分局,42
合肥市新站高新技术产业开发区生态环境分局,新站高新区生态环境分局,41
淮北市杜集区生态环境分局,淮北市杜集区环境保护局,41
淮北市生态环境局,淮北市杜集区生态环境分局,41
淮南市八公山区生态环境分局,淮南市生态环境局,41
芜湖市繁昌区生态环境分局,芜湖市生态环境局,41
蚌埠市生态环境局,蚌埠市固镇县生态环境分局,41
亳州市谯城区生态环境分局,亳州市生态环境局,40
六安市金安区生态环境分局,六安市金安区环境保护局,40
池州市贵池区生态环境分局,池州市农业农村局,40
宿州市生态环境局,宿州市生态环境局埇桥分局,39
马鞍山市生态环境局,马鞍山市和县生态环境分局,39
滁州市来安县生态环境分局,汊河政务服务中心生态环境分局,38
合肥市庐阳区生态环境分局,合肥市生态环境局,37
安庆市生态环境局,安庆市环境保护局,37
滁州市生态环境局,滁州市行政服务中心环保局,37
郊区生态环境分局,铜陵市郊区生态环境分局,36
青阳环境保护局,池州市青阳县生态环境分局,36
六安市霍邱县生态环境分局,霍邱县城关镇卧阳路北段环保局,35
合肥市长丰县生态环境分局,合肥市双凤开发区管委会环保局,35
涡阳县紫光大道生态环境分局,亳州市涡阳县生态环境分局,35
滁州市行政服务中心环保局,滁州市环境保护局,35
蚌埠市生态环境局,蚌埠市淮上区生态环境分局,35
阜阳市颍泉区生态环境分局,阜阳市生态环境局,35
亳州市蒙城县生态环境分局,亳州市生态环境局,34
合肥市巢湖市生态环境分局,巢湖市政务服务管理局环保局,34
宣城市旌德县生态环境分局,旌德县环境保护局,34
池州市青阳县生态环境分局,青阳县科技经济信息化局,34
肥西县政务服务中心生态环境分局,合肥市肥西县生态环境分局,34
蚌埠市禹会区生态环境分局,蚌埠市生态环境局,34
长丰县水湖镇长丰县生态环境分局,合肥市长丰县生态环境分局,33
六安市霍邱县生态环境分局,霍邱县经济和信息化局,32
和县环境保护局,马鞍山市和县生态环境分局,32
淮南市生态环境局,淮南市凤台县生态环境分局,32
淮南市生态环境局,淮南经济技术开发区生态环境分局,32
来安县政务服务中心生态环境分局,滁州市来安县生态环境分局,31
淮北市相山区生态环境分局,淮北市生态环境局,31
池州市生态环境局,池州市民政局,30
淮南经济技术开发区生态环境分局,淮南市生态环境局,30
阜阳市太和县生态环境分局,阜阳市生态环境局,30
阜阳市颍上县生态环境分局,颍上县政务服务中心环保局,30
马鞍山市生态环境局,马鞍山市含山县生态环境分局,30
亳州市涡阳县生态环境分局,涡阳县紫光大道生态环境分局,29
合肥市新站高新技术产业开发区生态环境分局,合肥市生态环境局,29
合肥市高新技术产业开发区生态环境分局,高新区生态环境分局,29
宣城市生态环境局,宣城市宣州区环境保护局,29
宿州市砀山县生态环境分局,山县生态环境分局,29
广德市发展和改革委员会,宣城市广德市生态环境分局,29
铜陵市郊区生态环境分局,郊区生态环境分局,29
安庆市生态环境局,安庆市太湖县生态环境分局,28
宿州市生态环境局,宿州市埇桥区环境保护局,28
池州市生态环境局,集中区生态环境局,28
蚌埠市生态环境局,高新区生态环境分局,28
合肥市生态环境局,合肥市肥西县生态环境分局,27
池州市生态环境局,池州市生态环境局直属园区分局,27
淮北市杜集区生态环境分局,淮北市生态环境局,27
滁州市生态环境局,滁州市来安县生态环境分局,27
界首市行政审批局生态环境分局,阜阳市界首市生态环境分局,27
蚌埠市经济开发区生态环境分局,蚌埠市生态环境局,27
六安市霍邱县生态环境分局,霍邱县发展和改革委员会,26
安庆市望江县生态环境分局,安庆市生态环境局,26
安庆市生态环境局,安庆市望江县生态环境分局,26
淮北市生态环境局,淮北市杜集区环境保护局,26
芜湖市生态环境局,中国(安徽)自由贸易试验区芜湖片区管委会,26
无为县无城镇幸福路环保局,无为县环境保护局,25
淮南市谢家集区人民政府谢家集区生态环境分局,淮南市谢家集区生态环境分局,25
淮南市谢家集区生态环境分局,淮南市生态环境局,25
滁州市明光市生态环境分局,明光市环境保护局,25
蚌埠市生态环境局,蚌埠经济开发区经贸发展局,25
铜陵市生态环境局,枞阳经济开发区建设和生态环境局,25
马鞍山市当涂县生态环境分局,马鞍山市生态环境局,25
合肥市包河区生态环境分局,合肥市生态环境局,24
合肥市蜀山区生态环境分局,合肥市生态环境局,24
安徽省生态环境厅,合肥市生态环境局,24
宿州市灵璧县生态环境分局,宿州市生态环境局,24
淮北市生态环境局,淮北市濉溪县生态环境分局,24
滁州市来安县生态环境分局,来安县行政服务中心生态环境分局,24
灵璧县政务服务中心生态环境分局,宿州市灵璧县生态环境分局,24
界首市环境保护局,阜阳市界首市生态环境分局,24
繁昌县环境保护局,芜湖市生态环境局,24
合肥市巢湖市生态环境分局,巢湖市行政服务中心环保局窗口,23
池州市贵池区生态环境分局,池州市贵池区环境保护局,23
泾县贺村东路泾县生态环境分局,宣城市生态环境局,23
淮南市寿县生态环境分局,淮南市寿县政务服务中心新桥国际产业园分中心环保窗口,23
肥西县行政服务中心生态环境分局,合肥市肥西县生态环境分局,23
行政服务中心环保局,庐江县行政服务中心环保局,23
池州市青阳县生态环境分局,青阳县环保局,22
淮北市杜集区环境保护局,淮北市生态环境局,22
砀山县行政服务中心砀山县生态环境分局,宿州市砀山县生态环境分局,22
芜湖市生态环境局,芜湖市南陵县生态环境分局,22
蚌埠市蚌山区生态环境分局,蚌山区政府环保局,22
蚌埠市龙子湖区生态环境分局,蚌埠市生态环境局,22
合肥市生态环境局,驻合肥市政务服务管理局生态环境窗口,21
安庆市桐城市生态环境分局,桐城市环境保护局,21
池州市生态环境局,池州市农业农村局,21
滁州市全椒县生态环境分局,全椒县环境保护局,21
滁州市生态环境局,滁州市全椒县生态环境分局,21
铜陵市郊区生态环境分局,铜陵市生态环境局,21
驻市民服务中心生态环境窗口,芜湖市生态环境局,21
六安市生态环境局,六安市霍邱县生态环境分局,20
和县环境保护局,马鞍山市生态环境局,20
宿州市砀山县生态环境分局,砀山县行政服务中心生态环境分局,20
当涂县环保局,马鞍山市当涂县生态环境分局,20
无为县环境保护局,无为市人民政府,20
滁州市生态环境局,滁州市明光市生态环境分局,20
舒城县桃溪路生态环境分局,六安市舒城县生态环境分局,20
长丰县政务服务南部中心生态环境分局,合肥市长丰县生态环境分局,20
马鞍山市博望区生态环境分局,马鞍山市生态环境局,20
黄山市休宁县生态环境分局,黄山市生态环境局,20
六安市金安区生态环境分局,六安市金安区环生态环境分局,19
合肥市肥西县生态环境分局,肥西县政务服务中心生态环境分局,19
当涂县环保局,马鞍山市生态环境局,19
淮南市大通区生态环境分局,淮南市大通区人民政府,19
淮南市生态环境局,淮南市谢家集区生态环境分局,19
滁州市来安县生态环境分局,来安县行政服务中心环保局,19
芜湖市繁昌区生态环境分局,驻繁昌区政务服务中心生态环境分局,19
马鞍山市生态环境局,马鞍山市博望区生态环境分局,19
亳州市生态环境局,亳州市涡阳县生态环境分局,18
合肥市肥西县生态环境分局,肥西县政务服务中心环保局,18
安庆经开区行政审批局,安庆市生态环境局,18
宣城市生态环境局,宣城市旌德县生态环境分局,18
宿州市生态环境萧县分局,宿州市生态环境局,18
楼市生态环境局,亳州市生态环境局,18
淮北市烈山区生态环境分局,淮北市生态环境局,18
淮南市大通区生态环境分局,淮南市生态环境局,18
滁州市生态环境局,滁州市天长市生态环境分局,18
灵璧县政务服务中心生态环境分局,宿州市生态环境局,18
长丰县水湖镇县生态环境分局,合肥市长丰县生态环境分局,18
安徽省宣城市广德县经济开发区环保局分局,宣城市广德市生态环境分局,17
宿州市生态环境局萧县分局,宿州市萧县生态环境分局,17
池州市生态环境局,池州市东至县生态环境分局,17
池州市生态环境局,环保窗口,17
淮南市生态环境局,淮南市潘集区生态环境分局,17
滁州市来安县生态环境分局,滁州市生态环境局,17
铜陵市铜官区生态环境分局,铜陵市生态环境局,17
阜阳市颍上县生态环境分局,颍上县环境保护局,17
马鞍山市生态环境局,马鞍山市雨山区生态环境分局,17
黄山市生态环境局,黄山市徽州区生态环境分局,17
中华人民共和国生态环境部,日喀则市环境保护局,16
合肥市巢湖市生态环境分局,合肥市生态环境局,16
合肥市生态环境局,合肥市庐江县生态环境分局,16
安庆市宿松县生态环境分局,安庆市生态环境局,16
安庆市生态环境局,安庆市宿松县生态环境分局,16
宣城市郎溪县生态环境分局,郎溪县环境保护局,16
池州市生态环境局直属园区分局,皖江江南新兴产业集中区生态环境局,16
滁州市来安县生态环境分局,来安县政务服务中心生态环境分局,16
铜陵市义安区生态环境分局,铜陵市生态环境分局,16
黄山市祁门县生态环境分局,黄山市生态环境局,16
六安市霍邱县生态环境分局,霍邱县住房和城乡建设局,15
安庆市潜山市生态环境分局,潜山市住房和城乡建设局,15
宿州市生态环境局,宿州市泗县生态环境分局,15
宿州市生态环境萧县分局,宿州市萧县生态环境分局,15
涡阳县紫光大道生态环境分局,亳州市生态环境局,15
淮南市谢家集区人民政府谢家集区生态环境分局,淮南市生态环境局,15
湾沚区企业发展服务中心生态环境窗口,芜湖市湾沚区生态环境分局,15
滁州市来安县生态环境分局,来安县环境保护局,15
滁州市生态环境局,滁州市行政服务中心生态环境局,15
滁州市生态环境局,滁州经济技术开发区,15
阜阳市颍东区生态环境分局,颍东区政务服务中心生态环境分局,15
颍上县行政服务中心生态环境分局,阜阳市颍上县生态环境分局,15
马鞍山市生态环境局,当涂县环保局,15
马鞍山市雨山区生态环境分局,马鞍山市生态环境局,15
亳州市生态环境局,亳州高新技术产业开发区生态环境分局,14
合肥市生态环境局,肥东县行政服务中心投资项目综合受理区生态环境分局,14
安徽自贸试验区蚌埠片区改革创新局,蚌埠高新技术产业开发区管理委员会,14
宣城市生态环境局,宣城市宁国市生态环境分局,14
宣城市绩溪县生态环境分局,绩溪县环境保护局,14
宿州市砀山县生态环境分局,宿州市生态环境局,14
淮北市生态环境局,淮北市相山区生态环境分局,14
芜湖市生态环境局,芜湖市鸠江区生态环境分局,14
中华人民共和国生态环境部,安徽省生态环境厅,13
六安市生态环境局,六安市裕安区交通运输局,13
合肥市庐江县生态环境分局,庐江县教育局,13
宣城市宁国市生态环境分局,宣城市生态环境局,13
宣城市宣州区生态环境分局,宣城市宣州区环境保护局,13
宣城市广德市生态环境分局,宣城市广德县环保局,13
宣城市泾县生态环境分局,泾县贺村东路泾县环境保护局,13
池州市贵池区生态环境分局,环保窗口,13
淮南市田家庵区生态环境分局,淮南市生态环境局,13
滁州市全椒县生态环境分局,滁州市生态环境局,13
滁州市生态环境局,凤阳县环境保护局,13
芜湖市湾沚区生态环境分局,芜湖市湾沚区人民政府,13
蚌埠市生态环境局,固镇县环境保护局,13
蚌埠市生态环境局,蚌埠市龙子湖区生态环境分局,13
郊区生态环境分局,铜陵市生态环境局,13
长丰县水湖镇长丰县生态环境分局,合肥市生态环境局,13
马鞍山市生态环境局,马鞍山经济技术开发区生态环境分局,13
合肥市巢湖市生态环境分局,巢湖市政务服务管理局环保局窗口,12
安庆市宜秀区环境保护局,安庆市宜秀区生态环境分局,12
安庆市宜秀区环境保护局,安庆市生态环境局,12
宿州市生态环境局,宿州市政务服务中心生态环境局窗口,12
山县生态环境分局,宿州市砀山县生态环境分局,12
明光市环境保护局,明光市行政服务中心环保窗口,12
池州市东至县生态环境分局,东至县环境保护局,12
淮南市生态环境局,淮南市八公山区生态环境分局,12
滁州市生态环境局,南谯区分局,12
滁州市生态环境局,滁州市南谯区环保局,12
界首市环境保护局,界首市民中心生态环境分局,12
繁昌县环境保护局,芜湖市繁昌区生态环境分局,12
芜湖县环境保护局,芜湖市生态环境局,12
蚌埠市生态环境局,蚌阜市生态环境局,12
铜陵市生态环境局,市环保局环境影响评价管理科,12
阜阳市人民政府,阜阳市太和县生态环境分局,12
亳州市生态环境局,亳州经济开发区投资促进局,11
亳州高新技术产业开发区生态环境分局,亳州高新区生态环境分局,11
六安市生态环境局,六安市金安区生态环境分局,11
六安市生态环境局,六安市长安南路市生态环境局,11
六安市金安区生态环境分局,六安市生态环境局,11
合肥市生态环境局,长丰县政务服务南部中心县生态环境分局,11
合肥市长丰县生态环境分局,长丰县政务服务南部中心县生态环境分局窗口,11
宣城市生态环境局,宣州区生态环境局分局,11
怀远县政务服务中心生态环境局窗口,蚌埠市怀远县生态环境分局,11
怀远县政务服务中心生态环境局窗口,蚌埠市生态环境局,11
池州市生态环境局,池州市贵池区环境保护局,11
泾县环境保护局,泾县贺村东路泾县环境保护局,11
淮北市生态环境局,淮北市烈山区生态环境分局,11
淮南市生态环境局,淮南市大通区生态环境分局,11
肥西县政务服务中心生态环境分局,合肥市生态环境局,11
芜湖市无为市生态环境分局,无为市人民政府,11
芜湖市生态环境局,芜湖市生态环境局弋江分局,11
蚌埠高新技术产业开发区管理委员会,亳州市生态环境局,11
阜阳市颍州区生态环境分局,阜阳市生态环境局,11
马鞍山市博望区生态环境分局,马鞍山市博望区环境保护局,11
六安市生态环境局,六安市舒城县生态环境分局,10
合肥市巢湖市生态环境分局,巢湖市政务服务管理局环保,10
合肥市生态环境局,合肥市新站高新技术产业开发区生态环境分局,10
安庆市潜山市生态环境分局,中心生态环境分局,10
市环保局环境影响评价管理科,铜陵市生态环境局,10
日喀则市环境保护局,中华人民共和国生态环境部,10
明光市环境保护局,明光市行政服务中心环保,10
桐城市环境保护局,经开区环保分局,10
泾县贺村东路泾县环境保护局,泾县环境保护局,10
淮北市烈山区生态环境分局,烈山区生态分局,10
淮南市生态环境局,淮南市谢家集区人民政府谢家集区生态环境分局,10
滁州市环境保护局,滁州市生态环境局,10
滁州市生态环境局,滁州市南谯区生态环境分局,10
滁州市行政服务中心生态环境局窗口,滁州市生态环境局,10
经开区生态环境分局,马鞍山经济技术开发区生态环境分局,10
绩溪县环境保护局,宣城市绩溪县生态环境分局,10
芜湖市南陵县生态环境分局,南陵县水务局,10
芜湖市南陵县生态环境分局,南陵县环境保护局,10
蚌埠市五河县生态环境分局,生态环境局行政审批科(监督管理科),10
蚌埠市怀远县生态环境分局,怀远县政务服务中心生态环境局窗口,10
蚌埠市生态环境局,蚌埠市自然资源和规划局(蚌埠市林业局),10
铜陵市生态环境局,安徽枞阳经济开发区管理委员会,10
阜阳市生态环境局,阜阳市界首市生态环境分局,10
阜阳市颍上县生态环境分局,颍上县政务服务中心生态环境分局,10
阜阳市颍上县生态环境分局,颍上县行政服务中心生态环境分局,10
阜阳市颍东区生态环境分局,阜阳市颍东区环境保护局,10
颍上县政务服务中心生态环境分局,阜阳市颍上县生态环境分局,10
亳州市生态环境局,亳州市谯城区生态环境分局,9
亳州高新技术产业开发区生态环境分局,亳州经济开发区环境保护局,9
合肥市生态环境局,合肥市生态环境局辐射处,9
合肥市生态环境局,庐江县行政服务中心环保局,9
合肥市长丰县生态环境分局,长丰县政务服务中心环保局,9
安庆市迎江区环境保护局,安庆市迎江区生态环境分局,9
安徽省人民政府,阜阳市太和县生态环境分局,9
安徽省生态环境厅,六安市生态环境局,9
宿州市生态环境局,宿州市生态环境萧县分局,9
宿州市生态环境局,宿州市砀山县生态环境分局,9
宿州市生态环境局,灵璧县政务服务中心生态环境分局,9
宿州市生态环境局萧县分局,宿州市生态环境局,9
巢湖市行政服务中心环保局,合肥市巢湖市生态环境分局,9
池州市生态环境局,池州市经济和信息化局,9
池州市青阳县生态环境分局,八楼县生态环境分局,9
淮南市生态环境局,高新区生态环境局,9
滁州市生态环境局,天长市环境保护局,9
滁州市生态环境局,明光市环境保护局,9
经开区环保分局,桐城市环境保护局,9
经开区生态环境局,池州经济技术开发区生态环境局,9
芜湖市湾沚区生态环境分局,湾沚区企业发展服务中心生态环境窗口,9
芜湖市生态环境局,芜湖市弋江区生态环境分局,9
芜湖市生态环境局,驻市民服务中心生态环境窗口,9
芜湖市繁昌区生态环境分局,繁昌县环境保护局,9
蚌埠市生态环境局,蚌埠市经济开发区生态环境分局,9
蚌埠市生态环境局,蚌埠市蚌山区生态环境分局,9
铜陵市生态环境局,铜陵市郊区生态环境分局,9
铜陵狮子山高新技术产业开发区管理委员会(已注销),铜陵狮子山高新区管委会应急与生态环境局,9
长丰县政务服务中心环保局,合肥市长丰县生态环境分局,9
长丰县政务服务南部分中心县生态环境分局,合肥市长丰县生态环境分局,9
阜阳市临泉县生态环境分局,临泉县住房和城乡建设局,9
马鞍山市当涂县生态环境分局,当涂县环保局,9
马鞍山市生态环境局,和县环境保护局,9
高新区生态环境局,淮南市生态环境局,9
亳州高新技术产业开发区生态环境分局,亳州经济开发区生态环境局,8
亳州高新技术产业开发区生态环境分局,亳州芜湖现代产业园区环境保护局,8
六安市生态环境局,六安市城市综合管理局,8
六安市生态环境局,六安经济技术开发区生态环境分局,8
南陵县环境保护局,芜湖市生态环境局,8
安庆市怀宁县生态环境分局,怀宁县环境保护局,8
宣城市生态环境局,宣城市泾县生态环境分局,8
宿州市泗县生态环境分局,泗县发展和改革委员会,8
宿州市生态环境局宿马管理中心,宿州马鞍山现代产业园区管理委员会,8
枞阳县环境保护局,铜陵市枞阳县生态环境分局,8
池州市生态环境局,池州经济技术开发区生态环境局,8
池州市生态环境局,青阳县科技经济信息化局,8
淮北市濉溪县生态环境分局,濉溪县人民政府办公室(县政府外事办公室),8
滁州市行政服务中心生态环境局,滁州市生态环境局,8
皖江江南新兴产业集中区生态环境局,池州市生态环境局直属园区分局,8
禹会区政府生态环境分局,蚌埠市禹会区生态环境分局,8
经开区生态环境分局,蚌埠市生态环境局,8
经开区生态环境分局,马鞍山市生态环境局,8
芜湖市生态环境局,安徽省芜湖市南陵县人民政府,8
芜湖市生态环境局,芜湖市镜湖区生态环境分局,8
芜湖市生态环境局弋江分局,芜湖市生态环境局,8
蚌埠市生态环境局,蚌埠高新区管委会蚌埠高新技术开发区生态环境分局,8
蚌埠市生态环境局,蚌山区政府环保局,8
蚌埠高新技术产业开发区管理委员会,亳州经济开发区环境保护局,8
蚌山区政府环保局,蚌埠市蚌山区生态环境分局,8
阜阳市临泉县生态环境分局,临泉县政务服务中心生态环境分局,8
阜阳市生态环境局,阜阳市颍州区生态环境分局,8
马鞍山市和县生态环境分局,和县环境保护局,8
黄山市休宁县生态环境分局,黄山市生态环境局休宁分局,8
亳州市涡阳县生态环境分局,涡阳县环境保护局,7
亳州市生态环境局,利辛县环境保护局,7
亳州市谯城区生态环境分局,亳州市谯城区经济和信息化局,7
八楼县环保局,青阳环境保护局,7
利辛县环境保护局,亳州市生态环境局,7
合肥市安徽巢湖经开区生态环境分局,合肥市生态环境局,7
合肥市生态环境局,安徽省生态环境厅,7
合肥市生态环境局辐射处,合肥市生态环境局,7
合肥市肥西县生态环境分局,肥西县政务服务中心生态环境分局窗口,7
安庆市生态环境局,安庆市怀宁县生态环境分局,7
安徽省生态环境厅,铜陵市生态环境局,7
宣城市泾县生态环境分局,宣城市生态环境局,7
宿州市生态环境局,安徽宿州高新技术产业开发区环境保护局,7
巢湖市政务服务管理局环保局,合肥市巢湖市生态环境分局,7
开发区安环局,铜陵经济技术开发区管理委员会,7
怀宁县环境保护局,安庆市怀宁县生态环境分局,7
来安县政务服务中心环保局,滁州市来安县生态环境分局,7
来安县汊河政务服务中心生态环境局,滁州市来安县生态环境分局,7
枞阳县环境保护局,铜陵市生态环境局,7
淮南市生态环境局,淮南市大通区人民政府,7
淮南市生态环境局潘集区分局,淮南市生态环境局,7
滁州市凤阳县生态环境分局,滁州市生态环境局,7
滁州市天长市生态环境分局,天长市环境保护局,7
滁州市数据资源管理局(市政务服务管理局),滁州市生态环境局,7
滁州市生态环境局,滁州市环保局南谯分局,7
滁州市生态环境局,滁州市行政服务中心生态环境局窗口,7
界首市行政审批局生态环境分局,界首市环境保护局,7
芜湖市生态环境局,繁昌县环境保护局,7
阜阳市生态环境局,阜阳市颍泉区生态环境分局,7
阜阳市生态环境局(阜阳经济开发区生态环境所),阜阳市生态环境局,7
颍上县行政服务中心生态环境分局,阜阳市生态环境局,7
马鞍山市生态环境局,马鞍山市博望区环境保护局,7
马鞍山市生态环境局,马鞍山市花山区生态环境分局,7
黄山市生态环境局,黄山市歙县生态环境分局,7
亳州市生态环境局,蚌埠高新技术产业开发区管理委员会,6
六安市生态环境局,六安市金寨县生态环境分局,6
六安市裕安区生态环境分局,六安市裕安区水利局,6
南陵县环境保护局,芜湖市南陵县生态环境分局,6
合肥市肥西县生态环境分局,肥西县交通运输局,6
安庆市公安局森林分局,安庆市生态环境局,6
安庆市大观区环境保护局,安庆市大观区生态环境分局,6
安庆市大观区环境保护局,安庆市生态环境局,6
安徽省生态环境厅,池州市生态环境局,6
安徽省生态环境厅,芜湖市生态环境局,6
安徽省生态环境厅,蚌埠市生态环境局,6
宣城市宁国市生态环境分局,城市宁国市生态环境分局,6
宣城市广德市生态环境分局,广德市生态环境局广德县经济开发区环保分局,6
宣城市绩溪县生态环境分局,宣城市生态环境局,6
宣城市郎溪县生态环境分局,郎溪县生态环境部门,6
宿州市灵璧县生态环境分局,灵璧县政务服务中心生态环境分局,6
宿州市生态环境局,山县生态环境分局,6
池州市石台县生态环境分局,石台县环境保护局,6
泗县企业服务大厅生态环境分局,宿州市泗县生态环境分局,6
泗县企业服务大厅生态环境分局,宿州市生态环境局,6
淮南市生态环境局,淮南市田家庵区生态环境分局,6
湾沚区企业发展服务中心生态环境窗口,芜湖市生态环境局,6
滁州市来安县生态环境分局,来安政务服务中心生态环境分局,6
滁州市生态环境局,滁州市环保局开发区分局,6
皖江江南新兴产业集中区生态环境局,集中区生态环境局,6
肥西县交通运输局,合肥市肥西县生态环境分局,6
芜湖市生态环境局,芜湖市湾沚区人民政府,6
蚌埠市燕山路管委会高新区生态环境分局,蚌埠市生态环境局,6
蚌埠市生态环境局,蚌埠市禹会区生态环境分局,6
蚌埠市高新区生态环境分局,蚌埠高新技术产业开发区管理委员会,6
蚌埠高新技术产业开发区管理委员会,亳州芜湖现代产业园区环境保护局,6
行政服务中心环保局,庐江县行政服务中心环保局窗口,6
长丰县政务服务南部中心生态环境分局,合肥市生态环境局,6
阜阳市临泉县生态环境分局,临泉县自然资源和规划局,6
阜阳市生态环境局,太和县国土资源局,6
阜阳市阜南县生态环境分局,阜南县环境保护局,6
青阳环境保护局,青阳县科技经济信息化局,6
马鞍山市生态环境局,含山县环境保护局,6
黄山市休宁县生态环境分局,休宁县环境保护局,6
黄山市黄山区生态环境分局,黄山市黄山区环境保护局,6
中华人民共和国生态环境部,安徽省水利厅,5
临泉县政务服务中心生态环境分局,阜阳市临泉县生态环境分局,5
义安区政务服务中心生态环境分局,铜陵市义安区生态环境分局,5
休宁县环境保护局,黄山市生态环境局休宁分局,5
八楼县环保局,池州市生态环境局,5
八楼县生态环境分局,池州市青阳县生态环境分局,5
六安市叶集区生态环境分局,六安市生态环境局,5
六安市生态环境局,六安市叶集区生态环境分局,5
六安市裕安区生态环境部门,六安市裕安区生态环境分局,5
六安市金安区环境保护局,六安市金安区生态环境分局,5
六安市霍邱县生态环境分局,六安市商务局,5
合肥市巢湖市生态环境分局,驻巢湖市政务服务管理局生态环境,5
合肥市瑶海区生态环境分局,合肥市生态环境局,5
合肥市生态环境局,长丰县政务服务南部中心县生态环境分局窗口,5
合肥市肥东县生态环境分局,肥东县行政服务中心环保局,5
合肥市高新技术产业开发区生态环境分局,合肥市生态环境局,5
城县生态环境分局,六安市舒城县生态环境分局,5
安庆市宜秀区生态环境分局,安庆市宜秀区环境保护局,5
安庆市生态环境局,安徽省生态环境厅,5
安徽省生态环境厅,六安市霍邱县生态环境分局,5
安徽阜阳经济开发区管理委员会,阜阳市生态环境局,5
宣城市宁国市生态环境分局,国市生态环境分局,5
宣城市广德县生态环境分局,宣城市广德市生态环境分局,5
宣城市广德市生态环境分局,宣城市广德县生态环境分局,5
宣城市广德市生态环境分局政务服务科,宣城市广德市生态环境分局,5
宣城市生态环境局,泾县贺村东路泾县生态环境分局,5
宿州市生态环境局埇桥分局,宿州市埇桥区环境保护局,5
巢湖市住房和城乡建设局,巢湖市行政服务中心环保局,5
巢湖市行政服务中心,合肥市巢湖市生态环境分局,5
怀远县政务服务中心生态环境局,蚌埠市怀远县生态环境分局,5
慈湖高新区生态环境分局,马鞍山市生态环境局,5
慈湖高新区生态环境分局,马鞍山慈湖高新技术产业开发区生态环境分局,5
明光市行政服务中心环保窗口,滁州市明光市生态环境分局,5
淮北高新技术产业开发区生态环境分局,淮北市生态环境局,5
淮南市八公山区生态环境分局,淮南市八公山区科技经济信息化局,5
淮南市潘集区生态环境分局,淮南市生态环境局潘集区分局,5
淮南市生态环境局潘集区分局,淮南市潘集区生态环境分局,5
淮南市田家庵区生态环境分局,淮南市田家庵区环境保护局,5
淮南市经开区环保分局,淮南市生态环境局,5
滁州市生态环境局,滁州市生态环境局辐射安全监管科,5
滁州市生态环境局,琅琊区分局,5
生态环境局行政审批科(监督管理科),蚌埠市五河县生态环境分局,5
砀山县行政服务中心砀山县生态环境分局,山县生态环境分局,5
肥西县政务服务中心生态环境分局窗口,合肥市肥西县生态环境分局,5
芜湖市南陵县生态环境分局,南陵县应急管理局,5
芜湖市无为市生态环境分局,芜湖市生态环境局,5
芜湖市生态环境局,繁昌县行政服务中心环保局,5
芜湖市生态环境局,芜湖市无为市生态环境分局,5
芜湖市生态环境局,芜湖市芜湖县环保局,5
芜湖市镜湖区生态环境分局,芜湖市生态环境局,5
蚌埠市怀远县生态环境分局,怀远县生态环境保护综合行政执法大队,5
蚌埠市生态环境局,蚌埠高新技术产业开发区管理委员会,5
蚌埠市蚌山区生态环境分局,蚌埠市生态环境局,5
蚌埠市高新区建设和环保局,蚌埠市生态环境局,5
蚌埠经济开发区建设和环保局,蚌埠市生态环境局,5
阜阳市生态环境局,太和县环境保护局,5
集中区生态环境局,皖江江南新兴产业集中区生态环境局,5
青阳环境保护局,八楼县环保局,5
颍上县政务服务中心环保局,阜阳市生态环境局,5
马鞍山市花山区生态环境分局,马鞍山市生态环境局,5
高新区生态环境分局,亳州高新技术产业开发区生态环境分局,5
黄山市生态环境局,黄山市屯溪区生态环境分局,5
中华人民共和国生态环境部,池州市生态环境局,4
中溪分局,宣城市宁国市生态环境分局,4
亳州市生态环境局,高新区生态环境分局,4
八楼县环保局,池州市青阳县生态环境分局,4
八楼县环保局,青阳县环保局,4
六安市叶集区生态环境分局,六安市生态环境局叶集分局,4
六安市生态环境局,安徽省生态环境厅,4
六安市裕安区生态环境分局,安徽六安高新技术产业开发区生态环境工作站,4
六安市霍山县生态环境分局,霍山县水务局,4
六安市霍邱县生态环境分局,霍邱县城关镇卧阳路北段生态环境分局,4
六安经济技术开发区生态环境分局,六安市生态环境局,4
合肥市生态环境局,合肥市经济技术开发区生态环境分局,4
合肥市生态环境局,合肥市蜀山区生态环境分局,4
合肥市生态环境局,合肥经济技术开发区政务服务中心,4
合肥市生态环境局,庐江县行政服务中心环保局窗口,4
合肥市生态环境局,驻合肥市政务服务管理局生态环境,4
合肥市蜀山区生态环境分局,合肥市蜀山区住房和城乡建设局,4
合肥市长丰县生态环境分局,长丰县水湖镇长丰县生态环境分局,4
埇桥区政务服务中心环保局窗口,宿州市埇桥区生态环境分局,4
安庆市迎江区环境保护局,安庆市生态环境局,4
安徽省生态环境厅,宣城市生态环境局,4
安徽省生态环境厅,宿州市生态环境局,4
安徽省生态环境厅,淮南市生态环境局,4
安徽省芜湖市鸠江区人民政府,芜湖市生态环境局,4
安徽省阜阳市民中心生态环境局,阜阳市生态环境局,4
安徽阜阳经济开发区管理委员会,阜阳市环境保护局阜阳经济技术开发区分局,4
宣城市宣州区生态环境分局,宣州区生态环境局分局,4
宣城市旌德县生态环境分局,宣城市生态环境保护综合行政执法支队旌德县大队,4
宣城市泾县生态环境分局,泾县环境保护局,4
宣城市生态环境局,宣城市绩溪县生态环境分局,4
宣城市生态环境局,旌德县环境保护局,4
宿州市泗县生态环境分局,泗县经济和信息化局,4
宿州市生态环境局,宿州市环境保护局高新区分局,4
宿州市生态环境局宿马管理中心,宿州市生态环境局,4
庐江县交通运输局,合肥市生态环境局,4
庐江县水务局,庐江县行政服务中心环保局,4
政务服务中心生态环境分局,芜湖市无为市生态环境分局,4
新站高新区生态环境分局,合肥市新站高新技术产业开发区生态环境分局,4
明光市行政服务中心环保窗口,明光市环境保护局,4
池州市生态环境局,安徽省生态环境厅,4
池州市生态环境局,池州市贵池区环保窗口,4
池州市石台县生态环境分局,池州市生态环境局,4
池州市青阳县生态环境分局,青阳县住房和城乡建设局,4
池州市青阳县生态环境分局,青阳县发展和改革委员会,4
涡阳县环境保护局,亳州市生态环境局,4
淮南市八公山区生态环境分局,淮南市生态环境局八公山分局,4
淮南市大通区人民政府,淮南市生态环境局,4
淮南市环保局经济开发区分局,淮南市生态环境局,4
湾沚区企业发展服务中心生态环境窗口,芜湖市湾沚区人民政府,4
滁州市凤阳县生态环境分局,凤阳县环境保护局,4
滁州市定远县生态环境分局,定远县行政服务管理局,4
滁州市生态环境局,滁州市琅琊区环保局,4
界首市行政服务大厅环保局,界首市环境保护局,4
界首市行政服务大厅环保局,阜阳市界首市生态环境分局,4
皖江江南新兴产业集中区生态环境局,江南产业集中区环境保护局,4
皖江江南新兴产业集中区生态环境局,江南产业集中区生态环境局,4
石台县环境保护局,石台县科技经济信息化局,4
砀山县行政服务中心砀山县生态环境分局,宿州市生态环境局,4
肥西县住房和城乡建设局,合肥市肥西县生态环境分局,4
舒城县桃溪路生态环境分局,六安市生态环境局,4
芜湖市无为市生态环境分局,行政服务中心二楼生态环境窗口,4
芜湖市湾沚区生态环境分局,芜湖县环境保护局,4
芜湖市生态环境局,三山区环境保护局,4
芜湖市生态环境局,安徽省芜湖市鸠江区人民政府,4
蚌埠市生态环境局,怀远县生态环境保护综合行政执法大队,4
蚌埠市生态环境局,蚌埠市高新区建设和环保局,4
蚌埠市生态环境局,蚌埠高新区管委会三楼建设和环保局,4
行政服务中心生态环境分局,合肥市庐江县生态环境分局,4
铜陵市义安区生态环境分局,义安区政务服务中心生态环境分局,4
铜陵市生态环境局,开发区安环局,4
铜陵市生态环境局,郊区生态环境分局,4
铜陵市生态环境局,铜陵市义安区生态环境分局,4
长丰县政务服务中心县生态环境分局,合肥市长丰县生态环境分局,4
阜阳市临泉县生态环境分局,临泉县环境保护局,4
阜阳市生态环境局,阜阳市生态环境局(阜阳经济开发区生态环境所),4
青阳县住房和城乡建设局,池州市生态环境局,4
马鞍山市含山县生态环境分局,含山县环保局,4
马鞍山市生态环境局,慈湖高新区生态环境分局,4
马鞍山经济技术开发区生态环境分局,信成大厦五楼生态环境分局,4
高新区环保局,淮南市生态环境局,4
高新区生态环境分局,蚌埠市生态环境局,4
黄山市生态环境局,黄山市屯溪区环保局,4
中华人民共和国生态环境部,六安市生态环境局,3
中华人民共和国生态环境部,安庆市生态环境局,3
中国(安徽)自由贸易试验区芜湖片区管委会行政审批局,中国(安徽)自由贸易试验区芜湖片区管委会,3
亳州市利辛县生态环境分局,亳州市蒙城县生态环境分局,3
亳州市生态环境局,涡阳县环境保护局,3
亳州高新技术产业开发区生态环境分局,亳州市谯城区生态环境分局,3
亳州高新技术产业开发区生态环境分局,亳州芜湖现代产业园区生态环境局,3
信成大厦五楼生态环境分局,马鞍山经济技术开发区生态环境分局,3
八楼县生态环境分局,池州市生态环境局,3
六安市舒城县生态环境分局,舒城县桃溪路生态环境分局,3
六安市裕安区生态环境分局,六安市裕安区生态环境部门,3
六安经济技术开发区生态环境分局,六安经济技术开发区管理委员会,3
县政务服务中心生态环境分局窗口,阜阳市临泉县生态环境分局,3
合肥市包河区生态环境分局,合肥市包河区教育体育局,3
合肥市双凤开发区管委会环保局,长丰县水湖镇长丰县环保局,3
合肥市安徽巢湖经济开发区生态环境分局,合肥市生态环境局,3
合肥市巢湖市生态环境分局,驻巢湖市政务服务管理局生态环境窗口,3
合肥市庐江县生态环境分局,监督管理科,3
合肥市生态环境局,合肥市巢湖市生态环境分局,3
合肥市生态环境局,长丰县政务服务中心县生态环境分局,3
合肥市生态环境局行政服务中心环保分局,合肥市庐江县生态环境分局,3
合肥市蜀山区生态环境分局,合肥市蜀山区环保局项目科,3
合肥市长丰县生态环境分局,长丰县政务服务中心县生态环境分局窗口,3
合肥市长丰县生态环境分局,长丰县政务服务中心环保局窗口,3
合肥新站高新技术产业开发区管委会,合肥市新站高新技术产业开发区生态环境分局,3
合肥经济技术开发区社会发展局,合肥市经济技术开发区生态环境分局,3
太和县环境保护局,阜阳市太和县生态环境分局,3
宁国市环保局港口分局,宣城市宁国市生态环境分局,3
安庆市桐城市生态环境分局,安庆市生态环境局,3
安徽枞阳经开区管理委员会,安徽枞阳经济开发区管理委员会,3
安徽省宿州市泗县人民政府,宿州市泗县生态环境分局,3
安徽省广德县经济开发区环保局分局,宣城市广德市生态环境分局,3
安徽省生态环境厅,合肥市庐江县生态环境分局,3
安徽省生态环境厅,安庆市生态环境局,3
安徽省生态环境厅,滁州市生态环境局,3
安徽省生态环境厅,省生态环境厅,3
安徽省生态环境厅,芜湖市繁昌区生态环境分局,3
安徽省芜湖市南陵县人民政府,芜湖市南陵县生态环境分局,3
安徽自贸试验区蚌埠片区改革创新局,蚌埠市生态环境局,3
安徽阜阳经济开发区管理委员会,阜阳市生态环境局(阜阳经济开发区生态环境所),3
宣城市宁国市生态环境分局,宣城市宁国市环保局,3
宣城市宁国市生态环境分局,开发区环保分局,3
宣城市广德市生态环境分局,宣城市广德市生态环境分局政务服务科,3
宣城市广德市生态环境分局,广德县环保局开发区分局,3
宣城市广德市生态环境分局,广德市经济和信息化局,3
宣城市生态环境局,安徽省生态环境厅,3
宣城市生态环境局,广德市发展和改革委员会,3
宿州市砀山县生态环境分局,砀山县行政服务中心生态环境分局窗口,3
寨县生态环境分局,六安市金寨县生态环境分局,3
巢湖市政务服务管理局环保局,合肥市生态环境局,3
市政务服务中心生态环境局窗口,阜阳市生态环境局,3
庐江县交通运输局,合肥市庐江县生态环境分局,3
开发区环保分局,宣城市宁国市生态环境分局,3
怀远县政务服务中心生态环境局窗口,怀远县政务服务中心生态环境局,3
无为市发展和改革委员会(市商务局、市公共资源交易监督管理局、市粮食和物资储备局),市公共资源交易监督管理局,3
无为市发展和改革委员会(市商务局、市公共资源交易监督管理局、市粮食和物资储备局),市粮食和物资储备局),3
无为市发展和改革委员会(市商务局、市公共资源交易监督管理局、市粮食和物资储备局),无为市发展和改革委员会(市商务局,3
无为市发展和改革委员会(市商务局、市公共资源交易监督管理局、市粮食和物资储备局),芜湖市无为市生态环境分局,3
日喀则市环境保护局,安徽省生态环境厅,3
来安县汊河政务服务中心环保局,滁州市来安县生态环境分局,3
桐城市环境保护局,桐城市生态环境局经开区环保分局,3
桐城市生态环境局经开区环保分局,桐城市环境保护局,3
池州市生态环境局,东至县环境保护局,3
池州市生态环境局直属园区分局,池州经济技术开发区生态环境局,3
池州市青阳县生态环境分局,青阳县教育体育局,3
泾县贺村东路泾县环境保护局,泾县贺村东路泾县生态环境分局,3
泾县贺村东路泾县生态环境分局,泾县环境保护局,3
涡阳县紫光大道生态环境分局,涡阳县环境保护局,3
淮北市杜集区生态环境分局,淮北市杜集区经济和信息化局,3
淮北市烈山区生态环境分局,淮北市烈山区科技经济信息化局,3
淮北市环境保护局经济开发区分局,淮北高新技术产业开发区生态环境分局,3
淮北市生态环境局,安徽省生态环境厅,3
淮北市生态环境局,淮北市相山区环境保护局,3
淮北高新技术产业开发区生态环境分局,淮北高新区生态环境分局,3
淮北高新技术产业开发区生态环境分局,淮北高新区经济发展局,3
淮南市生态环境局,淮南市生态环境局潘集区分局,3
湾沚区企业发展服务中心,芜湖市湾沚区人民政府,3
湾沚区企业发展服务中心,芜湖市湾沚区生态环境分局,3
滁州市全椒县生态环境分局,全椒县环保局环境影响评价及行政审批服务股,3
滁州市凤阳县生态环境分局,滁州市环保局生态环境分局,3
滁州市定远县生态环境分局,定远县行政服务管理局环境综合窗口,3
滁州市明光市生态环境分局,明光市行政服务中心环保窗口,3
滁州市生态环境局,山县生态环境分局,3
滁州市生态环境局,滁州市生态环局,3
生态环境局行政审批科(监督管理科),蚌埠市生态环境局,3
石台县环境保护局,石台县水利局,3
经开区环保分局,安庆市桐城市生态环境分局,3
肥东县行政服务中心投资项目综合受理区生态环境分局,合肥市肥东县生态环境分局,3
芜湖县环境保护局,芜湖市湾沚区生态环境分局,3
芜湖市无为市生态环境分局,安庆市潜山市生态环境分局,3
芜湖市无为市生态环境分局,无为市交通运输局,3
芜湖市湾沚区生态环境分局,芜湖市芜湖县生态环境分局,3
芜湖市生态环境局,三山区生态环境分局,3
芜湖市生态环境局,宿州市生态环境局,3
芜湖市生态环境局,滁州市明光市生态环境分局,3
芜湖市鸠江区生态环境分局,芜湖市生态环境局,3
蚌埠市五河县生态环境分局,五河县经济和信息化局,3
蚌埠市固镇县生态环境分局,蚌埠市环境生态环境局,3
蚌埠市怀远县生态环境分局,怀远县政务服务中心生态环境局,3
蚌埠市淮上区生态环境分局,蚌埠市五河县生态环境分局,3
蚌埠市生态环境局,蚌埠经济开发区经贸发展一局,3
蚌埠市生态环境局,蚌埠高新技术产业开发区生态环境分局,3
蚌埠市生态环境局,蚌埠高新技术开发区生态环境分局,3
蚌埠市龙子湖区生态环境分局,蚌埠市龙子湖区科技经济信息化局,3
蚌埠高新技术产业开发区管理委员会,高新区生态环境分局,3
郑蒲港新区环保局,马鞍山市生态环境局,3
铜陵市义安区生态环境分局,区政务中心生态环境分局,3
铜陵市枞阳县生态环境分局,枞阳县环境保护局,3
铜陵市生态环境局,铜陵狮子山高新区管委会应急与生态环境局,3
铜陵市生态环境局,铜陵狮子山高新技术产业开发区管理委员会(已注销),3
铜陵狮子山高新技术产业开发区管理委员会(已注销),狮子山高新区管委会应急与生态环境局,3
铜陵狮子山高新技术产业开发区管理委员会(已注销),铜陵市生态环境局,3
长丰县水湖镇长丰县环保局,合肥市双凤开发区管委会环保局,3
阜阳市临泉县生态环境分局,县政务服务中心生态环境分局窗口,3
阜阳市太和县生态环境分局,阜阳市人民政府,3
阜阳市生态环境局,临泉县环境保护局,3
阜阳市生态环境局,阜阳合肥现代产业园区,3
阜阳市生态环境局,阜阳市颍东区环境保护局,3
阜阳市生态环境局,颍上县行政服务中心生态环境分局,3
阜阳市生态环境局,颍东区政务服务中心生态环境分局,3
阜阳市界首市生态环境分局,界首市界首市生态环境分局,3
青阳县住房和城乡建设局,池州市青阳县生态环境分局,3
马鞍山市博望区环境保护局,马鞍山市生态环境局,3
马鞍山市和县生态环境分局,和县人民政府,3
马鞍山市生态环境局,信成大厦五楼生态环境分局,3
马鞍山市生态环境局,郑蒲港新区安环局,3
马鞍山市生态环境局,郑蒲港新区环保局,3
马鞍山市生态环境局,马鞍山慈湖高新技术产业开发区生态环境分局,3
黄山市徽州区生态环境分局,黄山市徽州区发展和改革委员会,3
黄山市环境保护局,黄山市屯溪区环保局,3
黄山市生态环境局,黄山市环境保护局,3
黟县环境保护局,黄山市生态环境局黟县分局,3
中华人民共和国生态环境部,南陵县环境保护局,2
中华人民共和国生态环境部,滁州市环境保护局,2
中华人民共和国生态环境部,环境保护部,2
中华人民共和国生态环境部,荆州市生态环境局,2
中华人民共和国生态环境部,铜陵市生态环境局,2
中华人民共和国生态环境部,阜阳市生态环境局,2
中心市生态环境局,宣城市生态环境局,2
中新苏滁高新区一站式服务中心环保窗口,滁州市环境保护局,2
义安区政务服务中心生态环境分局,铜陵市生态环境局,2
亳州市利辛县生态环境分局,亳州市谯城区环境保护局,2
亳州市利辛县生态环境分局,亳州市谯城区生态环境分局,2
亳州市涡阳县生态环境分局,涡阳县环境分局,2
亳州市生态环境局,亳州市谯城区环境保护局,2
亳州市生态环境局,亳州芜湖产业园企业发展促进局,2
亳州市生态环境局,亳州高新区生态环境分局,2
亳州市生态环境局,楼市生态环境局,2
亳州市生态环境局,蒙城县环境保护局,2
亳州市蒙城县生态环境分局,蒙城县环境保护局项目管理股,2
亳州市谯城区生态环境分局,亳州高新技术产业开发区生态环境分局,2
亳州市谯城区生态环境分局,谯城区生态环境局,2
亳州高新区生态环境分局,亳州市生态环境局,2
亳州高新技术产业开发区生态环境分局,亳州市谯城区环境保护局,2
亳州高新技术产业开发区生态环境分局,亳州市高新区生态环境分局,2
休宁县环境保护局,黄山市休宁县生态环境分局,2
六安市叶集区生态环境分局,六安市叶集区生环境分局,2
六安市生态环境局,六安市交通运输局,2
六安市生态环境局,安徽省环境保护厅,2
六安市裕安区水利局,六安市生态环境局,2
六安市裕安区水利局,六安市裕安区生态环境分局,2
六安市裕安区生态环境分局,六安市叶集区生态环境分局,2
六安市裕安区生态环境分局,六安市裕安区教育体育局,2
六安市裕安区生态环境部门,六安市生态环境局,2
六安市金安区生态环境分局,安区生态环境分局,2
六安市金安区生态环境分局,市金安区生态环境分局,2
六安市金寨县生态环境分局,六安市生态环境局,2
六安市霍山县生态环境分局,霍山县农业农村局,2
六安市霍邱县生态环境分局,六安市生态环境局霍邱县分局,2
六安市霍邱县生态环境分局,六安市皖西民爆器材有限责任公司霍邱县民爆分公司,2
六安经济技术开发区生态环境分局,生态环境分局,2
合肥市巢湖市生态环境分局,巢湖市住房和城乡建设局,2
合肥市巢湖市生态环境分局,驻巢湖市政务服务管理局生态环境分局,2
合肥市庐江县生态环境分局,安徽省生态环境厅,2
合肥市庐江县生态环境分局,庐江县水务局,2
合肥市庐江县生态环境分局,行政服务中心环保局,2
合肥市新站高新技术产业开发区生态环境分局,合肥市庐阳区生态环境分局,2
合肥市新站高新技术产业开发区生态环境分局,合肥新站高新技术产业开发区管委会,2
合肥市新站高新技术产业开发区生态环境分局,新站高新区政务服务中心A区工程建设类综合窗口,2
合肥市新站高新技术产业开发区生态环境分局,新站高新技术产业开发区生态环境局,2
合肥市生态环境局,合肥市政务服务管理局生态环境局,2
合肥市生态环境局,合肥市重点工程建设管理局,2
合肥市生态环境局,合肥市高新技术产业开发区生态环境分局,2
合肥市生态环境局,安徽省环境保护厅,2
合肥市生态环境局,肥西县政务服务中心生态环境分局窗口,2
合肥市经济技术开发区生态环境分局,合肥经济技术开发区管理委员会,2
合肥市肥东县生态环境分局,肥东县行政服务中心投资项目综合受理区生态环境分局窗口,2
合肥市肥西县生态环境分局,肥西县经济和信息化局,2
合肥市蜀山区生态环境分局,合肥市蜀山区生态环境分局生态与发展统筹科,2
合肥市高新技术产业开发区生态环境分局,合肥市环境保护局高新分局,2
合肥市高新技术产业开发区生态环境分局,高新技术开发区生态环境局,2
合肥新站高新技术产业开发区管委会,新站高新区生态环境分局,2
合肥经济技术开发区管理委员会,合肥市生态环境局,2
合肥经济技术开发区管理委员会,合肥经济技术开发区政务服务中心,2
和县环保局,和县环境保护局,2
和县环境保护局,和县环保局,2
固镇县环境保护局,埠市固镇县生态环境分局,2
埇桥区政务服务中心环保局窗口,宿州市生态环境局,2
城市宁国市生态环境分局,宣城市宁国市生态环境分局,2
安县政务服务中心生态环境分局,滁州市来安县生态环境分局,2
安市金寨县生态环境分局,六安市金寨县生态环境分局,2
安庆市宿松县生态环境分局,宿松县环境保护局,2
安庆市望江县生态环境分局,环境影响评价与排放管理股,2
安庆市潜山市生态环境分局,潜山市城市管理局,2
安庆市潜山市生态环境分局,潜山市环境分局,2
安庆市环境保护局,安庆市大观区环境保护局,2
安庆市环境保护局,安庆市迎江区环境保护局,2
安庆市生态环境局,安庆高新技术产业开发区经济发展局,2
安庆市生态环境局,铜陵市枞阳县生态环境分局,2
安庆市迎江区环境保护局,安庆市环境保护局,2
安庆市迎江区生态环境分局,安庆经开区行政审批局,2
安庆经开区行政审批局,安庆市环境保护局,2
安徽居巢经济开发区管理委员会,巢湖市政务服务管理局环保局,2
安徽省人民政府,阜阳市生态环境局,2
安徽省环境保护厅,阜阳市太和县生态环境分局,2
安徽省生态环境厅,中华人民共和国生态环境部,2
安徽省生态环境厅,亳州市利辛县生态环境分局,2
安徽省生态环境厅,六安市水利局,2
安徽省生态环境厅,六安市裕安区发展和改革委员会,2
安徽省生态环境厅,原滁州市环保局,2
安徽省生态环境厅,合肥市长丰县生态环境分局,2
安徽省生态环境厅,安徽省林业局,2
安徽省生态环境厅,安徽省生态环境厅江苏省生态环境厅,2
安徽省生态环境厅,宿州市交通运输局,2
安徽省生态环境厅,芜湖市交通运输局,2
安徽省生态环境厅,芜湖市镜湖区生态环境分局,2
安徽省生态环境厅,蚌埠市自然资源和规划局(蚌埠市林业局),2
安徽省生态环境厅,马鞍山市交通运输局,2
定远县数据资源管理局,滁州市定远县生态环境分局,2
定远县生态生态环境分局,滁州市定远县生态环境分局,2
宣城市宁国市生态环境分局,宁国市宁国市生态环境分局,2
宣城市广德市生态环境分局,原广德县环保局,2
宣城市广德市生态环境分局,广德市人民政府,2
宣城市广德市生态环境分局,广德市生态环境部门,2
宣城市广德市生态环境分局,广德市自然资源和规划局,2
宣城市广德市生态环境分局,广德经济开发区经发局,2
宣城市生态环境局,宣城市水利局,2
宣城市生态环境局,郎溪县气象局,2
宣城市生态环境局,郎溪县科技经济信息化局,2
宣城市绩溪县生态环境分局,宣城市旌德县生态环境分局,2
宣城市绩溪县生态环境分局,绩溪县教育体育局,2
宣城市绩溪县生态环境分局,绩溪县科技商务经信局,2
宿州市政务服务中心生态环境局,安徽省生态环境厅,2
宿州市泗县生态环境分局,安徽省商务局,2
宿州市泗县生态环境分局,宿州市商务局,2
宿州市泗县生态环境分局,泗县企业服务大厅生态环境分局,2
宿州市生态环境局,宿州市生态环境局宿马管理中心,2
宿州市生态环境局,宿州经济技术开发区,2
宿州市生态环境局,灵璧县生态环境部门,2
宿州市生态环境局,砀山县行政服务中心生态环境分局,2
宿州市生态环境局,芜湖市生态环境局,2
宿州市生态环境局宿马管理中心,宿州市生态环境局宿马现代产业园区分局,2
巢湖市住房和城乡建设局,合肥市巢湖市生态环境分局,2
巢湖市行政服务中心,合肥市生态环境局,2
市行政审批局生态环境分局,界首市环境保护局,2
广州市南沙区环保水务局,广州市生态环境局,2
广德市发展和改革委员会,宣城市生态环境局,2
广德市市场监督管理局,宣城市广德市生态环境分局,2
广德市生态环境局广德县经济开发区环保局分局,宣城市广德市生态环境分局,2
开发区安环局,铜陵市生态环境局,2
怀远县政务服务中心生态环境局,蚌埠市生态环境局,2
新站高新区政务服务中心,合肥市新站高新技术产业开发区生态环境分局,2
旌德县政务服务中心生态环境分局,宣城市旌德县生态环境分局,2
无为县环境保护局,无为县无城镇幸福路环保局,2
无为县环境保护局,行政服务中心二楼生态环境窗口,2
来安县政务服务中心生态分局,滁州市来安县生态环境分局,2
来安县政务服务中心生态环境分局,来安县行政服务中心环保局,2
来安县政务服务中心生态环境分局,汊河政务服务中心生态环境分局,2
来安县政务服务中心生态环境分局窗口,滁州市来安县生态环境分局,2
枞阳经济开发区建设和生态环境局,安徽枞阳经济开发区管理委员会,2
桐城市生态环境局经开区环保分局,安庆市桐城市生态环境分局,2
池州市生态环境局,安徽省池州市青阳县经济和信息化委员会,2
池州市生态环境局,江南产业集中区生态环境局,2
池州市生态环境局,池州市应急管理局,2
池州市生态环境局,池州市港口管理局,2
池州市生态环境局,池州经济技术开发区,2
池州市生态环境局,石台县环境保护局,2
池州市生态环境局,经开区生态环境局,2
池州市生态环境局,青阳县水务局,2
池州市石台县生态环境分局,安徽俊森家具有限公司,2
池州市石台县生态环境分局,石台县科技经济信息化局,2
池州市贵池区环境保护局,池州市生态环境局,2
池州市贵池区环境保护局,池州市贵池区生态环境分局,2
池州市贵池区生态环境分局,池州市住房和城乡建设局,2
池州市贵池区生态环境分局,池州市贵池区环保窗口,2
池州市贵池区自然资源和规划局,池州市农业农村局,2
池州市贵池区自然资源和规划局,池州市生态环境局,2
池州市贵池区自然资源和规划局,池州市贵池区生态环境分局,2
涡阳县环境保护局,亳州市涡阳县生态环境分局,2
涡阳县环境分局,亳州市涡阳县生态环境分局,2
淮北市杜集区环境保护局,淮北市杜集区生态环境部门,2
淮北市杜集区环境保护局,贺州市富川生态环境局,2
淮北市杜集区生态环境分局,淮北市杜集区生态环境部门,2
淮北市濉溪县生态环境分局,淮北市濉溪县生态环境部门,2
淮北市濉溪县生态环境分局,濉溪县交通运输局,2
淮北市烈山区生态环境分局,淮北市烈山区教育局,2
淮北市烈山区生态环境分局,淮北市生态环境局烈山区生态分局,2
淮北市生态环境局,淮北市生态环境局相山区分局,2
淮北市相山区生态环境分局,淮北市相山区环境保护局,2
淮北高新技术产业开发区生态环境分局,安徽淮北高新技术产业开发区管理委员会,2
淮北高新技术产业开发区生态环境分局,淮北市高新技术产业开发区生态环境分局,2
淮北高新技术产业开发区生态环境分局,淮北经济开发区经济发展计划局,2
淮南市八公山区生态环境分局,八公山步行街八公山生态环境分局,2
淮南市大通区人民政府,淮南市大通区生态环境分局,2
淮南市大通区生态环境分局,淮南市发展和改革委员会,2
淮南市大通区生态环境分局,淮南市大通区发展和改革委员会,2
淮南市潘集区生态环境分局,淮南市谢家集区生态环境分局,2
淮南市生态环境局,天长市环境保护局,2
淮南市生态环境局,安徽省淮南市八公山区人民政府,2
滁州市定远县生态环境分局,定远县政府新区行政服务中心环保,2
滁州市定远县生态环境分局,定远县政府新区行政服务中心环境综合,2
滁州市定远县生态环境分局,定远县行政服务中心环境综合,2
滁州市明光市生态环境分局,明光市行政服务中心环保,2
滁州市明光市生态环境分局,滁州市生态环境局,2
滁州市来安县生态环境分局,来安县政务服务中心环保局,2
滁州市来安县生态环境分局,来安县政务服务中心生态环境分局窗口,2
滁州市来安县生态环境分局,来安县行政服务中心环保局窗口,2
滁州市来安县生态环境分局,滁州市环境保护局,2
滁州市环境保护局,滁州市来安县生态环境分局,2
滁州市生态环境局,全椒县环境保护局,2
滁州市生态环境局,南谯区生态环境局,2
滁州市生态环境局,安徽省生态环境厅,2
滁州市生态环境局,来安县政务服务中心生态环境分局窗口,2
滁州市生态环境局,滁州市生态环境局南谯区分局,2
濉溪县生态环境分局窗口,淮北市濉溪县生态环境分局,2
环保窗口,池州市生态环境局,2
生态环境分局,宣城市郎溪县生态环境分局,2
石台县环境保护局,安徽石松仪器仪表制造有限公司,2
石台县环境保护局,石台县自然资源和规划局,2
砀山县行政服务中心砀山县生态环境分局,砀山县行政服务中心生态环境分局,2
禹会区政府生态环境分局,蚌埠市生态环境局,2
繁昌县环境保护局,繁昌县行政服务中心环保局,2
绍兴市环境保护局,绍兴市生态环境局,2
绩溪县农业农村水利局,宣城市绩溪县生态环境分局,2
绩溪县民政局,宣城市绩溪县生态环境分局,2
肥东县行政服务中心环保局,合肥市生态环境局,2
肥西县交通运输局,合肥市生态环境局,2
肥西县住房和城乡建设局,合肥市生态环境局,2
肥西县住房和城乡建设局,肥西县行政服务中心环保局,2
芜湖市南陵县生态环境分局,安徽省芜湖市南陵县人民政府,2
芜湖市无为市生态环境分局,无为县无城镇幸福路环保局,2
芜湖市湾沚区生态环境分局,三山区环境保护局,2
芜湖市湾沚区生态环境分局,湾沚区企业发展服务中心,2
芜湖市湾沚区生态环境分局,芜湖市湾沚区水务局,2
芜湖市环境保护局,芜湖市生态环境局,2
芜湖市生态环境局,三山经开区生态环境分局,2
芜湖市生态环境局,安徽省生态环境厅,2
芜湖市生态环境局,市生态环境局行政审批科,2
芜湖市生态环境局,芜湖市环境保护局,2
芜湖市生态环境局,芜湖市生态环境,2
芜湖市生态环境局,芜湖市生态环境局行政审批窗口,2
芜湖市生态环境局,芜湖市鸠江区水务局,2
芜湖市生态环境局,驻市民服务中心生态环境,2
芜湖市生态环境局,驻芜湖市市民服务中心生态环境窗口,2
芜湖市繁昌区生态环境分局,安徽省芜湖市繁昌县人民政府,2
芜湖市繁昌区生态环境分局,芜湖市自然资源和规划局繁昌分局,2
芜湖市繁昌区生态环境分局,驻繁昌区政务服务中心生态环境分局窗口,2
蚌埠市五河县生态环境分局,五河县政务服务中心生态环境局,2
蚌埠市五河县生态环境分局,五河县教育局,2
蚌埠市固镇县生态环境分局,固镇县城市管理局,2
蚌埠市固镇县生态环境分局,固镇县水利局,2
蚌埠市生态环境局,五河县经济和信息化局,2
蚌埠市生态环境局,怀远县发展和改革委员会(怀远县公共资源交易监督管理局,2
蚌埠市生态环境局,怀远县粮食和物资储备局),2
蚌埠市生态环境局,经开区生态环境分局,2
蚌埠市生态环境局,蚌埠市水利局,2
蚌埠市生态环境局,蚌埠经开区经贸局,2
蚌埠市生态环境局,蚌埠高新区(安徽自贸试验区蚌埠片区)改革创新局,2
蚌埠市生态环境局,蚌埠高新区生态环境分局,2
蚌埠市生态环境局,高新区管委会生态环境分局,2
蚌埠市高新区生态环境分局,高新区生态环境分局,2
蚌埠市龙子湖区生态环境分局,蚌埠市高新区生态环境分局,2
蚌埠高新技术产业开发区管理委员会,亳州经济开发区生态环境局,2
蚌山区政府环保局,蚌埠市城乡规划局,2
蚌山区政府环保局,蚌埠市生态环境局,2
行政服务中心环保局,庐江县经济和信息化局,2
路利辛县环保局,利辛县环境保护局,2
郎溪县水利局,宣城市生态环境局,2
郎溪县水利局,宣城市郎溪县生态环境分局,2
铜陵市义安区生态环境分局,宣城市广德市生态环境分局,2
铜陵市义安区生态环境分局,铜陵市义安区政务中心生态环境分局,2
铜陵市义安区生态环境分局,铜陵市自然资源和规划局(林业局)义安区分局,2
铜陵市生态环境局,原铜陵市环保局,2
铜陵市生态环境局,原铜陵市环境保护局,2
铜陵市生态环境局,枞阳县环境保护局,2
铜陵狮子山高新技术产业开发区管理委员会(已注销),狮子山高新区应急与生态环境局,2
长丰县政务服务南部中心生态环境分局,长丰县政务服务南部中心县生态环境分局,2
阜南县环境保护局,阜阳市生态环境局,2
阜阳市临泉县生态环境分局,生态环境分局,2
阜阳市交通运输局颍东分局,阜阳市颍东区生态环境分局,2
阜阳市人民政府,阜阳市生态环境局,2
阜阳市太和县生态环境分局,太和县环境保护局,2
阜阳市太和县生态环境分局,安徽省人民政府,2
阜阳市生态环境局,临泉县民政局,2
阜阳市生态环境局,安徽省生态环境厅,2
阜阳市生态环境局,阜阳市人民政府,2
阜阳市生态环境局,阜阳市自然资源和规划局,2
阜阳市界首市生态环境分局,界首市环境卫生管理处,2
阜阳市界首市生态环境分局,首市民中心生态环境分局,2
阜阳市阜南县生态环境分局,阜南县经济和信息化局,2
阜阳市颍上县生态环境分局,安徽省阜阳市颍上县经济和信息化局,2
阜阳市颍泉区生态环境分局,颍泉区政务服务中心生态环境分局,2
阜阳经济开发区经济科技发展局,安徽阜阳经济开发区管理委员会,2
霍山县水务局,六安市霍山县生态环境分局,2
青阳县水务局,池州市生态环境局,2
青阳县水务局,青阳环境保护局,2
颍上县政务服务中心环保局,颍上县环境保护局,2
颍上县政务服务中心生态环境分局,阜阳市生态环境局,2
颍上县政务服务中心生态环境分局窗口,阜阳市颍上县生态环境分局,2
颍泉区政务服务中心生态环境分局,阜阳市颍泉区生态环境分局,2
马鞍山市博望区教育局,马鞍山市生态环境局,2
马鞍山市生态环境局,山经济技术开发区生态环境分局,2
马鞍山市生态环境局,经开区生态环境分局,2
马鞍山市生态环境局,马鞍山市花山区环境保护局,2
马鞍山市生态环境局,马鞍山经开区生态环境分局,2
马鞍山经济技术开发区生态环境分局,马鞍山市生态环境局,2
马鞍山经济技术开发区经贸发展局,马鞍山经济技术开发区生态环境分局,2
驻合肥市政务服务管理局生态环境窗口,合肥市庐江县生态环境分局,2
驻市民服务中心生态环境,芜湖市生态环境局,2
驻市民服务中心生态环境分局,无为县环境保护局,2
驻市民服务中心生态环境分局,芜湖市无为市生态环境分局,2
高新区生态环境分局,亳州市生态环境局,2
高新区生态环境分局,蚌埠高新技术产业开发区管理委员会,2
黄山市生态环境局,黄山市交通运输局,2
黄山市生态环境局,黄山市祁门县生态环境分局,2
黄山市生态环境局,黄山市黟县生态环境分局,2
黄山市生态环境局黟县分局,黄山市黟县生态环境分局,2
黄山市祁门县生态环境分局,祁门县交通运输局,2
黄山市黄山区环境保护局,黄山市黄山区生态环境分局,2
黄山市黟县生态环境分局,黄山市生态环境局,2
上海市生态环境局,马鞍山市生态环境局,1
中华人民共和国生态环境部,六安市霍邱县生态环境分局,1
中华人民共和国生态环境部,国家林业和草原局(国家公园管理局),1
中华人民共和国生态环境部,安徽省发展和改革委员会,1
中华人民共和国生态环境部,宣城市生态环境局,1
中华人民共和国生态环境部,徐州市港口管理局,1
中华人民共和国生态环境部,芜湖市生态环境局,1
中国移动通信集团有限公司安徽分公司,芜湖市生态环境局,1
中新苏滁高新区企业服务局,滁州市环境保护局,1
中新苏滁高新技术产业开发区企业服务局,滁州市环境保护局,1
中新苏滁高新技术产业开发区管理委员会,中新苏滁高新区管委会,1
中新苏滁高新技术产业开发区管理委员会,中新苏滁高新技术产业开发区建设房产局,1
中新苏滁高新技术产业开发区经济运行局,滁州市生态环境局,1
中溪分局,宁国市环保局中溪分局,1
临泉县政务服务中心生态环境分局,阜阳市生态环境局,1
临泉县环境保护局,阜阳市临泉县生态环境分局,1
义安区政务服务中心生态环境分局,铜陵市生态环境分局,1
义安经开区管委会应急与生态环境局,安徽铜陵义安经济开发区管理委员会,1
亳州市利辛县生态环境分局,中华人民共和国生态环境部,1
亳州市涡阳县生态环境分局,阳县生态环境分局,1
亳州市生态环境局,亳州市谯城区经济和信息化局,1
亳州市生态环境局,亳州经开区投资促进局,1
亳州市生态环境局,亳州芜湖现代产业园企业发展促进局,1
亳州市生态环境局,亳芜产业园区企发局,1
亳州市生态环境局,安徽省人民政府,1
亳州市生态环境局,安徽省发展改革委基础设施发展处,1
亳州市生态环境局,徐州市环境保护局,1
亳州市生态环境局,怒江州生态环境局泸水分局,1
亳州市生态环境局,梧州市长洲区环境保护局,1
亳州市生态环境局,涡阳县紫光大道生态环境分局,1
亳州市生态环境局,淮南市生态环境局,1
亳州市生态环境局,茂名市公路事务中心,1
亳州市生态环境局,铜仁市生态环境局,1
亳州市生态环境局我分局,亳州市蒙城县生态环境分局,1
亳州市蒙城县生态环境分局,亳州市利辛县生态环境分局,1
亳州市蒙城县生态环境分局,城县环境保护局,1
亳州市蒙城县生态环境分局,州市蒙城县生态环境分局,1
亳州市蒙城县生态环境分局,蒙城县住房和城乡建设局,1
亳州市蒙城县生态环境分局,蒙城县自然资源和规划局,1
亳州高新区生态环境分局,亳州高新技术产业开发区生态环境分局,1
亳州高新技术产业开发区投资促进局,亳州高新技术产业开发区生态环境分局,1
亳州高新技术产业开发区生态环境分局,亳州市城市管理局,1
亳州高新技术产业开发区生态环境分局,亳州市涡阳县生态环境分局,1
亳州高新技术产业开发区生态环境分局,亳州芜湖现代产业园企业发展促进局,1
亳州高新技术产业开发区生态环境分局,亳州高新技术产业开发区投资促进局,1
亳州高新技术开发区生态环境分局,亳州高新技术产业开发区生态环境分局,1
信成大厦五楼生态环境分局,马鞍山市生态环境局,1
公山区生态环境分局,淮南市八公山区生态环境分局,1
公山区生态环境分局,淮南市生态环境局,1
六安市叶集区生态环境分局,六安市叶集区教育局,1
六安市叶集区生态环境分局,六安市裕安区生态环境分局,1
六安市生态环境局,六安市裕安区商务局,1
六安市生态环境局,六安市金安区交通运输局,1
六安市生态环境局,六安市长安南路市环境保护局,1
六安市生态环境局,原裕安区环境保护局,1
六安市生态环境局,安徽六安高新技术产业开发区生态环境工作站,1
六安市生态环境局,安徽省林业局,1
六安市生态环境局,池州市生态环境局,1
六安市生态环境局,金寨县行政审批局,1
六安市生态环境局,霍山县水务局,1
六安市生态环境局,霍邱县交通运输局,1
六安市生态环境局,霍邱县经济和信息化局,1
六安市舒城县生态环境分局,舒城县桃溪东路生态环境分局,1
六安市舒城县生态环境分局,葫芦岛市生态环境局南票分局,1
六安市裕安区文化和旅游局,六安市裕安区生态环境分局,1
六安市裕安区生态环境分局,六安市水利局,1
六安市裕安区生态环境分局,六安市裕安区文化和旅游局,1
六安市裕安区生态环境分局,六安市金安区生态环境分局,1
六安市裕安区生态环境分局,合肥市庐江县生态环境分局,1
六安市裕安区生态环境分局,安区生态环境分局,1
六安市裕安区生态环境分局,襄阳市生态环境局襄州分局,1
六安市裕安区生态环境分局,襄阳市襄州区环境保护局,1
六安市金安区环境分局,六安市金安区生态环境分局,1
六安市金安区生态环境分局,中华人民共和国生态环境部,1
六安市金安区生态环境分局,六安市金安区自然资源和规划局,1
六安市金安区生态环境分局,安徽六安金安经济开发区生态环境工作站,1
六安市金安区生态环境分局,安徽省环境保护厅,1
六安市金寨县环境分局,六安市金寨县生态环境分局,1
六安市金寨县生态环境分局,安市金寨县生态环境分局,1
六安市霍邱县生态环境分局,丽水市生态环境局缙云分局,1
六安市霍邱县生态环境分局,六安市人民政府,1
六安市霍邱县生态环境分局,关镇卧阳路北段生态环境分局,1
六安市霍邱县生态环境分局,安市商务局,1
六安市霍邱县生态环境分局,安市霍邱县生态环境分局,1
六安市霍邱县生态环境分局,安徽省生态环境厅,1
六安市霍邱县生态环境分局,阜阳市颍泉区生态环境分局,1
六安市霍邱县生态环境分局,霍邱县卫生健康委员会,1
六安市霍邱县生态环境分局,霍邱县城乡规划中心,1
六安市霍邱县生态环境分局,霍邱县经济和信息局,1
六安市霍邱县生态环境分局,霍邱县自然资源和规划局,1
六安经济技术开发区生态环境分局,六安市开发区生态环境分局,1
六安经济技术开发区生态环境分局,六安开发区管委,1
六安经济技术开发区生态环境分局,六安经济技术开发区管理委员会政务服务管理局,1
六安经济技术开发区管理委员会,六安经济技术开发区生态环境分局,1
六安经济技术开发区管理委员会,六安经济技术开发区管理委员会政务服务管理局,1
六安经济技术开发区管理委员会政务服务管理局,六安经济技术开发区生态环境分局,1
六安经济技术开发区管理委员会政务服务管理局,六安经济技术开发区管理委员会,1
冠麒建材环评环保局,亳州市蒙城县生态环境分局,1
利辛县环境保护局,亳州市公路管理局利辛分局,1
利辛县环境保护局,利辛县环境环保局,1
利辛县环境保护局,路利辛县环保局,1
利辛县自然资源和规划局,利辛县环境保护局,1
北市杜集区生态环境分局,淮北市杜集区环境保护局,1
北市烈山区生态环境分局,淮北市烈山区生态环境分局,1
南经济技术开发区生态环境分局,淮南市生态环境局,1
南陵县市民服务中心生态环境窗口,安徽省芜湖市南陵县人民政府,1
南陵县市民服务中心生态环境窗口,芜湖市生态环境局,1
南陵县水务局,芜湖市南陵县生态环境分局,1
原铜陵市环保局,铜陵市生态环境局,1
县政务服务中心生态环境分局窗口,阜阳市生态环境局,1
合肥市包河区生态环境分局,合肥市城乡建设局,1
合肥市包河区生态环境分局,宣城市泾县生态环境分局,1
合肥市双凤开发区管委会环保局,合肥市生态环境局,1
合肥市双凤开发区管委会环保局,长丰县政务服务中心县生态环境分局,1
合肥市安徽巢湖经开区生态环境分局,合肥市安徽巢湖经济开发区生态环境分局,1
合肥市安徽巢湖经开区生态环境分局,合肥市巢湖市生态环境分局,1
合肥市巢湖市生态环境分局,合肥市安徽巢湖经开区生态环境分局,1
合肥市巢湖市生态环境分局,巢湖市政务服务管理局生态环境分局,1
合肥市巢湖市生态环境分局,巢湖市行政服务中心,1
合肥市巢湖市生态环境分局,驻巢湖市政务服务管理局生态环境分局窗口,1
合肥市庐江县生态环境分局,六安市生态环境局,1
合肥市庐江县生态环境分局,六安市裕安区生态环境分局,1
合肥市庐江县生态环境分局,合肥市生态环境局庐江县分局,1
合肥市庐江县生态环境分局,合肥市生态环境局行政服务中心环保分局,1
合肥市庐江县生态环境分局,庐江县住房和城乡建设局,1
合肥市庐江县生态环境分局,庐江县经济和信息化局,1
合肥市庐江县生态环境分局,庐江县行政服务中心生态环境局,1
合肥市庐江县生态环境分局,白湖监狱管理分局,1
合肥市庐江县生态环境分局,行政服务中心生态环境分局,1
合肥市新站区政务服务中心A区工程建设类综合窗口,合肥市新站高新技术产业开发区生态环境分局,1
合肥市新站高新技术产业开发区生态环境分局,合肥市新站区政务服务中心A区工程建设类综合窗口,1
合肥市新站高新技术产业开发区生态环境分局,高新区环保分局,1
合肥市林业和园林局,合肥市生态环境局,1
合肥市环保局辐射处,合肥市生态环境局,1
合肥市环境保护局高新技术产业开发区分局,合肥市高新技术产业开发区生态环境分局,1
合肥市生态环境局,合肥市包河区农林水务局,1
合肥市生态环境局,合肥市庐阳区住房和城乡建设局,1
合肥市生态环境局,合肥市庐阳区卫生健康委员会,1
合肥市生态环境局,合肥市政务服务管理局,1
合肥市生态环境局,合肥市瑶海区重点工程建设管理中心,1
合肥市生态环境局,合肥市生态环境局辐射固体处,1
合肥市生态环境局,合肥市蜀山区住房和城乡建设局,1
合肥市生态环境局,合肥市行政服务中心环保局窗口,1
合肥市生态环境局,合肥新站区环保分局,1
合肥市生态环境局,合肥经济技术开发区管理委员会,1
合肥市生态环境局,合肥高新区环保分局,1
合肥市生态环境局,新站高新区生态环境分局,1
合肥市生态环境局,肥东县水务局,1
合肥市生态环境局,肥东县行政服务中心投资项目综合受理区生态环境分局窗口,1
合肥市生态环境局,肥西县政务服务中心环保局,1
合肥市生态环境局,肥西县政务服务中心生态环境分局,1
合肥市生态环境局,肥西县行政服务中心环保局,1
合肥市生态环境局,长丰县城市管理局,1
合肥市生态环境局,长丰县水湖镇长丰县环保局,1
合肥市生态环境局经开区分局,合肥市经济技术开发区生态环境分局,1
合肥市生态环境局经济开发区分局,合肥市经济技术开发区生态环境分局,1
合肥市生态环境局蜀山分局,合肥市蜀山区生态环境分局,1
合肥市生态环境局行政服务中心环保分局,合肥市生态环境局,1
合肥市生态环境局行政服务中心环保分局,合肥市长丰县生态环境分局,1
合肥市经济技术开发区生态环境分局,合肥市生态环境局,1
合肥市经济技术开发区生态环境分局,合肥市生态环境局经济开发区分局,1
合肥市经济技术开发区生态环境分局,合肥经济技术开发区政务服务中心,1
合肥市肥东县生态环境分局,东县行政服务中心投资项目综合受理区生态环境分局,1
合肥市肥东县生态环境分局,淮南市寿县生态环境分局,1
合肥市肥东县生态环境分局,理区生态环境分局,1
合肥市肥东县生态环境分局,肥东县生态环境分局,1
合肥市肥东县生态环境分局,肥东县经济和信息化局,1
合肥市肥东县生态环境分局,肥东县行政服务中心,1
合肥市肥西县生态环境分局,合肥市交通运输局,1
合肥市肥西县生态环境分局,合肥市经济技术开发区生态环境分局,1
合肥市肥西县生态环境分局,合肥市肥东县生态环境分局,1
合肥市肥西县生态环境分局,合肥市高新技术产业开发区生态环境分局,1
合肥市肥西县生态环境分局,定远县行政服务管理局环境综合窗口,1
合肥市肥西县生态环境分局,淮南市寿县生态环境分局,1
合肥市肥西县生态环境分局,肥西县教育体育局,1
合肥市肥西县生态环境分局,肥西县生态环境局,1
合肥市肥西县生态环境分局,肥西县行政服务中心环保窗口,1
合肥市肥西县生态环境分局,肥西县行政服务中心生态环境分局,1
合肥市肥西县生态环境分局,高新区生态环境分局,1
合肥市蜀山区住房和城乡建设局,合肥市蜀山区生态环境分局,1
合肥市蜀山区生态环境分局,合肥市蜀山区发展和改革委员会,1
合肥市蜀山区生态环境分局生态科,合肥市蜀山区生态环境分局,1
合肥市辰泰环境局,合肥市生态环境局,1
合肥市辰泰环境局,驻合肥市政务服务管理局生态环境窗口,1
合肥市重点工程建设管理局,合肥市生态环境局,1
合肥市重点工程建设管理局,合肥市肥东县生态环境分局,1
合肥市重点工程建设管理局,肥西县行政服务中心环保局,1
合肥市长丰县生态环境分局,务南部中心县生态环境分局,1
合肥市长丰县生态环境分局,合肥市庐江县生态环境分局,1
合肥市长丰县生态环境分局,合肥市生态环境局行政服务中心环保分局,1
合肥市长丰县生态环境分局,管委会环保局,1
合肥市长丰县生态环境分局,长丰县政务服务中心县生,1
合肥市长丰县生态环境分局,长丰县政务服务南部分中心县生态环境分局,1
合肥市长丰县生态环境分局,长丰县教育体育局,1
合肥市长丰县生态环境分局,长丰县自然资源和规划局,1
合肥市高新区生态环境局,合肥市高新技术产业开发区生态环境分局,1
合肥市高新技术产业开发区生态环境分局,合肥市肥西县生态环境分局,1
合肥市高新技术产业开发区生态环境分局,合肥市蜀山区生态环境分局,1
合肥市高新技术产业开发区生态环境分局,高新区环保分局,1
合肥新站高新技术产业开发区经贸发展局,合肥市生态环境局,1
合肥经济技术开发区应急和城市管理局,合肥市经济技术开发区生态环境分局,1
合肥经济技术开发区管理委员会,合肥市经济技术开发区生态环境分局,1
含山县教育局,马鞍山市生态环境局,1
和县住房和城乡建设局,和县环境保护局,1
和县环保局,马鞍山市生态环境局,1
和县环境保护局,和县住房和城乡建设局,1
固镇县城市管理局,固镇县环境保护局,1
固镇县城市管理局,蚌埠市固镇县生态环境分局,1
固镇县环境保护局,固镇县教育体育局,1
埇桥区政务服务中心环保局窗口,宿州市生态环境局埇桥分局,1
城县生态环境分局,六安市生态环境局,1
城市绩溪县生态环境分局,宣城市绩溪县生态环境分局,1
埠市固镇县生态环境分局,固镇县环境保护局,1
埠市固镇县生态环境分局,蚌埠市固镇县生态环境分局,1
太和县发展和改革委员会,阜阳市太和县生态环境分局,1
太和县发展和改革委员会,阜阳市生态环境局,1
太和县大新镇人民政府,阜阳市太和县生态环境分局,1
太和县环境保护局,和县环境保护局,1
太和县经济和信息化局,太和县环境保护局,1
太和县经济和信息化局,阜阳市太和县生态环境分局,1
太和县自然资源与规划局,阜阳市生态环境局,1
宁国市住房和城乡建设局(人民防空办公室),宣城市宁国市生态环境分局,1
宁国市政务服务管理局,宣城市宁国市生态环境分局,1
宁国市环保局中溪分局,宣城市宁国市生态环境分局,1
安区生态环境分局,六安市金安区生态环境分局,1
安区生态环境分局,铜陵市义安区生态环境分局,1
安市金安区环境保护局,六安市金安区环境保护局,1
安市金安区环境保护局,六安市金安区生态环境分局,1
安市金安区生态环境分局,六安市金安区生态环境分局,1
安市霍邱县生态环境分局,六安市生态环境局,1
安市霍邱县生态环境分局,六安市霍邱县生态环境分局,1
安庆市住房和城乡建设局,安庆市宜秀区环境保护局,1
安庆市大观区环境保护局,安庆市环境保护局,1
安庆市大观区环境保护局,庆市大观区环境保护局,1
安庆市岳西县生态环境分局,安庆市生态环境局,1
安庆市怀宁县生态环境分局,中华人民共和国生态环境部,1
安庆市怀宁县生态环境分局,安庆市生态环境局,1
安庆市怀宁县生态环境分局,怀宁县水利局,1
安庆市望江县生态环境分局,望江县自然资源和规划局,1
安庆市桐城市生态环境分局,枣庄市山亭区环境保护局,1
安庆市桐城市生态环境分局,泉州市永春生态环境局,1
安庆市环境保护局,厦门市生态环境局,1
安庆市环境保护局,安庆市太湖县生态环境分局,1
安庆市环境保护局,安庆市宜秀区环境保护局,1
安庆市生态环境局,天长市环境保护局,1
安庆市生态环境局,安庆市交通运输局,1
安庆市生态环境局,安庆市城市管理局,1
安庆市生态环境局,安庆市大观区生态环境分局,1
安庆市生态环境局,安庆市宜秀区环境保护局,1
安庆市生态环境局,安庆经开区行政审批局,1
安庆市生态环境局,安庆高新区环境保护局,1
安庆市生态环境局,安庆高新技术产业开发区环保局,1
安庆市生态环境局,望江县自然资源和规划局,1
安庆市生态环境局,淮河流域水资源保护局,1
安庆市生态环境局,滁州市天长市生态环境分局,1
安庆市迎江区环境保护局,江区生态环境分局,1
安庆市迎江区生态环境分局,安庆市迎江区人民政府,1
安庆市迎江区生态环境分局,安庆市迎江区发展和改革委员会,1
安庆经开区行政审批局,安庆市迎江区生态环境分局,1
安庆经开区行政审批局,安庆经济技术开发区行政审批局,1
安庆高新区环境保护局,安庆市生态环境局,1
安徽临泉经济开发区管理委员会,阜阳市临泉县生态环境分局,1
安徽临泉经济开发区管理委员会,阜阳市生态环境局,1
安徽庐江经济开发区管理委员会,合肥市庐江县生态环境分局,1
安徽新芜经济开发区企业发展服务中心,芜湖市湾沚区生态环境分局,1
安徽新芜经济开发区管理委员会,芜湖市生态环境局,1
安徽枞阳经开区管委会,铜陵市生态环境局,1
安徽枞阳经开区管理委员会,安徽枞阳经济开发区管理委员,1
安徽枞阳经开区管理委员会,铜陵市生态环境局,1
安徽枞阳经济开发区管理委员会,铜陵市生态环境局,1
安徽涡阳经济开发区管理委员会,亳州市涡阳县生态环境分局,1
安徽涡阳经济开发区管理委员会,亳州市生态环境局,1
安徽省九成监狱管理分局,安庆市生态环境局,1
安徽省人民政府,毛集实验区发展改革局,1
安徽省合肥市辰泰环境局,合肥市生态环境局,1
安徽省合肥市辰泰环境局,驻合肥市政务服务管理局生态环境窗口,1
安徽省宣城市广德县经济开发区环保局分局,广德市生态环境局广德县开发区环保分局,1
安徽省宿州市泗县人民政府,宿州市生态环境局,1
安徽省巢湖管理局,合肥市生态环境局,1
安徽省巢湖管理局,驻合肥市政务服务管理局生态环境窗口,1
安徽省生态环境厅,安徽省环境保护厅,1
安徽省生态环境厅,安徽省生态环境厅会同河南省生态环境厅,1
安徽省生态环境厅,安徽金安矿业有限公司,1
安徽省生态环境厅,宣城市宁国市生态环境分局,1
安徽省生态环境厅,池州市国土资源和房产管理局,1
安徽省生态环境厅,淮北市濉溪县生态环境分局,1
安徽省生态环境厅,淮北市生态环境局,1
安徽省生态环境厅,省环境工程评估中心,1
安徽省生态环境厅,繁昌县环境保护局,1
安徽省生态环境厅,绩溪县教育体育局,1
安徽省生态环境厅,肥东县自然资源和规划局,1
安徽省生态环境厅,芜湖市税务局,1
安徽省生态环境厅,阜阳市太和县生态环境分局,1
安徽省生态环境厅,阜阳市生态环境局,1
安徽省生态环境厅,马鞍山市自然资源和规划局,1
安徽省芜湖市南陵县人民政府,南陵县市民服务中心生态环境窗口,1
安徽省芜湖市南陵县人民政府,芜湖市生态环境局,1
安徽省芜湖市鸠江区人民政府,驻市民服务中心生态环境窗口,1
安徽省阜阳市太和县人民政府,阜阳市太和县生态环境分局,1
安徽自贸试验区蚌埠片区改革创新局,蚌埠高新区(安徽自贸试验区蚌埠片区)改革创新局,1
安徽自贸试验区蚌埠片区改革创新局,蚌埠高新区改革创新局,1
安徽自贸试验区蚌埠片区改革创新局,高新区生态环境保护综合行政执法大队,1
安徽自贸试验区蚌埠片区改革创新局,高新区生态环境分局,1
安徽蓝之源安全环境科技有限公司,宿州市生态环境局,1
安徽阜阳经济开发区管理委员会,阜阳市颍州区生态环境分局,1
安徽阜阳经济开发区管理委员会,阜阳经济开发区生态环境局,1
安徽阜阳经济开发区管理委员会,阜阳经济开发区经济科技发展局,1
安徽阜阳经济开发区管理委员会,阜阳经济科技发展局,1
定远县政务服务管理局环境综合窗口,滁州市定远县生态环境分局,1
定远县自然资源和规划局(定远县林业局),滁州市定远县生态环境分局,1
宣城市宁国市生态环境分局,中溪分局,1
宣城市宁国市生态环境分局,国市环保局,1
宣城市宁国市生态环境分局,宁国宁国市政务服务管理局,1
宣城市宁国市生态环境分局,宁国市交通运输局,1
宣城市宁国市生态环境分局,宁国市林业局,1
宣城市宁国市生态环境分局,宁国市环保局中溪分局,1
宣城市宁国市生态环境分局,宁国市青龙湾原生态旅游度假区管理委员会,1
宣城市宁国市生态环境分局,宿州市灵璧县生态环境分局,1
宣城市宁国市生态环境分局,宿州市生态环境局,1
宣城市宣州区水利局,宣城市宣州区生态环境分局,1
宣城市宣州区生态环境分局,宣城市宣州区自然资源和规划局,1
宣城市市政工程建设管理处,宣城市生态环境局,1
宣城市广德县环保局,宣城市广德市生态环境分局,1
宣城市广德市生态环境分局,安徽省宣城市广德县经济开发区环保局分局,1
宣城市广德市生态环境分局,安徽省广德县环保局,1
宣城市广德市生态环境分局,安徽省广德县经济开发区环保局分局,1
宣城市广德市生态环境分局,宣城市生态环境广德市分局,1
宣城市广德市生态环境分局,广德市水利局,1
宣城市广德市生态环境分局,广德市生态环境局广德县环保局开发区分局,1
宣城市广德市生态环境分局,广德经开区经发局,1
宣城市广德市生态环境分局,广德经开区经贸发展局,1
宣城市广德市生态环境分局,铜陵市义安区生态环境分局,1
宣城市政务服务中心市生态环境局窗口,宣城市生态环境局,1
宣城市旌德县生态环境分局,宣城市水利局,1
宣城市旌德县生态环境分局,旌德县农水局,1
宣城市泾县生态环境分局,贺村东路泾县生态环境分局,1
宣城市生态环境保护综合行政执法支队旌德县大队,宣城市旌德县生态环境分局,1
宣城市生态环境局,城市宣州区生态环境分局,1
宣城市生态环境局,宣城市交通运输局,1
宣城市生态环境局,宣城市宣州区水利局,1
宣城市生态环境局,宣城市宣州区自然资源和规划局,1
宣城市生态环境局,宣城市市政工程建设管理处,1
宣城市生态环境局,宣城市广德县环保局,1
宣城市生态环境局,宣城市政务服务中心市生态环境局窗口,1
宣城市生态环境局,宣城市生态环境局经开区分局,1
宣城市生态环境局,宣城市经济和信息化局,1
宣城市生态环境局,广德经济开发区经发局,1
宣城市生态环境局,廊坊市生态环境局,1
宣城市生态环境局,抚顺市生态环境局,1
宣城市生态环境局,抚顺市生态环境局顺城区分局,1
宣城市生态环境局,昆明市生态环境局,1
宣城市生态环境局,杭州市生态环境局滨江分局,1
宣城市生态环境局,江苏省生态环境厅,1
宣城市生态环境局,江西省环境保护厅,1
宣城市生态环境局,沈阳市生态环境局,1
宣城市生态环境局,泉州市生态环境局,1
宣城市生态环境局,泾县贺村东路泾县环境保护局,1
宣城市生态环境局,舟山市生态环境局岱山分局,1
宣城市生态环境局,达州市生态环境局,1
宣城市生态环境局,郎溪县交通运输局,1
宣城市生态环境局,郎溪县环境保护局,1
宣城市生态环境局,重庆市生态环境局,1
宣城市生态环境局经开区分局,宣城市生态环境局,1
宣城市生态环境广德市分局,宣城市广德市生态环境分局,1
宣城市生态环境广德市分局,广德市经济和信息化局,1
宣城市绩溪县生态环境分局,城市绩溪县生态环境分局,1
宣城市绩溪县生态环境分局,宣城市生态环境局环境分局,1
宣城市绩溪县生态环境分局,绩溪县住房和城乡建设局,1
宣城市绩溪县生态环境分局,绩溪县农业农村局,1
宣城市绩溪县生态环境分局,绩溪县科技商务经济信息化局,1
宣城市郎溪县生态环境分局,安徽省生态环境厅,1
宣城市郎溪县生态环境分局,宣城市广德市生态环境分局,1
宣城市郎溪县生态环境分局,郎溪县教育体育局,1
宣城市郎溪县生态环境分局,郎溪县水利局,1
宣城市郎溪县生态环境分局,郎溪经济开发区管理委员会,1
宣城市郎溪县生态环境分局行政审批科,宣城市郎溪县生态环境分局,1
宿州市埇桥区水利局,宿州市埇桥区生态环境分局,1
宿州市埇桥区环境保护局,宿州市生态环境局,1
宿州市城市管理局,宿州市生态环境局,1
宿州市政务服务中心生态环境局,宿州市埇桥区生态环境分局,1
宿州市政务服务中心生态环境局,宿州市生态环境局埇桥分局,1
宿州市政务服务中心生态环境局,淮北市生态环境局,1
宿州市政务服务中心生态环境局窗口,灵璧县政务服务中心生态环境分局,1
宿州市泗县生态环境分局,安徽省宿州市泗县人民政府,1
宿州市泗县生态环境分局,泗县政务中心企业服务大厅环保窗口,1
宿州市泗县生态环境分局,泗县政务服务中心环保局,1
宿州市灵璧县生态环境分局,灵璧县生态环境部门,1
宿州市生态环境局,安徽省商务局,1
宿州市生态环境局,安徽省生态环境厅,1
宿州市生态环境局,宣城市宁国市生态环境分局,1
宿州市生态环境局,宿州市商务局,1
宿州市生态环境局,宿州市水利局,1
宿州市生态环境局,宿州市生态环境局经济技术开发区分局,1
宿州市生态环境局,宿州市萧县生态环境分局,1
宿州市生态环境局,宿州经济开发区经济与科技局,1
宿州市生态环境局,砀山县行政服务中心砀山县生态环境分局,1
宿州市生态环境局埇桥分局,宿州市政务服务中心生态环境局,1
宿州市生态环境局宿马现代产业园区分局,宿州市生态环境局,1
宿州市生态环境局经济技术开发区分局,宿州市生态环境局,1
宿州市生态环境局经济技术开发区分局,宿州经济技术开发区,1
宿州市生态环境萧县分局,安徽省宿州市萧县经济和信息化局,1
宿州市砀山县生态环境分局,砀山县发展和改革委员会(砀山县粮食和物资储备局),1
宿州市砀山县生态环境分局,砀山县民政局,1
宿州市萧县生态环境分局,宿州市生态环境局,1
山县生态环境分局,宿州市生态环境局,1
山县生态环境分局,滁州市南谯区生态环境分局,1
山县生态环境分局,滁州市生态环境局,1
巢湖市城市管理局,巢湖市行政服务中心环保局,1
巢湖市政务服务中心环保局,巢湖市住房和城乡建设局,1
巢湖市政务服务中心环保局窗口,合肥市巢湖市生态环境分局,1
巢湖市政务服务管理局环保,合肥市巢湖市生态环境分局,1
巢湖市政务服务管理局环保,巢湖市交通运输局,1
巢湖市政务服务管理局环保局窗口,巢湖市交通运输局,1
巢湖市政务服务管理局环保局窗口,巢湖市政务服务管理局环保,1
巢湖市政务服务管理局环保窗口,合肥市生态环境局,1
巢湖市政务服务管理局环保窗口,巢湖市政务服务管理局环保,1
巢湖市行政服务中心,巢湖市政务服务管理局环保,1
巢湖市行政服务中心,巢湖市政务服务管理局环保窗口,1
巢湖市重点工程建设管理中心,合肥市巢湖市生态环境分局,1
市政务服务中心生态环境局窗口,阜阳市颍上县生态环境分局,1
市环保局环境影响评价管理科,铜陵狮子山高新技术产业开发区管理委员会(已注销),1
广德县环保局开发区分局,宣城市广德市生态环境分局,1
广德市发展和改革委员会,宣城市广德县环保局,1
广德市水利局,宣城市广德市生态环境分局,1
广德市水利局,广德市自然资源和规划局,1
广德市生态环境局广德县环保局开发区分局,宣城市广德市生态环境分局,1
广德市生态环境局广德县经济开发区环保分局,宣城市广德市生态环境分局,1
广德市经济和信息化局,宣城市广德市生态环境分局,1
广德市经济和信息化局,宣城市生态环境广德市分局,1
广德经开区经发局,宣城市广德市生态环境分局,1
广德经济开发区经发局,宣城市广德市生态环境分局,1
庆市大观区环境保护局,安庆市大观区环境保护局,1
庐江县交通运输局,庐江县教育局,1
庐江县交通运输局,庐江县行政服务中心环保局,1
庐江县住房与城乡建设局,合肥市庐江县生态环境分局,1
庐江县住房和城乡建设局,合肥市庐江县生态环境分局,1
庐江县教育体育局,合肥市庐江县生态环境分局,1
庐江县教育体育局,庐江县行政服务中心环保局,1
庐江县水务局,合肥市生态环境局,1
庐江县水务局,庐江县行政服务中心环保局窗口,1
庐江县行政服务中心生态环境分局,合肥市庐江县生态环境分局,1
开发区安环局,铜陵经开区经济发展局,1
开发区管委会环保局,合肥市长丰县生态环境分局,1
当涂县住房和城乡建设局,马鞍山市生态环境局,1
当涂县城市管理局,马鞍山市生态环境局,1
当涂县环保局,当涂县交通运输局,1
当涂县环保局,马鞍山慈湖高新技术产业开发区生态环境分局,1
徐州市丰县生态环境局,合肥市长丰县生态环境分局,1
心县生态环境分局,合肥市长丰县生态环境分局,1
怀宁县环境保护局,安庆市生态环境局,1
怀远县政务中心生态环境局,蚌埠市怀远县生态环境分局,1
怀远县政务中心生态环境局,蚌埠市生态环境局,1
怀远县政务服务中心生态环境局窗口,怀远县政务中心生态环境局,1
慈湖高新区环保局,马鞍山市生态环境局,1
慈湖高新区环保局,马鞍山慈湖高新技术产业开发区生态环境分局,1
政务服务中心生态环境分局,无为县环境保护局,1
无为县无城镇幸福路环保局,芜湖市无为市生态环境分局,1
日喀则市环境保护局,六安市生态环境局,1
日喀则市环境保护局,安徽省环境保护厅,1
日喀则市环境保护局,马鞍山市生态环境局,1
明光市交通运输局,明光市行政服务中心环保,1
明光市交通运输局,滁州市明光市生态环境分局,1
明光市城市管理行政执法局,滁州市明光市生态环境分局,1
明光市环境保护局,生态环境部门,1
明光市行政服务中心,明光市环境保护局,1
明光市行政服务中心,滁州市明光市生态环境分局,1
明光市行政服务中心环保窗口,滁州市生态环境局,1
来安县政务服务中心环保局,来安县环境保护局,1
来安县政务服务中心生态分局,滁州市生态环境局,1
来安县政务服务中心生态环境分局,来安县环境保护局,1
来安县汊河政务服务中心环保局,滁州市生态环境局,1
来安县汊河政务服务中心生态环境分局,滁州市来安县生态环境分局,1
来安县汊河政务服务中心生态环境局,汊河政务服务中心生态环境分局,1
枞阳经济开发区建设和生态环境局,铜陵市枞阳县生态环境分局,1
桐城市环境保护局,安庆市生态环境局,1
桐城市环境保护局,枣庄市山亭区环境保护局,1
桐城市环境保护局,潍坊市生态环境局昌乐分局,1
民航安徽空管分局,安徽省生态环境厅,1
江南产业集中区生态环境局,池州市生态环境局,1
池州市东至县生态环境分局,池州市东至县胜利镇,1
池州市东至县生态环境分局,池州经济技术开发区生态环境局,1
池州市民政局,池州市生态环境局,1
池州市民政局,池州市贵池区生态环境分局,1
池州市民政局,环保窗口,1
池州市环保窗口,池州市生态环境局,1
池州市生态环境局,中华人民共和国生态环境部,1
池州市生态环境局,八楼县环保局,1
池州市生态环境局,八楼县生态环境分局,1
池州市生态环境局,六安市生态环境局,1
池州市生态环境局,原池州市环境保护局,1
池州市生态环境局,安徽青阳经济开发区管理委员会,1
池州市生态环境局,池州市住房和城乡建设局,1
池州市生态环境局,池州市环保窗口,1
池州市生态环境局,池州市石台县生态环境分局,1
池州市生态环境局,池州市经济技术开发区经贸发展局,1
池州市生态环境局,池州市自然资源和规划局,1
池州市生态环境局,池州市贵池区政务服务中心环保局,1
池州市生态环境局,池州市贵池区经济和信息化局,1
池州市生态环境局,池州经济开发区管理委员会经贸发展局,1
池州市生态环境局,池州经济技术开发区管理委员会经贸发展局,1
池州市生态环境局,缙云县环境保护局,1
池州市生态环境局,蚌埠市生态环境局,1
池州市生态环境局,青阳县住房和城乡建设局,1
池州市生态环境局,青阳县地方公路管理局,1
池州市生态环境局,青阳县教育局,1
池州市生态环境局直属园区分局,池州市环境保护局江南产业集中区分局,1
池州市生态环境局直属园区分局,池州市贵池区生态环境分局,1
池州市生态环境局直属园区分局,经开区生态环境局,1
池州市贵池区水利局,池州市贵池区生态环境分局,1
池州市贵池区环境保护局,池州市住房和城乡建设局,1
池州市贵池区环境保护局,池州市民政局,1
池州市贵池区生态环境分局,池州市贵池区水利局,1
池州市贵池区生态环境分局,皖江江南新兴产业集中区生态环境局,1
池州市青阳县生态环境分局,池州市经济和信息化局,1
池州市青阳县生态环境分局,池州市青青阳县生态环境分局,1
池州经济技术开发区生态环境局,经开区生态环境局,1
泾县环境保护局,宣城市泾县生态环境分局,1
泾县环境保护局,泾县国土资源局,1
泾县贺村东路泾县环境保护局,南陵县环境保护局,1
泾县贺村东路泾县环境保护局,安徽省生态环境厅,1
泾县贺村东路泾县环境保护局,泾县国土资源局,1
泾县贺村东路泾县生态环境分局,贺村东路泾县生态环境分局,1
涡阳县环境保护局,涡阳县环境保护局项目管理股,1
涡阳县环境分局,亳州市生态环境局,1
淮北市杜集区农业农村水利局,淮北市杜集区生态环境分局,1
淮北市杜集区环境保护局,淮北市杜集区教育局,1
淮北市杜集区环境保护局,淮北市杜集区经济和信息化局,1
淮北市杜集区生态环境分局,原淮北市环保局,1
淮北市杜集区生态环境分局,淮北市杜集区人民政府办公室,1
淮北市杜集区生态环境分局,淮北市杜集区生态环境分局局,1
淮北市杜集区生态环境分局,淮北市生态环境局杜集分局,1
淮北市杜集区生态环境分局,淮北市生态环境局杜集区分局,1
淮北市濉溪县生态环境分局,濉溪县人民政府,1
淮北市濉溪县生态环境分局,濉溪县生态环境分局窗口,1
淮北市烈山区教育局,淮北市烈山区生态环境分局,1
淮北市烈山区生态环境分局,淮北市高新区生态环境分局,1
淮北市烈山区生态环境分局,淮北高新技术产业开发区生态环境分局,1
淮北市烈山区生态环境分局,烈山区人民政府办公室,1
淮北市环境保护局经济开发区分局,淮北市高新区生态环境分局,1
淮北市生态环境局,原淮北市环保局,1
淮北市生态环境局,安徽(淮北)新型煤化工合成材料基地生态环境分局,1
淮北市生态环境局,宿州市政务服务中心生态环境局,1
淮北市生态环境局,宿州市生态环境局,1
淮北市生态环境局,淮北市相山区经济和信息化局,1
淮北市生态环境局,淮北市重点工程建设管理处,1
淮北市生态环境局,淮北高新技术产业开发区生态环境分局,1
淮北市生态环境局,濉溪县人民政府办公室(县政府外事办公室),1
淮北市生态环境局,贺州市富川生态环境局,1
淮北市相山区生态环境分局,淮北市相山区工业和信息化局,1
淮北高新技术产业开发区生态环境分局,淮北市烈山区生态环境分局,1
淮北高新技术产业开发区生态环境分局,淮北市环境保护局经济开发区分局,1
淮北高新技术产业开发区生态环境分局,淮北经开区经济发展计划局,1
淮北高新技术产业开发区生态环境分局,淮北高新区管理委员会经济发展局,1
淮北高新技术产业开发区生态环境分局,淮北高新技术产业开发区,1
淮南市八公山区生态环境分局,淮南市生态环境局八公山区分局,1
淮南市八公山区科技经济信息化局,淮南市八公山区生态环境分局,1
淮南市八公山区科技经济信息化局,淮南市生态环境局,1
淮南市凤台县生态环境分局,凤台县水利局,1
淮南市寿县生态环境分局,全国建设项目环境影响评价管理信息平台,1
淮南市寿县生态环境分局,原寿县环境保护局,1
淮南市寿县生态环境分局,合肥市庐阳区生态环境分局,1
淮南市寿县生态环境分局,合肥市生态环境局,1
淮南市寿县生态环境分局,合肥市肥东县生态环境分局,1
淮南市寿县生态环境分局,合肥市肥西县生态环境分局,1
淮南市寿县生态环境分局,新桥国际产业园分中心生态环境局,1
淮南市潘集区生态环境分局,北京市绿化隔离地区基础设施开发建设有限公司,1
淮南市潘集区生态环境分局,淮南市交通运输局,1
淮南市潘集区生态环境分局,淮南市潘集区交通运输局,1
淮南市环保局经济开发区分局,淮南经济技术开发区生态环境分局,1
淮南市生态环境局,八公山步行街八公山生态环境分局,1
淮南市生态环境局,淮南市交通运输局,1
淮南市生态环境局,淮南市发展和改革委员会,1
淮南市生态环境局,淮南市大通区发展和改革委员会,1
淮南市生态环境局,淮南市毛集实验区发展改革局,1
淮南市生态环境局,淮南市环保局经济开发区分局,1
淮南市生态环境局,淮南市经济开发区生态环境分局,1
淮南市生态环境局,淮南高新区管委会,1
淮南市生态环境局,高新区环保局,1
淮南市谢家集区生态环境分局,政府谢家集区生态环境分局,1
淮南市谢家集区生态环境分局,淮南市谢家集区人民政府谢家集区生态环境分局,1
淮河流域水资源保护局,黄山市黄山区环境保护局,1
淮河流域水资源保护局,黄山市黄山区生态环境分局,1
湾沚区企业发展服务中心,湾沚区企业发展服务中心生态环境窗口,1
湾沚区企业发展服务中心,芜湖市生态环境局,1
滁州市全椒县生态环境分局,滁州市全椒县生态环境分局分局,1
滁州市全椒县生态环境分局,滁州市来安县生态环境分局,1
滁州市凤阳县生态环境分局,南谯区生态环境局,1
滁州市凤阳县生态环境分局,滁州市凤阳县环境保护局淮滨新区分局,1
滁州市天长市生态环境分局,滁州市生态环境局,1
滁州市定远县生态环境分局,定远县生态生态环境分局,1
滁州市定远县生态环境分局,定远县自然资源和规划局(定远县林业局),1
滁州市定远县生态环境分局,定远县行政服务管理局环境综合,1
滁州市定远县生态环境分局,蚌埠市怀远县生态环境分局,1
滁州市数据资源管理局(市政务服务管理局),滁州市定远县生态环境分局,1
滁州市明光市生态环境分局,安徽明光经济开发区管理委员会,1
滁州市明光市生态环境分局,芜湖市生态环境局,1
滁州市来安县生态环境分局,亳州市利辛县生态环境分局,1
滁州市来安县生态环境分局,安县政务服务中心生态环境分局,1
滁州市来安县生态环境分局,来安县汊河政务服务中心生态环境局,1
滁州市来安县生态环境分局,来安县经济和信息化局,1
滁州市来安县生态环境分局,汊河政务服务中心生态环境分局窗口,1
滁州市来安县生态环境分局,滁州市环保局南谯分局,1
滁州市生态环境局,中新苏滁高新技术产业开发区建设房产局,1
滁州市生态环境局,全椒县经济和信息化局,1
滁州市生态环境局,天长江顺精密机械科技有限公司,1
滁州市生态环境局,安徽全椒经济开发区管理委员会,1
滁州市生态环境局,安徽滁州经济技术开发区投资合作促进局,1
滁州市生态环境局,定远县政府新区行政服务中心生态环境窗口,1
滁州市生态环境局,明光市态环境分局,1
滁州市生态环境局,明光市行政服务中心环保窗口,1
滁州市生态环境局,滁州市城市管理行政执法局(市城市管理局),1
滁州市生态环境局,滁州市数据资源管理局(市政务服务管理局),1
滁州市生态环境局,滁州市环保局琅琊分局,1
滁州市生态环境局,滁州市生态环保局,1
滁州市生态环境局,滁州市生态环境保护综合行政执法支队和琅琊区生态环境分局,1
滁州市生态环境局,滁州市生态环境局南谯分局,1
滁州市生态环境局,滁州市生态环境局开发区分局,1
滁州市生态环境局,滁州市经济和信息化局,1
滁州市生态环境局,滁州市苏滁现代产业园建设房产环保局,1
滁州市生态环境局,滁州市行政审批服务科,1
滁州市生态环境局,滁州高新技术产业开发区管理委员会,1
滁州市生态环境局,琅琊生态环境公局,1
滁州市生态环境局辐射安全监管科,滁州市生态环境局,1
滁州市行政审批服务科,滁州市生态环境局,1
滁州市行政服务中心环保局,安徽省生态环境厅,1
滁州市行政服务中心环保局窗口,滁州市生态环境局,1
滁州市行政服务中心生态环境局窗口,滁州市琅琊区生态环境分局,1
濉溪县生态环境分局窗口,淮北市生态环境局,1
濉溪县行政服务大厅环保局,淮北市濉溪县生态环境分局,1
灵璧县住房和城乡建设局,宿州市灵璧县生态环境分局,1
狮子山高新区应急与生态环境局,铜陵狮子山高新技术产业开发区管理委员会(已注销),1
环保窗口,池州市生态环境局直属园区分局,1
生态环境分局,六安市霍山县生态环境分局,1
生态环境分局,合肥市经济技术开发区生态环境分局,1
生态环境分局,界首市环境保护局,1
生态环境分局,阜阳市界首市生态环境分局,1
生态环境局,池州经济技术开发区生态环境局,1
生态环境部门,蚌埠市怀远县生态环境分局,1
界首市民中心生态环境分局,界首市环境保护局,1
界首市环境保护局,市行政审批局生态环境分局,1
界首市环境保护局,生态环境分局,1
界首市环境保护局,界首市行政审批局生态环境分局,1
界首市行政审批局,界首市行政审批局生态环境分局,1
界首市行政审批局,阜阳市界首市生态环境分局,1
皖江江南新兴产业集中区生态环境局,池州市贵池区环保窗口,1
皖江江南新兴产业集中区生态环境局,池州市贵池区生态环境分局,1
石台县文化和旅游局,池州市生态环境局,1
石台县文化和旅游局,石台县环境保护局,1
石台县环境保护局,池州市贵池区生态环境分局,1
石台县环境保护局,石台县市场监督管理局,1
石台县环境保护局,石台县文化和旅游局,1
管委会生态环境局,淮南市生态环境局,1
繁昌县行政服务中心环保局,繁昌县环境保护局,1
繁昌县行政服务中心环保局,芜湖市生态环境局,1
经开区安环局,铜陵市生态环境局,1
经开区生态环境分局,信成大厦五楼生态环境分局,1
经开区生态环境分局,蚌埠市经济开发区生态环境分局,1
经开区生态环境局,池州市生态环境局,1
绩溪县交通运输局,宣城市绩溪县生态环境分局,1
绩溪县住房和城乡建设局,宣城市绩溪县生态环境分局,1
绩溪县水务局,绩溪县环境保护局,1
绩溪县环境保护局,绩溪县水务局,1
缙云县环境保护局,池州市生态环境局,1
肥东县生态环境分局,合肥市肥东县生态环境分局,1
肥东县行政服务中心环保局,肥东县行政服务中心投资项目综合受理区生态环境分局,1
肥市庐江县生态环境分局,合肥市庐江县生态环境分局,1
肥市庐江县生态环境分局,合肥市生态环境局,1
肥西县人民政府,肥西县政务服务中心生态环境分局,1
肥西县住房和城乡建设局,肥西县政务服务中心环保局,1
肥西县政务服务中心生态环境分局,肥西县人民政府,1
肥西县教育体育局,肥西县行政服务中心环保局,1
肥西县行政服务中心生态环境分局,合肥市高新技术产业开发区生态环境分局,1
肥西县行政服务中心生态环境分局,高新区生态环境分局,1
舒城县桃溪路生态环境分局,舒城县自然资源和规划局,1
芜湖县环境保护局,芜湖县发展和改革委员会,1
芜湖县环境保护局,芜湖市湾沚区经济和信息化局,1
芜湖市住房和城乡建设局,芜湖市生态环境局,1
芜湖市南陵县生态环境分局,中华人民共和国生态环境部,1
芜湖市南陵县生态环境分局,南陵县经济和信息化局,1
芜湖市南陵县生态环境分局,铜陵市义安区生态环境分局,1
芜湖市弋江区教育局,芜湖市生态环境局,1
芜湖市水务局,芜湖市生态环境局,1
芜湖市湾沚区人民政府,芜湖市湾沚区生态环境分局,1
芜湖市湾沚区水务局,芜湖市湾沚区生态环境分局,1
芜湖市湾沚区生态环境分局,伊川县环境保护局,1
芜湖市湾沚区生态环境分局,洛阳市生态环境局,1
芜湖市湾沚区生态环境分局,洛阳市生态环境局伊川分局,1
芜湖市湾沚区生态环境分局,洛阳市生态环境局老城分局,1
芜湖市湾沚区生态环境分局,经济技术开发区生态环境局,1
芜湖市湾沚区生态环境分局,芜湖市湾沚区教育局,1
芜湖市湾沚区生态环境分局,芜湖市镜湖区生态环境分局,1
芜湖市环境保护局,芜湖市繁昌区生态环境分局,1
芜湖市生态环境局,中华人民共和国生态环境部,1
芜湖市生态环境局,伊川县环境保护局,1
芜湖市生态环境局,南陵县市民服务中心生态环境窗口,1
芜湖市生态环境局,南陵县环境保护局,1
芜湖市生态环境局,安徽省繁昌经济开发区管理委员会,1
芜湖市生态环境局,安徽省芜湖市繁昌县人民政府,1
芜湖市生态环境局,安徽省芜湖市芜湖县重点局,1
芜湖市生态环境局,江北新兴产业集中区生态环境分局,1
芜湖市生态环境局,江区生态环境分局,1
芜湖市生态环境局,洛阳市生态环境局,1
芜湖市生态环境局,洛阳市生态环境局伊川分局,1
芜湖市生态环境局,洛阳市生态环境局老城分局,1
芜湖市生态环境局,湾沚区生态环境,1
芜湖市生态环境局,湾沚区行政审批局,1
芜湖市生态环境局,经济技术开发区生态环境局,1
芜湖市生态环境局,芜湖市南陵县发展和改革委员会,1
芜湖市生态环境局,芜湖市弋江区教育局,1
芜湖市生态环境局,芜湖市湾沚区行政审批局,1
芜湖市生态环境局,芜湖市生态环境部,1
芜湖市生态环境局,芜湖市繁昌县环保局,1
芜湖市生态环境局,芜湖市自然资源和规划局,1
芜湖市生态环境局,芜湖市行政审批局,1
芜湖市生态环境局,芜湖海螺水泥有限公司,1
芜湖市生态环境局,行政审批科,1
芜湖市生态环境局,防城港市大数据和行政审批局,1
芜湖市生态环境局,驻芜湖市生态环境局,1
芜湖市生态环境局湾沚区生态环境分局,芜湖市湾沚区人民政府,1
芜湖市生态环境局湾沚区生态环境分局,芜湖市湾沚区生态环境分局,1
芜湖市生态环境局湾沚区生态环境分局,芜湖市生态环境局,1
芜湖市繁昌区生态环境分局,芜湖市环境保护局,1
芜湖市繁昌区生态环境分局,芜湖市繁昌县环保局,1
芜湖市芜湖县生态环境分局,芜湖市湾沚区生态环境分局,1
芜湖市镜湖区农业农村水务局,芜湖市生态环境局,1
芜湖市镜湖区生态环境分局,安徽省生态环境厅,1
蒙城县环境保护局,亳州市蒙城县生态环境分局,1
蒙城县生态环境分局蒙城县生态环境分局,亳州市生态环境局,1
蒙城县生态环境分局蒙城县生态环境分局,亳州市蒙城县生态环境分局,1
蚌埠市五河县生态环境分局,五河县住房和城乡建设局,1
蚌埠市五河县生态环境分局,五河县生态环境保护综合行政执法大队,1
蚌埠市五河县生态环境分局,五河县自然资源和规划局,1
蚌埠市五河县生态环境分局,蚌埠市淮上区生态环境分局,1
蚌埠市五河县生态环境分局,蚌埠市禹会区生态环境分局,1
蚌埠市固镇县生态环境分局,蚌阜市生态环境局,1
蚌埠市怀远县生态环境分局,生态环境分局窗口,1
蚌埠市怀远县生态环境分局,生态环境部门,1
蚌埠市怀远县生态环境分局,蚌埠市怀远县环境生态分局,1
蚌埠市淮上区生态环境分局,蚌埠市淮上区环保局,1
蚌埠市燕山路管委会高新区生态环境分局,安阳市生态环境局,1
蚌埠市生态环境局,东至县环境保护局,1
蚌埠市生态环境局,固镇县水利局,1
蚌埠市生态环境局,安徽省生态环境厅,1
蚌埠市生态环境局,安徽省蚌埠市重点工程局,1
蚌埠市生态环境局,安徽自贸试验区蚌埠片区改革创新局,1
蚌埠市生态环境局,池州市生态环境局,1
蚌埠市生态环境局,生态环境局行政审批科(监督管理科),1
蚌埠市生态环境局,蚌埠市城乡规划局,1
蚌埠市生态环境局,蚌埠市淮上区文化和旅游局,1
蚌埠市生态环境局,蚌埠市环境生态环境局,1
蚌埠市生态环境局,蚌埠市生态环境局高新区分局,1
蚌埠市生态环境局,蚌埠市蚌山区教育体育局,1
蚌埠市生态环境局,蚌埠经济开发区建设和环保局,1
蚌埠市生态环境局,蚌埠经济开发区社会事业局,1
蚌埠市生态环境局,蚌埠高新区建设和环保局,1
蚌埠市生态环境局,蚌埠高新技术开发区建设和环保局,1
蚌埠市生态环境局,行政审批科生态环境分局,1
蚌埠市生态环境局,馈我局行政审批科生态环境分局,1
蚌埠市生态环境局,高新区生态环境保护综合行政执法大队,1
蚌埠市生态环境局行政审批和营商环境科,蚌埠市生态环境局,1
蚌埠市生态环境局行政审批和营商环境科,蚌埠市龙子湖区生态环境分局,1
蚌埠市禹会区生态环境分局,禹会区科技工业信息化局,1
蚌埠市禹会区生态环境分局,蚌埠市淮上区生态环境分局,1
蚌埠市禹会区生态环境分局,蚌埠市禹会区科技经济信息化局,1
蚌埠市禹会区生态环境分局,蚌埠市高新区生态环境分局,1
蚌埠市经济开发区生态环境分局,蚌埠经济开发区经贸发展局,1
蚌埠市经济技术开发区生态环境分局,蚌埠市生态环境局,1
蚌埠市蚌山区生态环境分局,蚌埠市蚌山区人民政府,1
蚌埠市蚌山区生态环境分局,蚌山区政府生态环境分局,1
蚌埠市高新区建设和环保局,蚌埠市自然资源和规划局(蚌埠市林业局),1
蚌埠市高新区生态环境分局,蚌埠市禹会区生态环境分局,1
蚌埠市高新区生态环境分局,高新区生态环境保护综合行政执法大队,1
蚌埠市龙子湖区生态环境分局,蚌埠市住房和城乡建设局,1
蚌埠市龙子湖区生态环境分局,蚌埠市城乡规划局,1
蚌埠市龙子湖区生态环境分局,蚌埠市生态环境局行政审批和营商环境科,1
蚌埠市龙子湖区生态环境分局,蚌埠市自然资源和规划局(蚌埠市林业局),1
蚌埠市龙子湖区生态环境龙子湖分局,蚌埠市龙子湖区生态环境分局,1
蚌埠高新区(安徽自贸试验区蚌埠片区)改革创新局,蚌埠市生态环境局,1
蚌埠高新区(安徽自贸试验区蚌埠片区)改革创新局,蚌埠高新技术产业开发区管理委员会,1
蚌埠高新区建设和环保局,蚌埠市生态环境局,1
蚌埠高新技术产业开发区管理委员会,亳州高新区生态环境分局,1
蚌埠高新技术产业开发区管理委员会,蚌埠市生态环境局,1
蚌埠高新技术产业开发区管理委员会改革创新局,蚌埠高新技术产业开发区管理委员会,1
蚌山区政府生态环境分局,蚌埠市蚌山区生态环境分局,1
行政服务中心二楼生态环境窗口,无为县环境保护局,1
行政服务中心二楼生态环境窗口,芜湖市无为市生态环境分局,1
行政服务中心环保局,合肥市肥西县生态环境分局,1
行政服务中心环保局,庐江县水务局,1
行政服务中心生态环境分局,合肥市生态环境局,1
西宁市生态环境局,西宁市生态环境局大通县生态环境局,1
西宁市生态环境局大通县生态环境局,西宁市生态环境局,1
路亳州市利辛县生态环境分局,亳州市利辛县生态环境分局,1
路利辛县环保局,亳州市利辛县生态环境分局,1
道生态环境分局,亳州市涡阳县生态环境分局,1
郎溪县交通运输局,宣城市生态环境局,1
郑蒲港新区安全生产和生态环境局,马鞍山市生态环境局,1
郑蒲港新区环保局,马鞍山市郑蒲港新区现代产业园区环保局,1
金寨县教育局,六安市金寨县生态环境分局,1
铜陵市义安区生态环境分局,安区生态环境分局,1
铜陵市义安区生态环境分局,安徽省铜陵市义安区人民政府,1
铜陵市义安区生态环境分局,芜湖市南陵县生态环境分局,1
铜陵市义安区生态环境分局,铜陵市义安区发展和改革委员会,1
铜陵市住房和城乡建设局,铜陵市铜官区生态环境分局,1
铜陵市枞阳县生态环境分局,安徽枞阳经济开发区管委会应急管理和环境保护局,1
铜陵市枞阳县生态环境分局,安徽枞阳经济开发区管理委员会,1
铜陵市枞阳县生态环境分局,枞阳经济开发区建设和生态环境局,1
铜陵市生态环境局,原安徽省环境保护局,1
铜陵市生态环境局,安徽枞阳经开区管委会建设和生态环境局,1
铜陵市生态环境局,安徽枞阳经开区管理委员会,1
铜陵市生态环境局,建设和生态环境局,1
铜陵市生态环境局,开发区环保分局,1
铜陵市生态环境局,开发区管委会,1
铜陵市生态环境局,郊区生态环境局,1
铜陵市生态环境局,铜陵市义安区经济和信息化局,1
铜陵市生态环境局,铜陵市枞阳县生态环境分局,1
铜陵市生态环境局,铜陵经济技术开发区经贸局,1
铜陵市郊区生态环境分局,郊区生态环境局,1
铜陵狮子山高新技术产业开发区管理委员会(已注销),市环保局环境影响评价管理科,1
长丰县政务服务中心南部中心生态环境分局,合肥市长丰县生态环境分局,1
长丰县政务服务南部中心生态环境分局,长丰县政务服务南部中心县生态环境分局窗口,1
长丰县政务服务南部中心生态环境分局窗口,合肥市长丰县生态环境分局,1
长丰县政务服务南部中心生态环境分局窗口,长丰县政务服务南部中心县生态环境分局,1
长丰县政务服务南部分中心县生态环境分局,合肥市生态环境局,1
长丰县政务服务南部分中心县生态环境分局,长丰县政务服务中心县生态环境分局,1
长丰县水湖镇县生态环境分局,长丰县水湖镇长丰县生态环境分局,1
长丰县水湖镇长丰县环保局,合肥市生态环境局,1
长丰县水湖镇长丰县环保局,徐州市丰县生态环境局,1
长丰县水湖镇长丰县生态环境分局,合肥市双凤开发区管委会环保局,1
长丰县水湖镇长丰县生态环境分局,长丰县政务服务中心县生态环境分局,1
长丰县水湖镇长丰县生态环境分局,长丰县水湖镇长丰县环保局,1
长沙市望城区环境保护局,长沙市生态环境局,1
阜南县环境保护局,阜南县国土资源局,1
阜合园区管委会,阜阳合肥现代产业园区管理委员会,1
阜阳市临泉县生态环境分局,临泉县商务粮食局,1
阜阳市临泉县生态环境分局,临泉县经济和信息化局,1
阜阳市临泉县生态环境分局,安徽临泉经济开发区管理委员会,1
阜阳市临泉县生态环境分局,泉县生态环境分局,1
阜阳市人民政府,太和县国土资源局,1
阜阳市太和县生态环境分局,安徽省环境保护厅,1
阜阳市太和县生态环境分局,安徽省阜阳市太和县人民政府,1
阜阳市政务服务中心环保,阜阳市生态环境局,1
阜阳市环境保护局阜阳经济技术开发区分局,安徽阜阳经济开发区管理委员会,1
阜阳市生态环境局,临泉县经济和信息化局,1
阜阳市生态环境局,太和县发展和改革委员会,1
阜阳市生态环境局,太和县民政局,1
阜阳市生态环境局,安徽(淮北)新型煤化工合成材料基地生态环境分局,1
阜阳市生态环境局,安徽(淮北)新型煤化工合成材料基地生态环境分局(安徽(淮北)新型煤化工合成材料基地生态环境保护综合行政执法大队),1
阜阳市生态环境局,市政务服务中心生态环境局,1
阜阳市生态环境局,市政务服务中心生态环境局窗口,1
阜阳市生态环境局,市政务服务中心生态环境局窗口处,1
阜阳市生态环境局,泉县生态环境分局,1
阜阳市生态环境局,源和规划局,1
阜阳市生态环境局,生态环境分局,1
阜阳市生态环境局,界首市环境保护局,1
阜阳市生态环境局,阜南县工业和信息化局,1
阜阳市生态环境局,阜南县经济和信息化局,1
阜阳市生态环境局,阜阳市民中心二楼生态环境局,1
阜阳市生态环境局,阜阳市气象局(阜阳市防雷减灾局),1
阜阳市生态环境局,阜阳市颍州西湖风景名胜区管理委员会,1
阜阳市生态环境局,阜阳经济技术开发区应急管理和生态环境局,1
阜阳市生态环境局,阜阳经济技术开发区经贸发展局,1
阜阳市生态环境局,阳市生态环境局,1
阜阳市生态环境局,颍上县政务服务中心环保局,1
阜阳市生态环境局,颍上县政务服务中心生态环境分局,1
阜阳市生态环境局,马鞍山市和县生态环境分局,1
阜阳市生态环境局(阜阳经济开发区生态环境所),安徽阜阳经济开发区管理委员会,1
阜阳市生态环境局(阜阳经济开发区生态环境所),阜阳市临泉县生态环境分局,1
阜阳市界首市生态环境分局,界首市行政审批局,1
阜阳市界首市生态环境分局,行政审批局二楼生态环境分局,1
阜阳市界首市生态环境分局,阜阳市太和县生态环境分局,1
阜阳市阜南县生态环境分局,南京市生态环境局,1
阜阳市阜南县生态环境分局,唐山市生态环境局,1
阜阳市阜南县生态环境分局,娄底市生态环境局双峰分局,1
阜阳市阜南县生态环境分局,资阳市生态环境局高新区分局,1
阜阳市阜南县生态环境分局,黄冈市生态环境局武穴市分局,1
阜阳市颍上县生态环境分局,县政务服务中心生态环境分局,1
阜阳市颍上县生态环境分局,市政务服务中心生态环境局窗口,1
阜阳市颍上县生态环境分局,市政务服务中心生态环境局窗口处,1
阜阳市颍上县生态环境分局,蚌埠市生态环境局,1
阜阳市颍上县生态环境分局,阜阳市自然资源和规划局,1
阜阳市颍上县生态环境分局,颍上县教育局,1
阜阳市颍东区生态环境分局,安徽(淮北)新型煤化工合成材料基地生态环境分局,1
阜阳市颍东区生态环境分局,安徽(淮北)新型煤化工合成材料基地生态环境分局(安徽(淮北)新型煤化工合成材料基地生态环境保护综合行政执法大队),1
阜阳市颍东区生态环境分局,阜阳市颍东区政务服务大厅生态环境分局,1
阜阳市颍东区生态环境分局,阜阳市颍州区生态环境分局,1
阜阳市颍州区生态环境分局,阜阳市颍东区生态环境分局,1
阜阳市颍州区生态环境分局,阜阳市颍州区环境保护局,1
阜阳市颍泉区环境保护,阜阳市生态局,1
阜阳市颍泉区环境保护,阜阳市颍泉区生态环境分局,1
阜阳市颍泉区生态环境分局,六安市霍邱县生态环境分局,1
阜阳市颍泉区生态环境分局,阜阳市自然资源和规划局颍泉分局,1
阜阳市颍泉区生态环境分局,阳市颍泉区生态环境分局,1
阳市生态环境局,太和县国土资源局,1
集中区生态环境局,池州市生态环境局,1
霍邱县住房和城乡建设局,六安市生态环境局,1
霍邱县住房和城乡建设局,六安市霍邱县生态环境分局,1
青阳县地方公路管理局,池州市生态环境局,1
青阳县地方公路管理局,青阳县环保局,1
青阳县地方公路管理局,青阳环境保护局,1
青阳县教育体育局,池州市青阳县生态环境分局,1
青阳县教育局,池州市生态环境局,1
青阳环境保护局,青阳县环境环保局,1
青龙湾环保分局,宣城市宁国市生态环境分局,1
鞍山经济技术开发区经贸发展局,马鞍山市生态环境局,1
颍上县城乡规划管理中心,颍上县政务服务中心环保局,1
颍上县政务服务中心环保局,阳市颍上县生态环境分局,1
颍东区政务服务大厅生态环境分局,阜阳市颍东区生态环境分局,1
马鞍山市博望区生态环境分局,望区生态环境分局,1
马鞍山市博望区生态环境分局,马鞍山市博望区农业农村水利局(马鞍山市博望区乡村振兴局),1
马鞍山市博望区生态环境分局,马鞍山市博望区科技经济信息化局,1
马鞍山市含山县生态环境分局,县生态环境分局办公室,1
马鞍山市和县生态环境分局,和县重点工程建设管理中心,1
马鞍山市和县生态环境分局,安徽和县经济开发区管理委员会,1
马鞍山市民政局,马鞍山市生态环境局,1
马鞍山市生态环境局,上海市生态环境局,1
马鞍山市生态环境局,含山县教育局,1
马鞍山市生态环境局,和县城管局,1
马鞍山市生态环境局,国网安徽省电力有限公司马鞍山供电公司,1
马鞍山市生态环境局,安徽省生态环境厅,1
马鞍山市生态环境局,山县生态环境分局,1
马鞍山市生态环境局,市生态环境局,1
马鞍山市生态环境局,当涂县住房和城乡建设局,1
马鞍山市生态环境局,当涂县水利局,1
马鞍山市生态环境局,慈湖高新区环保局,1
马鞍山市生态环境局,郑蒲港新区安全生产和生态环境局,1
马鞍山市生态环境局,鞍山市生态环境局,1
马鞍山市生态环境局,马鞍山巿生态环境局,1
马鞍山市生态环境局,马鞍山市公安局,1
马鞍山市生态环境局,马鞍山市公路管理服务中心,1
马鞍山市生态环境局,马鞍山市博望区科技经济信息化局,1
马鞍山市生态环境局,马鞍山市发展和改革委员会,1
马鞍山市生态环境局,马鞍山市当涂县环保局,1
马鞍山市生态环境局,马鞍山慈湖高新区生态环境分局,1
马鞍山市经开区生态环境分局,马鞍山市生态环境局,1
马鞍山市花山区环境保护局,马鞍山市生态环境局,1
马鞍山市花山区生态环境分局,马鞍山市花山区环境保护局,1
马鞍山经济技术开发区生态环境分局,经开区生态环境分局,1
马鞍山经济技术开发区生态环境分局,马鞍山经济技术开发区,1
驻合肥市政务服务管理局生态环境窗口,合肥市巢湖市生态环境分局,1
驻合肥市政务服务管理局生态环境窗口,合肥市新站高新技术产业开发区生态环境分局,1
驻合肥市政务服务管理局生态环境窗口,安徽省巢湖管理局,1
驻市民服务中心生态环境窗口,安徽省芜湖市鸠江区人民政府,1
高新区环保分局,合肥市高新技术产业开发区生态环境分局,1
高新区生态环境分局,合肥市高新技术产业开发区生态环境分局,1
高新区生态环境分局,高新区生态环境保护综合行政执法大队,1
高新区生态环境局,高新区环保局,1
黄山市屯溪区生态环境分局,黄山市屯溪区水利局,1
黄山市屯溪区生态环境分局,黄山市生态环境局,1
黄山市徽州区生态环境分局,黄山市生态环境局,1
黄山市歙县生态环境分局,歙县生态环境部门,1
黄山市环境保护局,休宁县交通运输局,1
黄山市环境保护局,黄山市自然资源和规划局徽州分局,1
黄山市生态环境局,安徽黄山太平经济开发区管理委员会,1
黄山市生态环境局,山市生态环境局,1
黄山市生态环境局,海城区安监环保局,1
黄山市生态环境局,黄山区自然资源和规划局,1
黄山市生态环境局,黄山市屯溪区水利局,1
黄山市生态环境局,黄山市水利局,1
黄山市生态环境局,黄山市自然资源和规划局徽州分局,1
黄山市祁门县生态环境分局,山市祁门县生态环境分局,1
黄山市黄山区生态环境分局,山区生态环境分局,1
黄山市黄山区生态环境分局,淮河流域水资源保护局,1
黄山市黟县生态环境分局,黄山市环境保护局,1
黄山市黟县生态环境分局,黄山市生态环境局黟县分局,1
黄山市黟县生态环境分局,黟县环境保护局,1
