entry_id,entry_url,domain,cities,unit_count,entry_category,entry_path,filter_rule,title_bracket_meaning,verify_status,verify_date
3200-E003,https://bigdata.wuxi.gov.cn/gggs/jsxmhpspgszl/,bigdata.wuxi.gov.cn,无锡市,23,,首页 > 公告公示 > 建设项目环评审批公示专栏 > 受理公示 / 审批结果公示,,,访问受限,2026-09-17
3200-E013,https://sthj.zhenjiang.gov.cn/sthj/slqkgs/xxgk_list.shtml,sthj.zhenjiang.gov.cn,镇江市,16,,首页 > 政务公开 > 法定主动公开内容 > 建设项目 > 受理情况公示 / 拟批准公示,,,已核实,2026-09-16
3200-E016,https://sthj.xz.gov.cn/govxxgk/,sthj.xz.gov.cn,徐州市,13,,首页 > 政府信息公开（govxxgk）,,,访问受限,2026-09-17
3200-E017,http://hbj.lyg.gov.cn/slgs/slgs.html,hbj.lyg.gov.cn,连云港市,13,,首页 > 受理公示 / 建设项目审批,,,已核实,2026-09-16
3200-E018,https://jsychb.yancheng.gov.cn/col/col17848/index.html,jsychb.yancheng.gov.cn,盐城市,13,,首页 > 建设项目环评 > 受理情况,,,已核实,2026-09-17
3200-E021,https://sthjj.huaian.gov.cn/col/13403_336214/index.html,sthjj.huaian.gov.cn,淮安市,11,,首页 > 信息公开（受理公示、拟批准公告、审批决定都在该局信息公开条目里）,,,已核实,2026-09-17
3200-E023,https://shuju.nantong.gov.cn/ntsxzspj/sphjgs/sphjgs.html,shuju.nantong.gov.cn,南通市,10,,首页 > 行政审批件 > 审批环节公示,,,已核实,2026-09-16
3200-E024,https://www.cznd.gov.cn/class/FDCBILKO,www.cznd.gov.cn,常州市,9,,常州高新区管委会（新北区人民政府）门户 > 部门公告 / 环境影响评价,,,已核实,2026-09-16
3200-E025,https://sthjj.suzhou.gov.cn/szhbj/jsslgs/bjgs_list.shtml,sthjj.suzhou.gov.cn,苏州市,9,,首页 > 建设项目环评公示 > 受理公示 / 拟审批公示 / 批准项目公告,,,已核实,2026-09-16
3200-E026,https://sthj.yangzhou.gov.cn/zfxxgk/fdzdgk/ywgz/hpsp/,sthj.yangzhou.gov.cn,扬州市,9,,首页 > 政府信息公开 > 法定主动公开 > 业务工作 > 环评审批,,,已核实,2026-09-16
3200-E027,http://www.szwz.gov.cn/szwz/jshp/,www.szwz.gov.cn,苏州市,8,,首页 > 建设项目环评（jshp）,,,已核实,2026-09-16
3200-E028,https://sthjj.changzhou.gov.cn/class/ALFJELKI,sthjj.changzhou.gov.cn,常州市,6,,首页 > 建设项目环境影响评价审批,,,已核实,2026-09-16
3200-E029,https://www.cmc.gov.cn/xwzx/spgg/,www.cmc.gov.cn,泰州市,6,,泰州医药高新区管委会（高港区人民政府）门户 > 新闻中心 > 审批公告,,,已核实,2026-09-16
3200-E030,https://sthj.suqian.gov.cn/shbj/jsxm/xxgk_list.shtml,sthj.suqian.gov.cn,宿迁市,6,,首页 > 政府信息公开 > 建设项目,,,已核实,2026-09-16
3200-E031,https://kfq.suqian.gov.cn/sjjkfq/hjbh/,kfq.suqian.gov.cn,宿迁市,6,,宿迁经开区门户 > 环境保护,,,未核实,2026-09-16
3200-E032,https://hadz.huaian.gov.cn/col/11497_521282/index.html,hadz.huaian.gov.cn,淮安市,5,,淮安经济技术开发区管委会门户 > 信息公开,,,未核实,2026-09-17
3200-E033,https://hbj.taizhou.gov.cn/ztzl/jsxm/xmslgs/index.html,hbj.taizhou.gov.cn,泰州市,5,,首页 > 专题专栏 > 建设项目 > 项目受理公示 / 项目拟审批公示 / 项目审批公示,,,已核实,2026-09-16
3200-E034,https://jkq.changzhou.gov.cn/class/HCKQQKFM,jkq.changzhou.gov.cn,常州市,4,,常州经开区门户 > 站内公示公告,,,已核实,2026-09-17
3200-E035,https://www.zjg.gov.cn/zjg/jsxmv/zdlylist.shtml,www.zjg.gov.cn,苏州市,4,,首页 > 建设项目环评,,,已核实,2026-09-16
3200-E036,https://www.rudong.gov.cn/gggs/gggs.html,www.rudong.gov.cn,南通市,3,,首页 > 公告公示,,,已核实,2026-09-16
3200-E037,https://www.haimen.gov.cn/hmsrmzf/slgs/slgs.html,www.haimen.gov.cn,南通市,3,,首页 > 受理公示（slgs）；另有政务服务中心“办理项目公示”（hmszwfwzx/blxmgs）,,,已核实,2026-09-16
3200-E038,https://hipac.huaian.gov.cn/,hipac.huaian.gov.cn,淮安市,3,,江苏淮安工业园区管委会门户 > 信息公开,,,未核实,2026-09-16
3200-E040,https://www.jiangyin.gov.cn/,www.jiangyin.gov.cn,无锡市,2,,江阴市政府门户 > 站内搜索“临港经济开发区管理委员会受理”,,,未核实,2026-09-17
3200-E041,https://www.jintan.gov.cn/class/JFKIQAOB,www.jintan.gov.cn,常州市,2,,金坛区政府门户 > 生态环境局,,,已核实,2026-09-17
3200-E042,https://www.ks.gov.cn/kss/gsgg/,www.ks.gov.cn,苏州市,2,,首页 > 公示公告（gsgg）,,,已核实,2026-09-16
3200-E043,https://www.taicang.gov.cn/taicang/gsgg/,www.taicang.gov.cn,苏州市,2,,首页 > 公示公告（gsgg）,,,已核实,2026-09-16
3200-E044,https://www.rugao.gov.cn/rgszxzspj/gggs/,www.rugao.gov.cn,南通市,2,,首页 > 数据局 > 公告公示,,,已核实,2026-09-16
3200-E045,http://www.tongzhou.gov.cn/tzqxzspj/spgs/spgs.html,www.tongzhou.gov.cn,南通市,2,,首页 > 数据局 > 审批公示,,,已核实,2026-09-16
3200-E046,http://www.zghaq.gov.cn/col/904_568817/index.html,www.zghaq.gov.cn,淮安市,2,,淮安区政府门户 > 信息公开,,,已核实,2026-09-17
3200-E047,https://kfq.yangzhou.gov.cn/gk/spgg/ahlgg/,kfq.yangzhou.gov.cn,扬州市,2,,扬州经开区门户 > 公开 > 审批公告,,,未核实,2026-09-16
3200-E048,http://www.danyang.gov.cn/dysthj/zcjd/dyxxgkpt_list.shtml,www.danyang.gov.cn,镇江市,2,,丹阳市政府门户 > 镇江市丹阳生态环境局 > 公示专栏,,,未核实,2026-09-16
3200-E049,https://www.taixing.gov.cn/zwgk/bmxxgk/sthjj/xmgs/index.html,www.taixing.gov.cn,泰州市,2,,泰兴市政府门户 > 政务公开 > 部门信息公开 > 生态环境局 > 项目公示,,,已核实,2026-09-16
3200-E050,https://www.xinghua.gov.cn/fdzdgknr/zdly/hjbh/hpxmgs/,www.xinghua.gov.cn,泰州市,2,,兴化市政府门户 > 法定主动公开内容 > 重点领域 > 环境保护 > 环评项目公示,,,已核实,2026-09-16
3200-E051,https://www.jingjiang.gov.cn/xxgk/zdlyxxgk/sthj/xmspgs/index.html,www.jingjiang.gov.cn,泰州市,2,,靖江市政府门户 > 信息公开 > 重点领域信息公开 > 生态环境 > 项目审批公示,,,已核实,2026-09-16
3200-E052,http://www.sihong.gov.cn/sihong/hjspgs/,www.sihong.gov.cn,宿迁市,2,,泗洪县政府门户 > 环境审批公示,,,访问受限,2026-09-17
3200-E053,https://www.mee.gov.cn/ywgz/hjyxpj/jsxmhjyxpj/xmslqk/,www.mee.gov.cn,—,1,,首页 > 业务工作 > 环境影响评价 > 建设项目环境影响评价 > 项目受理情况 / 已批准项目公告,,,已核实,2026-09-16
3200-E054,https://sthjt.jiangsu.gov.cn/col/col83551/index.html,sthjt.jiangsu.gov.cn,—,1,,首页 > 政务公开 > 行政审批（col83551）；辐射类另见 col83571,,,未核实,2026-09-16
3200-E055,https://sthjt.ah.gov.cn/public/column/21691?type=4&catId=32709971&action=list,sthjt.ah.gov.cn,—,1,,首页 > 信息公开 > 行政权力运行 > 行政许可 > 建设项目环评审批,,,已核实,2026-09-21
3200-E056,https://sthjj.nanjing.gov.cn/ztzl/xzxkhxzzfxxgs/sjxzxkhzfxx/xmhpslqk_68817/,sthjj.nanjing.gov.cn,南京市,1,,首页 > 行政许可和行政执法信息公示 > 市级信息 > 项目环评受理信息 / 项目环评审查信息 / 项目环评审批信息,,,已核实,2026-09-16
3200-E057,https://sthjj.nanjing.gov.cn/ztzl/xzxkhxzzfxxgs/pcjxxgk/jn/xmhpslqk_68860/,sthjj.nanjing.gov.cn,南京市,1,,首页 > 行政许可和行政执法信息公示 > 江宁 > 环境影响评价（受理/审查/审批三个子栏目）,,,已核实,2026-09-16
3200-E058,https://sthjj.nanjing.gov.cn/ztzl/xzxkhxzzfxxgs/pcjxxgk/ls/xmhpslqk_68878/,sthjj.nanjing.gov.cn,南京市,1,,首页 > 行政许可和行政执法信息公示 > 溧水 > 环境影响评价（受理/审查/审批三个子栏目）,,,已核实,2026-09-16
3200-E059,https://sthjj.nanjing.gov.cn/ztzl/xzxkhxzzfxxgs/pcjxxgk/gc/xmhpslqk_68884/,sthjj.nanjing.gov.cn,南京市,1,,首页 > 行政许可和行政执法信息公示 > 高淳 > 环境影响评价（受理/审查/审批三个子栏目）,,,已核实,2026-09-16
3200-E060,https://sthjj.nanjing.gov.cn/ztzl/xzxkhxzzfxxgs/pcjxxgk/lh/xmhpslqk_68872/,sthjj.nanjing.gov.cn,南京市,1,,首页 > 行政许可和行政执法信息公示 > 六合 > 环境影响评价（受理/审查/审批三个子栏目）,,,已核实,2026-09-16
3200-E061,https://sthjj.nanjing.gov.cn/ztzl/xzxkhxzzfxxgs/pcjxxgk/qx/xmhpslqk_68848/,sthjj.nanjing.gov.cn,南京市,1,,首页 > 行政许可和行政执法信息公示 > 栖霞 > 环境影响评价（受理/审查/审批三个子栏目）,,,已核实,2026-09-16
3200-E062,https://sthjj.nanjing.gov.cn/ztzl/xzxkhxzzfxxgs/pcjxxgk/yht/xmhpslqk_68854/,sthjj.nanjing.gov.cn,南京市,1,,首页 > 行政许可和行政执法信息公示 > 雨花台 > 环境影响评价（受理/审查/审批三个子栏目）,,,已核实,2026-09-16
3200-E063,https://sthjj.nanjing.gov.cn/ztzl/xzxkhxzzfxxgs/pcjxxgk/qh/xmhpslqk_68830/,sthjj.nanjing.gov.cn,南京市,1,,首页 > 行政许可和行政执法信息公示 > 秦淮 > 环境影响评价（受理/审查/审批三个子栏目）,,,已核实,2026-09-16
3200-E064,https://sthjj.nanjing.gov.cn/ztzl/xzxkhxzzfxxgs/pcjxxgk/xw/xmhpslqk_68824/,sthjj.nanjing.gov.cn,南京市,1,,首页 > 行政许可和行政执法信息公示 > 玄武 > 环境影响评价（受理/审查/审批三个子栏目）,,,已核实,2026-09-16
3200-E065,https://sthjj.nanjing.gov.cn/ztzl/xzxkhxzzfxxgs/pcjxxgk/gl/xmhpslqk_68842/,sthjj.nanjing.gov.cn,南京市,1,,首页 > 行政许可和行政执法信息公示 > 鼓楼 > 环境影响评价（受理/审查/审批三个子栏目）,,,已核实,2026-09-16
3200-E066,https://sthjj.nanjing.gov.cn/ztzl/xzxkhxzzfxxgs/pcjxxgk/jy/xmhpslqk_68836/,sthjj.nanjing.gov.cn,南京市,1,,首页 > 行政许可和行政执法信息公示 > 建邺 > 环境影响评价（受理/审查/审批三个子栏目）,,,已核实,2026-09-16
3200-E067,https://sthjj.nanjing.gov.cn/ztzl/xzxkhxzzfxxgs/xzxkhzfxxhz/xmhpslqk_68811/,sthjj.nanjing.gov.cn,南京市,1,,首页 > 行政许可和行政执法信息公示 > 汇总栏目（全市各区合并，标题以“（浦口）”区分）,,,已核实,2026-09-16
3200-E068,https://njna.nanjing.gov.cn/njsjbxqglwyh/,njna.nanjing.gov.cn,南京市,1,,首页 > 南京江北新区管理委员会 > 公示公告栏目（njsjbxqglwyh）,,,未核实,2026-09-17
3200-E069,https://www.jiangning.gov.cn/,www.jiangning.gov.cn,南京市,1,,首页 > 站内搜索“江宁开发区政务服务中心 环评”（未找到独立专栏页）,,,未核实,2026-09-16
3200-E070,https://www.njqxq.gov.cn/qxzx/ztzl/hpgs/,www.njqxq.gov.cn,南京市,1,,首页 > 专题专栏 > 环评公示,,,已核实,2026-09-16
3200-E071,https://www.yixing.gov.cn/,www.yixing.gov.cn,无锡市,1,,宜兴市政府门户,,,未核实,2026-09-16
3200-E072,https://www.liyang.gov.cn/class/KDHIAILJ,www.liyang.gov.cn,常州市,1,,溧阳市政府门户 > 常州市溧阳生态环境局,,,已核实,2026-09-16
3200-E073,https://www.zhonglou.gov.cn/class/OJJHLHQE,www.zhonglou.gov.cn,常州市,1,,钟楼区政府门户 > 生态环境局,,,已核实,2026-09-16
3200-E074,http://www.snd.gov.cn/hqqrmzf/slgs/,www.snd.gov.cn,苏州市,1,,首页 > 受理公示（slgs）,,,已核实,2026-09-16
3200-E075,https://www.sipac.gov.cn/gthbj/hpgs/list2_hb.shtml,www.sipac.gov.cn,苏州市,1,,首页 > 生态环境局 > 环评受理和审批公示,,,已核实,2026-09-16
3200-E076,https://china-cnz.com/notice,china-cnz.com,苏州市,1,,首页 > 通知公告,,,已核实,2026-09-16
3200-E077,https://www.changshu-china.com/part-xinxifabu.html,www.changshu-china.com,苏州市,1,,首页 > 信息发布,,,未核实,2026-09-16
3200-E078,http://www.szxc.gov.cn/szxcrmzf/tzgg/,www.szxc.gov.cn,苏州市,1,,首页 > 通知公告（tzgg）,,,未核实,2026-09-16
3200-E079,https://sthjj.nantong.gov.cn/ntshbj/jsxmgs/jsxmgs.html,sthjj.nantong.gov.cn,南通市,1,,首页 > 项目公示,,,已核实,2026-09-16
3200-E080,https://www.netda.gov.cn/ntjjkfqrmzf/tzgg/,www.netda.gov.cn,南通市,1,,首页 > 通知公告（tzgg）,,,未核实,2026-09-16
3200-E081,https://tzw.nantong.gov.cn/tzwjhldkfsfq/hbjg/,tzw.nantong.gov.cn,南通市,1,,首页 > 环保监管（hbjg）,,,已核实,2026-09-16
3200-E082,http://www.zghy.gov.cn/col/1487_475646/index.html,www.zghy.gov.cn,淮安市,1,,淮阴区政府门户 > 信息公开 > 生态环境,,,已核实,2026-09-17
3200-E083,http://www.haqjp.gov.cn/,www.haqjp.gov.cn,淮安市,1,,清江浦区政府门户 > 信息公开,,,未核实,2026-09-16
3200-E084,https://www.jianhu.gov.cn/col/col21199/index.html,www.jianhu.gov.cn,盐城市,1,,建湖县政府门户 > 信息公开 > 生态环境,,,已核实,2026-09-17
3200-E085,https://www.dafeng.gov.cn/col/col25839/index.html,www.dafeng.gov.cn,盐城市,1,,大丰区政府门户 > 信息公开 > 生态环境,,,已核实,2026-09-17
3200-E086,https://www.yizheng.gov.cn/zfxxgk/yqxzbmxxgkml/zfbm/sthjj/fdzdgknr/ywgz/hpgs/index.html,www.yizheng.gov.cn,扬州市,1,,仪征市政府门户 > 政府信息公开 > 政府部门 > 市生态环境局 > 环评公示,,,已核实,2026-09-17
3200-E087,https://baoying.yangzhou.gov.cn/zfxxgk/xjbmxxgk/byxsthjj/fdgkzdnr/xmgl/slgs/index.html,baoying.yangzhou.gov.cn,扬州市,1,,宝应县政府门户 > 政府信息公开 > 县级部门信息公开 > 宝应生态环境局 > 公示公告,,,已核实,2026-09-17
3200-E088,https://gaoyou.yangzhou.gov.cn/zwgk/bmxxgk/sthjj/,gaoyou.yangzhou.gov.cn,扬州市,1,,高邮市政府门户 > 政务公开 > 部门信息公开 > 生态环境局,,,未核实,2026-09-16
3200-E089,https://www.jurong.gov.cn/jrshbj/,www.jurong.gov.cn,镇江市,1,,句容市政府门户 > 句容生态环境局 > 信息公开,,,未核实,2026-09-16
3200-E090,https://www.jiangyan.gov.cn/zfxxgk/fdzdgknr/sthj/index.html,www.jiangyan.gov.cn,泰州市,1,,姜堰区政府门户 > 政府信息公开 > 法定主动公开内容 > 生态环境,,,已核实,2026-09-16
