city,area,role,unit,record_count,merge_into,merge_into_count,confirmed
丽水市,莲都,生态环境,浙江省丽水市莲都区环保分局,8,丽水市生态环境局莲都分局,642,
台州市,三门,其他部门,三门县公安局,1,三门县发展和改革局,4,
台州市,市本级,其他部门,台州电业局,1,台州市国土资源局,2,
台州市,温岭,其他部门,温岭市国土资源局,1,温岭市发展和改革局,11,
台州市,温岭,其他部门,温岭市气象局,1,温岭市发展和改革局,11,
台州市,路桥,生态环境,路桥区生态环境分局,182,台州市生态环境局路桥分局,772,
台州市,路桥,生态环境,浙江省台州市路桥区环保分局,20,台州市生态环境局路桥分局,772,
嘉兴市,市本级,其他部门,嘉兴市民政局,1,嘉兴市国土资源局,1,
嘉兴市,海宁,生态环境,嘉兴市生态环境海宁分局,1,嘉兴市生态环境局海宁分局,2016,
宁波市,北仑,其他部门,宁波市公安局北仑分局,2,北仑区建筑工务局,4,
宁波市,北仑,其他部门,宁波市北仑区教育局,2,北仑区建筑工务局,4,
宁波市,北仑,其他部门,宁波市北仑区水利局,2,北仑区建筑工务局,4,
宁波市,北仑,生态环境,浙江省宁波市北仑区生态环境北仑分局,486,宁波市生态环境局北仑分局,1693,
宁波市,市本级,生态环境,宁波市环境监察支队,6,宁波市生态环境局,2379,
宁波市,慈溪,生态环境,慈溪市环保分局,3,宁波市生态环境局慈溪分局,3640,
杭州市,富阳,其他部门,杭州市规划和自然资源局富阳分局,1,杭州市富阳区经济和信息化局,2,
杭州市,富阳,生态环境,生态环境富阳分局,1,杭州市生态环境局富阳分局,266,
杭州市,市本级,生态环境,杭州市生态环境保护行政执法队,5,杭州市生态环境局,4037,
杭州市,市本级,生态环境,浙江省杭州市生态环境分局,1,杭州市生态环境局,4037,
杭州市,本级高新区,生态环境,杭州市环保局高新区环保分局,34,杭州市高新区(滨江)环保分局,72,
杭州市,滨江,生态环境,杭州市滨江区江南大道87号环保分局,1,杭州市生态环境局滨江分局,1908,
杭州市,萧山,其他部门,萧山区办事中心,1,杭州市萧山区经济和信息化局,1,
杭州市,萧山,生态环境,浙江生态环境萧山分局,95,杭州市生态环境局萧山分局,2841,
杭州市,钱塘,其他部门,杭州市钱塘区产城融合建设发展中心,1,杭州市规划和自然资源局钱塘分局,1,
杭州市,钱塘新区,生态环境,杭州市钱塘新区生态环境分局,2,杭州市生态环境局钱塘新区分局,181,
温州市,市本级,其他部门,温州市公安局,1,温州市交通质量监督局,1,
温州市,市本级,其他部门,温州市自然资源和规划局,1,温州市交通质量监督局,1,
温州市,市本级,生态环境,温州海经区经信生态局,57,温州市生态环境局,7766,
温州市,平阳,其他部门,平阳县体育中心,1,平阳县卫生健康局,7,
温州市,平阳,其他部门,平阳县海洋与渔业局,1,平阳县卫生健康局,7,
温州市,本级开发区,生态环境,温州经济技术开发区分局,1,温州经济技术开发区交通市政环保局,76,
温州市,永嘉,生态环境,永嘉县环保保护局,1,温州市生态环境局永嘉分局,1898,
温州市,泰顺,其他部门,泰顺县水利局,1,泰顺县民政局,1,
温州市,洞头,生态环境,洞头区生态环境洞头分局,51,温州市生态环境局洞头分局,175,
温州市,洞头,生态环境,市生态环境洞头分局,2,温州市生态环境局洞头分局,175,
温州市,瑞安,其他部门,瑞安市交通运输局,2,瑞安市发展和改革局,3,
温州市,瑞安,其他部门,瑞安市住房和城乡建设局,2,瑞安市发展和改革局,3,
温州市,瑞安,其他部门,瑞安市人民法院,1,瑞安市发展和改革局,3,
温州市,瑞安,其他部门,瑞安市商务局(瑞安市粮食和物资储备局),1,瑞安市发展和改革局,3,
温州市,瑞安,其他部门,瑞安市文化广电新闻出版局,1,瑞安市发展和改革局,3,
湖州市,南太湖新区,生态环境,南太湖新区分局,61,湖州市生态环境局南太湖新区分局,112,
湖州市,南太湖新区,生态环境,南太湖新区生态环境分局,2,湖州市生态环境局南太湖新区分局,112,
湖州市,吴兴,生态环境,吴兴区环保分局,7,湖州市生态环境局吴兴分局,379,
湖州市,市本级,其他部门,湖州市司法局(湖州市行政复议局),2,湖州市人民政府,2,
湖州市,市本级,其他部门,湖州市体育局,1,湖州市人民政府,2,
湖州市,市本级,其他部门,湖州市救助管理站,1,湖州市人民政府,2,
湖州市,市本级,其他部门,湖州市教育局,1,湖州市人民政府,2,
湖州市,市本级,其他部门,湖州市财政局,1,湖州市人民政府,2,
绍兴市,湾上虞开发区,生态环境,杭州湾上虞经济技术开发区生态环境执法中队,2,杭州湾上虞经济技术开发区生态环境分局,15,
衢州市,开化,生态环境,衢州市生态环境开化分局,15,衢州市生态环境局开化分局,95,
衢州市,柯城,生态环境,衢州市柯城区生态环境分局,1,衢州市生态环境局柯城分局,223,
金华市,东阳,其他部门,东阳市住房和城乡建设局(东阳市建筑业管理局),2,东阳市水务局,4,
金华市,东阳,其他部门,东阳市卫生健康局,1,东阳市水务局,4,
金华市,东阳,其他部门,东阳市自然资源和规划局,1,东阳市水务局,4,
金华市,东阳,生态环境,东阳江流域环保分局,24,金华市生态环境局东阳分局,1877,
金华市,义乌,其他部门,义乌市水务局,1,义乌市气象局,9,
金华市,婺城,生态环境,婺城环保分局,25,金华市生态环境局婺城分局,513,
金华市,本级开发区,生态环境,金华经济技术开发区环保分局,162,金华市生态环境局金华经济技术开发区分局,202,
金华市,本级开发区,生态环境,金华经济开发区环保分局,6,金华市生态环境局金华经济技术开发区分局,202,
金华市,金东,生态环境,金东环保分局,5,金华市生态环境局金东分局,372,
