zone_id,city_code,city,source_label,kind,zone_name,zone_short,zone_level,unit_count,record_count,sample_unit,admin_relation,zone_admin_code,district_short,confirmed,merge_group,portal_url,evidence
330100-Z01,330100,杭州市,余杭开发区,开发区,,,,1,1,浙江省余杭经济开发区管理委员会,,,,否,,,
330100-Z02,330100,杭州市,常州国家高新区,高新区,,,,1,15,常州高新区（新北区）数据局,,,,否,,,疑似外省单位被标到本省（名称里的开发区不在本省）
330100-Z03,330100,杭州市,技术开发区,开发区,,,,1,8,技术开发区环境保护局,,,,否,,,
330100-Z04,330100,杭州市,日照开发区,开发区,,,,1,1,日照经济技术开发区行政审批服务局,,,,否,,,疑似外省单位被标到本省（名称里的开发区不在本省）
330100-Z05,330100,杭州市,本级开发区,开发区,,,,1,2161,杭州经济技术开发区环境保护局,,,,否,,,
330100-Z06,330100,杭州市,本级高新区,高新区,,,,2,106,杭州市高新区(滨江)环保分局,,,,否,,,
330100-Z07,330100,杭州市,湾上虞开发区,开发区,,,,1,1,杭州市生态环境局杭州湾上虞经济技术开发区环保分局,,,,否,,,
330100-Z08,330100,杭州市,萧山开发区,开发区,,,,1,7,萧山经济技术开发区管理委员会,,,,否,,,
330100-Z09,330100,杭州市,钱塘新区,新区,,,,2,183,杭州市生态环境局钱塘新区分局,,,,否,,,
330200-Z01,330200,宁波市,前湾新区,新区,,,,1,436,宁波前湾新区生态环境局,,,,否,,,
330200-Z02,330200,宁波市,南京江北新区,新区,,,,1,1,南京江北新区行政审批局,,,,否,,,疑似外省单位被标到本省（名称里的开发区不在本省）
330200-Z03,330200,宁波市,国家高新区,高新区,,,,2,105,宁波国家高新区建设管理局,,,,否,,,
330200-Z04,330200,宁波市,大榭开发区,开发区,,,,1,1,大榭开发区生态环境局,,,,否,,,
330200-Z05,330200,宁波市,宁海新区,新区,,,,1,2,杭州湾新区环境保护局,,,,否,,,
330200-Z06,330200,宁波市,慈溪新区,新区,,,,1,213,宁波杭州湾新区环境保护局,,,,否,,,
330200-Z07,330200,宁波市,本级保税区,保税区,,,,1,54,宁波保税区生态环境局,,,,否,,,
330200-Z08,330200,宁波市,本级高新区,高新区,,,,2,108,宁波高新区建设和交通管理局(生态环境局),,,,否,,,
330300-Z01,330300,温州市,乐清开发区,开发区,,,,1,1,乐清经济开发区管理委员会,,,,否,,,
330300-Z02,330300,温州市,本级开发区,开发区,,,,3,83,温州经济技术开发区交通市政环保局,,,,否,,,
330300-Z03,330300,温州市,济技术开发区,开发区,,,,1,12,温州济技术开发区市政环保局,,,,否,,,
330300-Z04,330300,温州市,瑞安开发区,开发区,,,,1,1,瑞安经济开发区规划建设局,,,,否,,,
330300-Z05,330300,温州市,瓯江口新区,新区,,,,1,5,温州市环保局瓯江口新区分局,,,,否,,,
330400-Z01,330400,嘉兴市,乍浦开发区,开发区,,,,1,19,嘉兴市生态环境局浙江乍浦经济开发区分局,,,,否,,,
330400-Z02,330400,嘉兴市,南湖港区,港区,,,,1,1,东港区行政审批服务局,,,,否,,,疑似外省单位被标到本省（名称里的开发区不在本省）
330400-Z03,330400,嘉兴市,尖山新区,新区,,,,1,2,海宁市环境保护局黄湾(尖山新区)分局,,,,否,,,
330400-Z04,330400,嘉兴市,海宁开发区,开发区,,,,1,1,经济开发区(海昌街道)环保分局,,,,否,,,
330500-Z01,330500,湖州市,南太湖新区,新区,,,,3,175,湖州市生态环境局南太湖新区分局,,,,否,,,
330500-Z02,330500,湖州市,广州开发区,开发区,,,,1,1,广州开发区环境保护局,,,,否,,,疑似外省单位被标到本省（名称里的开发区不在本省）
330500-Z03,330500,湖州市,本级开发区,开发区,,,,1,24,湖州市开发区环保局,,,,否,,,
330600-Z01,330600,绍兴市,本级高新区,高新区,,,,1,64,绍兴市环保局高新区分局,,,,否,,,
330600-Z02,330600,绍兴市,湾上虞开发区,开发区,,,,2,17,杭州湾上虞经济技术开发区生态环境分局,,,,否,,,
330600-Z03,330600,绍兴市,滨海新区,新区,,,,2,91,绍兴滨海新区管理委员会,,,,否,,,
330600-Z04,330600,绍兴市,袍江开发区,开发区,,,,1,185,绍兴市环保局袍江开发区分局,,,,否,,,
330600-Z05,330600,绍兴市,赣江新区,新区,,,,1,1,赣江新区临空组团管理委员会,,,,否,,,疑似外省单位被标到本省（名称里的开发区不在本省）
330600-Z06,330600,绍兴市,越城高新区,高新区,,,,1,53,绍兴市环境保护局越城区(高新区)分局,,,,否,,,
330700-Z01,330700,金华市,东阳开发区,开发区,,,,1,58,东阳经济开发区环保分局,,,,否,,,
330700-Z02,330700,金华市,本级开发区,开发区,,,,3,370,金华市生态环境局金华经济技术开发区分局,,,,否,,,
330700-Z03,330700,金华市,金义新区,新区,,,,1,128,金华市生态环境局金义新区(金东区)分局,,,,否,,,
330800-Z01,330800,衢州市,常山开发区,开发区,,,,1,33,常山开发区生态环境局,,,,否,,,
331000-Z01,331000,台州市,国家东中西区域示范区,示范区,,,,1,1,国家东中西区域合作示范区环境保护局,,,,否,,,疑似外省单位被标到本省（名称里的开发区不在本省）
331000-Z02,331000,台州市,本级开发区,开发区,,,,1,17,台州市生态环境局开发区分局,,,,否,,,
331000-Z03,331000,台州市,椒江新区,新区,,,,1,215,台州市生态环境局台州湾新区(高新区)分局,,,,否,,,
331100-Z01,331100,丽水市,本级开发区,开发区,,,,1,154,丽水经济技术开发区环境保护局,,,,否,,,
